{
    "format_version": "1.10.0",
    "minecraft:client_entity": {
        "description": {
            "identifier": "airdrop:chute",
            "materials": {
                "default": "entity_alphatest"
            },
            "textures": {
                "default": "textures/entity/airdrop"
            },
            "geometry": {
                "default": "geometry.airdrop"
            },
            "render_controllers": [ "controller.render.airdrop" ]
        }
    }
}