{
  "format_version": "1.10.0",
  "animation_controllers": {
    "controller.animation.tiarap": {
      "states": {
        "default": {
          "transitions": [
            {
              "tiarap": "!query.is_sneaking \u0026\u0026 query.head_x_rotation(0) \u003e\u003d 80 \u0026\u0026 query.is_riding \u003d\u003d 0.0"
            }
          ],
          "on_entry": [
            "@s off",
            "/tag @e[type\u003dff:tiarap,c\u003d1,r\u003d1] add kill"
          ]
        },
        "tiarap": {
          "on_entry": [
            "/summon ff:tiarap"
          ],
          "transitions": [
            {
              "start-tiarap": "query.is_riding"
            },
            {
              "default": "query.head_x_rotation(0) \u003c 80"
            }
          ]
        },
        "start-tiarap": {
          "on_entry": [
            "@s on"
          ],
          "transitions": [
            {
              "default": "!query.is_riding"
            }
          ]
        }
      }
    },
    "controller.animation.airdrop": {
      "states": {
        "default": {
          "transitions": [
            {
              "zooming": "(1.0)"
            }
          ],
          "on_entry": [
            "/function airdrop_loop"
          ]
        },
        "zooming": {
          "transitions": [
            {
              "default": "(1.0)"
            }
          ],
          "on_entry": [
            "/function airdrop_loop"
          ]
        }
      }
    },
    "controller.animation.bundle_money_heist": {
      "states": {
        "default": {
          "transitions": [
            {
              "walking": "(1.0)"
            }
          ],
          "on_entry": [
            "/replaceitem entity @p slot.armor.head 1 ff:money_heist",
            "/replaceitem entity @p slot.weapon.mainhand 0 air"
          ]
        },
        "walking": {
          "transitions": [
            {
              "default": "query.get_equipped_item_name\u003d\u003d\u0027money_heist\u0027 \u0026\u0026 query.is_using_item"
            }
          ],
          "on_entry": [
            "/replaceitem entity @p slot.armor.head 1 ff:money_heist",
            "/replaceitem entity @p slot.weapon.mainhand 0 air"
          ]
        }
      }
    },
    "controller.animation.bundle_top_criminal_blue": {
      "states": {
        "default": {
          "transitions": [
            {
              "walking": "(1.0)"
            }
          ],
          "on_entry": [
            "/replaceitem entity @p slot.armor.head 1 ff:bundle_top_criminal_blue",
            "/replaceitem entity @p slot.weapon.mainhand 0 air"
          ]
        },
        "walking": {
          "transitions": [
            {
              "default": "query.get_equipped_item_name\u003d\u003d\u0027bundle_top_criminal_blue\u0027 \u0026\u0026 query.is_using_item"
            }
          ],
          "on_entry": [
            "/replaceitem entity @p slot.armor.head 1 ff:bundle_top_criminal_blue",
            "/replaceitem entity @p slot.weapon.mainhand 0 air"
          ]
        }
      }
    },
    "controller.animation.bundle_top_criminal_red": {
      "states": {
        "default": {
          "transitions": [
            {
              "walking": "(1.0)"
            }
          ],
          "on_entry": [
            "/replaceitem entity @p slot.armor.head 1 ff:bundle_top_criminal_red",
            "/replaceitem entity @p slot.weapon.mainhand 0 air"
          ]
        },
        "walking": {
          "transitions": [
            {
              "default": "query.get_equipped_item_name\u003d\u003d\u0027bundle_top_criminal_red\u0027 \u0026\u0026 query.is_using_item"
            }
          ],
          "on_entry": [
            "/replaceitem entity @p slot.armor.head 1 ff:bundle_top_criminal_red",
            "/replaceitem entity @p slot.weapon.mainhand 0 air"
          ]
        }
      }
    },
    "controller.animation.bundle_top_criminal_yellow": {
      "states": {
        "default": {
          "transitions": [
            {
              "walking": "(1.0)"
            }
          ],
          "on_entry": [
            "/replaceitem entity @p slot.armor.head 1 ff:bundle_top_criminal_yellow",
            "/replaceitem entity @p slot.weapon.mainhand 0 air"
          ]
        },
        "walking": {
          "transitions": [
            {
              "default": "query.get_equipped_item_name\u003d\u003d\u0027bundle_top_criminal_yellow\u0027 \u0026\u0026 query.is_using_item"
            }
          ],
          "on_entry": [
            "/replaceitem entity @p slot.armor.head 1 ff:bundle_top_criminal_yellow",
            "/replaceitem entity @p slot.weapon.mainhand 0 air"
          ]
        }
      }
    },
    "controller.animation.bundle_top_criminal_purple": {
      "states": {
        "default": {
          "transitions": [
            {
              "walking": "(1.0)"
            }
          ],
          "on_entry": [
            "/replaceitem entity @p slot.armor.head 1 ff:bundle_top_criminal_purple",
            "/replaceitem entity @p slot.weapon.mainhand 0 air"
          ]
        },
        "walking": {
          "transitions": [
            {
              "default": "query.get_equipped_item_name\u003d\u003d\u0027bundle_top_criminal_purple\u0027 \u0026\u0026 query.is_using_item"
            }
          ],
          "on_entry": [
            "/replaceitem entity @p slot.armor.head 1 ff:bundle_top_criminal_purple",
            "/replaceitem entity @p slot.weapon.mainhand 0 air"
          ]
        }
      }
    },
    "controller.animation.bundle_top_criminal_green": {
      "states": {
        "default": {
          "transitions": [
            {
              "walking": "(1.0)"
            }
          ],
          "on_entry": [
            "/replaceitem entity @p slot.armor.head 1 ff:bundle_top_criminal_green",
            "/replaceitem entity @p slot.weapon.mainhand 0 air"
          ]
        },
        "walking": {
          "transitions": [
            {
              "default": "query.get_equipped_item_name\u003d\u003d\u0027bundle_top_criminal_green\u0027 \u0026\u0026 query.is_using_item"
            }
          ],
          "on_entry": [
            "/replaceitem entity @p slot.armor.head 1 ff:bundle_top_criminal_green",
            "/replaceitem entity @p slot.weapon.mainhand 0 air"
          ]
        }
      }
    }
  }
}