{
  "format_version": "1.10.0",
  "animation_controllers": {
    "controller.animation.ak47": {
      "initial_state": "default",
      "states": {
        "default": {
          "transitions": [
            {
              "shoot": "query.mark_variant \u003d\u003d 1 \u0026\u0026 query.get_equipped_item_name\u003d\u003d\u0027gun_ak47\u0027 \u0026\u0026 query.item_remaining_use_duration \u003e 0"
            }
          ]
        },
        "shoot": {
          "transitions": [
            {
              "default": "query.mark_variant \u003d\u003d 1 \u0026\u0026 query.get_equipped_item_name\u003d\u003d\u0027gun_ak47\u0027 \u0026\u0026 query.item_remaining_use_duration \u003e 0"
            }
          ],
          "on_entry": [
            "@s ak47:shoot",
            "/clear @s ff:gun_ak47 0 1",
            "/playsound gun.ak47"
          ]
        }
      }
    },
    "controller.animation.an94": {
      "initial_state": "default",
      "states": {
        "default": {
          "transitions": [
            {
              "shoot": "query.mark_variant \u003d\u003d 1 \u0026\u0026 query.get_equipped_item_name\u003d\u003d\u0027gun_an94\u0027 \u0026\u0026 query.item_remaining_use_duration \u003e 0"
            }
          ]
        },
        "shoot": {
          "transitions": [
            {
              "default": "query.mark_variant \u003d\u003d 1 \u0026\u0026 query.get_equipped_item_name\u003d\u003d\u0027gun_an94\u0027 \u0026\u0026 query.item_remaining_use_duration \u003e 0"
            }
          ],
          "on_entry": [
            "@s an94:shoot",
            "/clear @s ff:gun_an94 0 1",
            "/playsound gun.an94"
          ]
        }
      }
    },
    "controller.animation.awm": {
      "initial_state": "default",
      "states": {
        "default": {
          "transitions": [
            {
              "shoot": "query.mark_variant \u003d\u003d 1 \u0026\u0026 query.get_equipped_item_name\u003d\u003d\u0027gun_awm\u0027 \u0026\u0026 query.item_remaining_use_duration \u003e 0"
            }
          ]
        },
        "shoot": {
          "transitions": [
            {
              "default": "query.mark_variant \u003d\u003d 1 \u0026\u0026 query.get_equipped_item_name\u003d\u003d\u0027gun_awm\u0027 \u0026\u0026 query.item_remaining_use_duration \u003e 0"
            }
          ],
          "on_entry": [
            "@s awm:shoot",
            "/clear @s ff:gun_awm 0 1",
            "/playsound gun.awm"
          ]
        }
      }
    },
    "controller.animation.desert_eagle": {
      "initial_state": "default",
      "states": {
        "default": {
          "transitions": [
            {
              "shoot": "query.mark_variant \u003d\u003d 1 \u0026\u0026 query.get_equipped_item_name\u003d\u003d\u0027gun_desert_eagle\u0027 \u0026\u0026 query.item_remaining_use_duration \u003e 0"
            }
          ]
        },
        "shoot": {
          "transitions": [
            {
              "default": "query.mark_variant \u003d\u003d 1 \u0026\u0026 query.get_equipped_item_name\u003d\u003d\u0027gun_desert_eagle\u0027 \u0026\u0026 query.item_remaining_use_duration \u003e 0"
            }
          ],
          "on_entry": [
            "@s desert_eagle:shoot",
            "/clear @s ff:gun_desert_eagle 0 1",
            "/playsound gun.desert_eagle"
          ]
        }
      }
    },
    "controller.animation.famas": {
      "initial_state": "default",
      "states": {
        "default": {
          "transitions": [
            {
              "shoot": "query.mark_variant \u003d\u003d 1 \u0026\u0026 query.get_equipped_item_name\u003d\u003d\u0027gun_famas\u0027 \u0026\u0026 query.item_remaining_use_duration \u003e 0"
            }
          ]
        },
        "shoot": {
          "transitions": [
            {
              "default": "query.mark_variant \u003d\u003d 1 \u0026\u0026 query.get_equipped_item_name\u003d\u003d\u0027gun_famas\u0027 \u0026\u0026 query.item_remaining_use_duration \u003e 0"
            }
          ],
          "on_entry": [
            "@s famas:shoot",
            "/clear @s ff:gun_famas 0 1",
            "/playsound gun.famas"
          ]
        }
      }
    },
    "controller.animation.g18": {
      "initial_state": "default",
      "states": {
        "default": {
          "transitions": [
            {
              "shoot": "query.mark_variant \u003d\u003d 1 \u0026\u0026 query.get_equipped_item_name\u003d\u003d\u0027gun_g18\u0027 \u0026\u0026 query.item_remaining_use_duration \u003e 0"
            }
          ]
        },
        "shoot": {
          "transitions": [
            {
              "default": "query.mark_variant \u003d\u003d 1 \u0026\u0026 query.get_equipped_item_name\u003d\u003d\u0027gun_g18\u0027 \u0026\u0026 query.item_remaining_use_duration \u003e 0"
            }
          ],
          "on_entry": [
            "@s g18:shoot",
            "/clear @s ff:gun_g18 0 1",
            "/playsound gun.g18"
          ]
        }
      }
    },
    "controller.animation.groza": {
      "initial_state": "default",
      "states": {
        "default": {
          "transitions": [
            {
              "shoot": "query.mark_variant \u003d\u003d 1 \u0026\u0026 query.get_equipped_item_name\u003d\u003d\u0027gun_groza\u0027 \u0026\u0026 query.item_remaining_use_duration \u003e 0"
            }
          ]
        },
        "shoot": {
          "transitions": [
            {
              "default": "query.mark_variant \u003d\u003d 1 \u0026\u0026 query.get_equipped_item_name\u003d\u003d\u0027gun_groza\u0027 \u0026\u0026 query.item_remaining_use_duration \u003e 0"
            }
          ],
          "on_entry": [
            "@s groza:shoot",
            "/clear @s ff:gun_groza 0 1",
            "/playsound gun.groza"
          ]
        }
      }
    },
    "controller.animation.m4a1": {
      "initial_state": "default",
      "states": {
        "default": {
          "transitions": [
            {
              "shoot": "query.mark_variant \u003d\u003d 1 \u0026\u0026 query.get_equipped_item_name\u003d\u003d\u0027gun_m4a1\u0027 \u0026\u0026 query.item_remaining_use_duration \u003e 0"
            }
          ]
        },
        "shoot": {
          "transitions": [
            {
              "default": "query.mark_variant \u003d\u003d 1 \u0026\u0026 query.get_equipped_item_name\u003d\u003d\u0027gun_m4a1\u0027 \u0026\u0026 query.item_remaining_use_duration \u003e 0"
            }
          ],
          "on_entry": [
            "@s m4a1:shoot",
            "/clear @s ff:gun_m4a1 0 1",
            "/playsound gun.m4a1"
          ]
        }
      }
    },
    "controller.animation.m500": {
      "initial_state": "default",
      "states": {
        "default": {
          "transitions": [
            {
              "shoot": "query.mark_variant \u003d\u003d 1 \u0026\u0026 query.get_equipped_item_name\u003d\u003d\u0027gun_m500\u0027 \u0026\u0026 query.item_remaining_use_duration \u003e 0"
            }
          ]
        },
        "shoot": {
          "transitions": [
            {
              "default": "query.mark_variant \u003d\u003d 1 \u0026\u0026 query.get_equipped_item_name\u003d\u003d\u0027gun_m500\u0027 \u0026\u0026 query.item_remaining_use_duration \u003e 0"
            }
          ],
          "on_entry": [
            "@s m500:shoot",
            "/clear @s ff:gun_m500 0 1",
            "/playsound gun.m500"
          ]
        }
      }
    },
    "controller.animation.m1014": {
      "initial_state": "default",
      "states": {
        "default": {
          "transitions": [
            {
              "shoot": "query.mark_variant \u003d\u003d 1 \u0026\u0026 query.get_equipped_item_name\u003d\u003d\u0027gun_m1014\u0027 \u0026\u0026 query.item_remaining_use_duration \u003e 0"
            }
          ]
        },
        "shoot": {
          "transitions": [
            {
              "default": "query.mark_variant \u003d\u003d 1 \u0026\u0026 query.get_equipped_item_name\u003d\u003d\u0027gun_m1014\u0027 \u0026\u0026 query.item_remaining_use_duration \u003e 0"
            }
          ],
          "on_entry": [
            "@s m1014:shoot",
            "/clear @s ff:gun_m1014 0 1",
            "/playsound gun.shotgun"
          ]
        }
      }
    },
    "controller.animation.m1887": {
      "initial_state": "default",
      "states": {
        "default": {
          "transitions": [
            {
              "shoot": "query.mark_variant \u003d\u003d 1 \u0026\u0026 query.get_equipped_item_name\u003d\u003d\u0027gun_m1887\u0027 \u0026\u0026 query.item_remaining_use_duration \u003e 0"
            }
          ]
        },
        "shoot": {
          "transitions": [
            {
              "default": "query.mark_variant \u003d\u003d 1 \u0026\u0026 query.get_equipped_item_name\u003d\u003d\u0027gun_m1887\u0027 \u0026\u0026 query.item_remaining_use_duration \u003e 0"
            }
          ],
          "on_entry": [
            "@s m1887:shoot",
            "/clear @s ff:gun_m1887 0 1",
            "/playsound gun.shotgun"
          ]
        }
      }
    },
    "controller.animation.mp40": {
      "initial_state": "default",
      "states": {
        "default": {
          "transitions": [
            {
              "shoot": "query.mark_variant \u003d\u003d 1 \u0026\u0026 query.get_equipped_item_name\u003d\u003d\u0027gun_mp40\u0027 \u0026\u0026 query.item_remaining_use_duration \u003e 0"
            }
          ]
        },
        "shoot": {
          "transitions": [
            {
              "default": "query.mark_variant \u003d\u003d 1 \u0026\u0026 query.get_equipped_item_name\u003d\u003d\u0027gun_mp40\u0027 \u0026\u0026 query.item_remaining_use_duration \u003e 0"
            }
          ],
          "on_entry": [
            "@s mp40:shoot",
            "/clear @s ff:gun_mp40 0 1",
            "/playsound gun.mp40"
          ]
        }
      }
    },
    "controller.animation.scar": {
      "initial_state": "default",
      "states": {
        "default": {
          "transitions": [
            {
              "shoot": "query.mark_variant \u003d\u003d 1 \u0026\u0026 query.get_equipped_item_name\u003d\u003d\u0027gun_scar\u0027 \u0026\u0026 query.item_remaining_use_duration \u003e 0"
            }
          ]
        },
        "shoot": {
          "transitions": [
            {
              "default": "query.mark_variant \u003d\u003d 1 \u0026\u0026 query.get_equipped_item_name\u003d\u003d\u0027gun_scar\u0027 \u0026\u0026 query.item_remaining_use_duration \u003e 0"
            }
          ],
          "on_entry": [
            "@s scar:shoot",
            "/clear @s ff:gun_scar 0 1",
            "/playsound gun.scar"
          ]
        }
      }
    },
    "controller.animation.svd": {
      "initial_state": "default",
      "states": {
        "default": {
          "transitions": [
            {
              "shoot": "query.mark_variant \u003d\u003d 1 \u0026\u0026 query.get_equipped_item_name\u003d\u003d\u0027gun_svd\u0027 \u0026\u0026 query.item_remaining_use_duration \u003e 0"
            }
          ]
        },
        "shoot": {
          "transitions": [
            {
              "default": "query.mark_variant \u003d\u003d 1 \u0026\u0026 query.get_equipped_item_name\u003d\u003d\u0027gun_svd\u0027 \u0026\u0026 query.item_remaining_use_duration \u003e 0"
            }
          ],
          "on_entry": [
            "@s svd:shoot",
            "/clear @s ff:gun_svd 0 1",
            "/playsound gun.svd"
          ]
        }
      }
    },
    "controller.animation.xm8": {
      "initial_state": "default",
      "states": {
        "default": {
          "transitions": [
            {
              "shoot": "query.mark_variant \u003d\u003d 1 \u0026\u0026 query.get_equipped_item_name\u003d\u003d\u0027gun_xm8\u0027 \u0026\u0026 query.item_remaining_use_duration \u003e 0"
            }
          ]
        },
        "shoot": {
          "transitions": [
            {
              "default": "query.mark_variant \u003d\u003d 1 \u0026\u0026 query.get_equipped_item_name\u003d\u003d\u0027gun_xm8\u0027 \u0026\u0026 query.item_remaining_use_duration \u003e 0"
            }
          ],
          "on_entry": [
            "@s xm8:shoot",
            "/clear @s ff:gun_xm8 0 1",
            "/playsound gun.xm8"
          ]
        }
      }
    },
    "controller.animation.ump": {
      "initial_state": "default",
      "states": {
        "default": {
          "transitions": [
            {
              "shoot": "query.mark_variant \u003d\u003d 1 \u0026\u0026 query.get_equipped_item_name\u003d\u003d\u0027gun_ump\u0027 \u0026\u0026 query.item_remaining_use_duration \u003e 0"
            }
          ]
        },
        "shoot": {
          "transitions": [
            {
              "default": "query.mark_variant \u003d\u003d 1 \u0026\u0026 query.get_equipped_item_name\u003d\u003d\u0027gun_ump\u0027 \u0026\u0026 query.item_remaining_use_duration \u003e 0"
            }
          ],
          "on_entry": [
            "@s ump:shoot",
            "/clear @s ff:gun_ump 0 1",
            "/playsound gun.ump"
          ]
        }
      }
    },
    "controller.animation.m60": {
      "initial_state": "default",
      "states": {
        "default": {
          "transitions": [
            {
              "shoot": "query.mark_variant \u003d\u003d 1 \u0026\u0026 query.get_equipped_item_name\u003d\u003d\u0027gun_m60\u0027 \u0026\u0026 query.item_remaining_use_duration \u003e 0"
            }
          ]
        },
        "shoot": {
          "transitions": [
            {
              "default": "query.mark_variant \u003d\u003d 1 \u0026\u0026 query.get_equipped_item_name\u003d\u003d\u0027gun_m60\u0027 \u0026\u0026 query.item_remaining_use_duration \u003e 0"
            }
          ],
          "on_entry": [
            "@s m60:shoot",
            "/clear @s ff:gun_m60 0 1",
            "/playsound gun.m60"
          ]
        }
      }
    }
  }
}