{
	"format_version": "1.12.0",
	"minecraft:geometry": [
		{
			"description": {
				"identifier": "geometry.ak_draco_drop",
				"texture_width": 128,
				"texture_height": 128,
				"visible_bounds_width": 7,
				"visible_bounds_height": 5,
				"visible_bounds_offset": [0, 0.5, 0]
			},
			"bones": [
				{
					"name": "root",
					"pivot": [0, 0, 0]
				},
				{
					"name": "waist",
					"parent": "root",
					"pivot": [0, 12, 0]
				},
				{
					"name": "body",
					"parent": "waist",
					"pivot": [0, 24, 0]
				},
				{
					"name": "rightArm",
					"parent": "body",
					"pivot": [-5, 22, 0]
				},
				{
					"name": "gun",
					"parent": "rightArm",
					"pivot": [-5.75, 13.2, 0.1],
					"rotation": [90, 0, 0]
				},
				{
					"name": "ak_draco",
					"parent": "gun",
					"pivot": [1, 13, -10],
					"rotation": [-90, 72.5, 0]
				},
				{
					"name": "bone",
					"parent": "ak_draco",
					"pivot": [1.15244, 9, -8.71944],
					"rotation": [25, 0, 0],
					"cubes": [
						{"origin": [0.73269, 6.16125, -8.28307], "size": [1.34, 5.98244, 1.53512], "inflate": -0.5, "pivot": [1.38968, 9, -7.77095], "rotation": [0, 20, 0], "uv": [48, 65]},
						{"origin": [0.86762, 6.16125, -8.16063], "size": [1.34, 5.98244, 1.34], "inflate": -0.5, "pivot": [1.52461, 9, -7.84364], "rotation": [0, 40, 0], "uv": [44, 65]},
						{"origin": [0.8562, 6.16125, -9.09865], "size": [1.34, 5.98244, 2.31561], "inflate": -0.5, "pivot": [1.51319, 9, -7.80605], "rotation": [0, 80, 0], "uv": [13, 25]},
						{"origin": [0.88003, 6.16125, -8.36944], "size": [2.02293, 5.98244, 1.34], "inflate": -0.5, "pivot": [1.53702, 9, -8.05245], "rotation": [0, 90, 0], "uv": [28, 45]},
						{"origin": [-0.39795, 6.16125, -8.36944], "size": [1.92537, 6.32619, 1.34], "inflate": -0.5, "pivot": [0.25904, 9, -8.05245], "rotation": [0, 90, 0], "uv": [43, 23]},
						{"origin": [-1.1792, 10.255, -8.36944], "size": [2.70662, 2.23244, 1.34], "inflate": -0.5, "pivot": [0.25904, 9, -8.05245], "rotation": [0, 90, 0], "uv": [41, 19]},
						{"origin": [0.43096, 6.16125, -8.48709], "size": [1.34, 5.98244, 1.73024], "inflate": -0.5, "pivot": [1.08795, 9, -7.77985], "rotation": [0, -20, 0], "uv": [64, 57]},
						{"origin": [0.30054, 6.16125, -9.64077], "size": [1.34, 5.00683, 2.80341], "inflate": -0.5, "pivot": [0.95753, 9, -7.86036], "rotation": [0, -40, 0], "uv": [18, 13]},
						{"origin": [0.32738, 6.16125, -8.14867], "size": [1.34, 5.98244, 1.34], "inflate": -0.5, "pivot": [0.98437, 9, -7.83168], "rotation": [0, -80, 0], "uv": [64, 28]},
						{"origin": [0.58104, 6.16125, -9.23652], "size": [1.34, 4.61659, 2.51073], "inflate": -0.5, "uv": [44, 0]}
					]
				},
				{
					"name": "bone2",
					"parent": "ak_draco",
					"pivot": [1.15244, 9.19512, -8.3292],
					"rotation": [-25, 180, 0],
					"cubes": [
						{"origin": [0.53549, 6.35637, -9.59103], "size": [1.34, 4.61659, 2.51073], "inflate": -0.5, "pivot": [1.19248, 9.19512, -8.10331], "rotation": [0, 20, 0], "uv": [0, 44]},
						{"origin": [0.67042, 6.35637, -8.49298], "size": [1.34, 4.81171, 1.34], "inflate": -0.5, "pivot": [1.32741, 9.19512, -8.17599], "rotation": [0, 40, 0], "uv": [70, 44]},
						{"origin": [0.659, 6.35637, -8.45539], "size": [1.34, 4.90927, 1.34], "inflate": -0.5, "pivot": [1.31599, 9.19512, -8.1384], "rotation": [0, 80, 0], "uv": [7, 70]},
						{"origin": [0.23376, 6.35637, -9.79505], "size": [1.34, 4.71415, 2.70585], "inflate": -0.5, "pivot": [0.89075, 9.19512, -8.11221], "rotation": [0, -20, 0], "uv": [41, 10]},
						{"origin": [0.10334, 6.35637, -8.50971], "size": [1.34, 5.00683, 1.34], "inflate": -0.5, "pivot": [0.76033, 9.19512, -8.19272], "rotation": [0, -40, 0], "uv": [64, 0]},
						{"origin": [0.13018, 6.35637, -8.48102], "size": [1.34, 5.10439, 1.34], "inflate": -0.5, "pivot": [0.78717, 9.19512, -8.16403], "rotation": [0, -80, 0], "uv": [63, 36]},
						{"origin": [0.38384, 6.35637, -8.39814], "size": [1.34, 4.61659, 1.34], "inflate": -0.5, "uv": [69, 20]}
					]
				},
				{
					"name": "bone3",
					"parent": "ak_draco",
					"pivot": [2.61585, 11.34146, -10.37798],
					"rotation": [180, 180, 90],
					"cubes": [
						{"origin": [1.40246, 11.44201, -10.45623], "size": [1.374, 2.52946, 1.374], "inflate": -0.5, "pivot": [2.07514, 12.80732, -10.15754], "rotation": [0, 20, 0], "uv": [39, 75]},
						{"origin": [1.55088, 11.44201, -10.53618], "size": [1.76424, 2.52946, 1.374], "inflate": -0.5, "pivot": [2.22357, 12.80732, -10.23749], "rotation": [0, 40, 0], "uv": [35, 75]},
						{"origin": [1.07055, 11.44201, -10.46602], "size": [1.374, 2.52946, 2.15449], "inflate": -0.5, "pivot": [1.74324, 12.80732, -10.16733], "rotation": [0, -20, 0], "uv": [46, 34]},
						{"origin": [0.92709, 11.44201, -10.55458], "size": [2.15449, 2.52946, 1.66668], "inflate": -0.5, "pivot": [1.59978, 12.80732, -10.25589], "rotation": [0, -40, 0], "uv": [22, 41]},
						{"origin": [0.47345, 11.44201, -10.12056], "size": [2.15449, 2.52946, 1.66668], "inflate": -0.5, "pivot": [1.14614, 12.80732, -9.82187], "rotation": [0, -22.5, 0], "uv": [39, 32]},
						{"origin": [1.23564, 11.44201, -10.43186], "size": [1.374, 2.52946, 1.374], "inflate": -0.5, "uv": [31, 75]}
					]
				},
				{
					"name": "bone4",
					"parent": "ak_draco",
					"pivot": [-0.11585, 11.34146, -11.64627],
					"rotation": [0, 180, 90],
					"cubes": [
						{"origin": [-1.32925, 11.44201, -11.72452], "size": [1.374, 2.52946, 1.374], "inflate": -0.5, "pivot": [-0.65656, 12.80732, -11.42583], "rotation": [0, 20, 0], "uv": [27, 75]},
						{"origin": [-1.18083, 11.44201, -11.80447], "size": [1.76424, 2.52946, 1.374], "inflate": -0.5, "pivot": [-0.50814, 12.80732, -11.50579], "rotation": [0, 40, 0], "uv": [23, 75]},
						{"origin": [-1.66116, 11.44201, -11.73431], "size": [1.374, 2.52946, 1.374], "inflate": -0.5, "pivot": [-0.98847, 12.80732, -11.43562], "rotation": [0, -20, 0], "uv": [19, 75]},
						{"origin": [-2.0348, 11.44201, -11.82287], "size": [1.60418, 2.52946, 1.374], "inflate": -0.5, "pivot": [-1.13193, 12.80732, -11.52418], "rotation": [0, -40, 0], "uv": [15, 75]},
						{"origin": [-1.49607, 11.44201, -11.70015], "size": [1.374, 2.52946, 1.374], "inflate": -0.5, "uv": [11, 75]}
					]
				},
				{
					"name": "bone5",
					"parent": "ak_draco",
					"pivot": [1.15244, 10.7561, -9.49993],
					"rotation": [-37.5, 0, 0],
					"cubes": [
						{"origin": [0.73269, 10.16125, -8.86843], "size": [1.34, 2.86049, 1.34], "inflate": -0.5, "pivot": [1.38968, 10.7561, -8.55144], "rotation": [0, 20, 0], "uv": [7, 75]},
						{"origin": [0.86762, 10.16125, -8.94112], "size": [1.34, 2.86049, 1.34], "inflate": -0.5, "pivot": [1.52461, 10.7561, -8.62413], "rotation": [0, 40, 0], "uv": [74, 70]},
						{"origin": [0.8562, 10.16125, -8.90353], "size": [1.34, 2.86049, 1.34], "inflate": -0.5, "pivot": [1.51319, 10.7561, -8.58654], "rotation": [0, 80, 0], "uv": [74, 57]},
						{"origin": [0.88003, 10.16125, -9.14993], "size": [1.34, 2.86049, 1.34], "inflate": -0.5, "pivot": [1.53702, 10.7561, -8.83294], "rotation": [0, 90, 0], "uv": [74, 45]},
						{"origin": [-0.39795, 10.16125, -9.14993], "size": [1.34, 2.86049, 1.34], "inflate": -0.5, "pivot": [0.25904, 10.7561, -8.83294], "rotation": [0, 90, 0], "uv": [74, 32]},
						{"origin": [0.43096, 10.16125, -8.87733], "size": [1.34, 2.86049, 1.34], "inflate": -0.5, "pivot": [1.08795, 10.7561, -8.56034], "rotation": [0, -20, 0], "uv": [73, 74]},
						{"origin": [0.30054, 10.16125, -8.95784], "size": [1.34, 2.86049, 1.34], "inflate": -0.5, "pivot": [0.95753, 10.7561, -8.64085], "rotation": [0, -40, 0], "uv": [55, 74]},
						{"origin": [0.32738, 10.16125, -8.92915], "size": [1.34, 2.86049, 1.34], "inflate": -0.5, "pivot": [0.98437, 10.7561, -8.61216], "rotation": [0, -80, 0], "uv": [51, 74]},
						{"origin": [0.58104, 10.16125, -8.84628], "size": [1.34, 2.86049, 1.34], "inflate": -0.5, "uv": [3, 74]}
					]
				},
				{
					"name": "bone6",
					"parent": "ak_draco",
					"pivot": [1.15244, 9.19512, -9.20725],
					"cubes": [
						{"origin": [0.73269, 8.60027, -8.57575], "size": [1.34, 3.73854, 1.34], "inflate": -0.5, "pivot": [1.38968, 9.19512, -8.25876], "rotation": [0, 20, 0], "uv": [73, 16]},
						{"origin": [0.86762, 8.60027, -8.64843], "size": [1.34, 3.73854, 1.34], "inflate": -0.5, "pivot": [1.52461, 9.19512, -8.33144], "rotation": [0, 40, 0], "uv": [73, 12]},
						{"origin": [0.8562, 8.60027, -8.61085], "size": [1.34, 3.73854, 1.34], "inflate": -0.5, "pivot": [1.51319, 9.19512, -8.29386], "rotation": [0, 80, 0], "uv": [73, 8]},
						{"origin": [0.88003, 8.60027, -8.85725], "size": [1.34, 3.73854, 1.34], "inflate": -0.5, "pivot": [1.53702, 9.19512, -8.54026], "rotation": [0, 90, 0], "uv": [66, 73]},
						{"origin": [-0.39795, 8.60027, -8.85725], "size": [1.34, 3.73854, 1.34], "inflate": -0.5, "pivot": [0.25904, 9.19512, -8.54026], "rotation": [0, 90, 0], "uv": [59, 73]},
						{"origin": [0.43096, 8.60027, -8.58465], "size": [1.34, 3.73854, 1.34], "inflate": -0.5, "pivot": [1.08795, 9.19512, -8.26766], "rotation": [0, -20, 0], "uv": [72, 53]},
						{"origin": [0.30054, 8.60027, -8.66516], "size": [1.34, 3.73854, 1.34], "inflate": -0.5, "pivot": [0.95753, 9.19512, -8.34817], "rotation": [0, -40, 0], "uv": [72, 49]},
						{"origin": [0.32738, 8.60027, -8.63647], "size": [1.34, 3.73854, 1.34], "inflate": -0.5, "pivot": [0.98437, 9.19512, -8.31948], "rotation": [0, -80, 0], "uv": [72, 28]},
						{"origin": [0.58104, 8.60027, -8.5536], "size": [1.34, 3.73854, 1.34], "inflate": -0.5, "uv": [72, 24]}
					]
				},
				{
					"name": "bone7",
					"parent": "ak_draco",
					"pivot": [1.15244, 9.97561, -9.49993],
					"rotation": [-12.5, 0, 0],
					"cubes": [
						{"origin": [0.73269, 9.38076, -8.86843], "size": [1.34, 3.15317, 1.34], "inflate": -0.5, "pivot": [1.38968, 9.97561, -8.55144], "rotation": [0, 20, 0], "uv": [72, 4]},
						{"origin": [0.86762, 9.38076, -8.94112], "size": [1.34, 3.15317, 1.34], "inflate": -0.5, "pivot": [1.52461, 9.97561, -8.62413], "rotation": [0, 40, 0], "uv": [72, 0]},
						{"origin": [0.8562, 9.38076, -8.90353], "size": [1.34, 3.15317, 1.34], "inflate": -0.5, "pivot": [1.51319, 9.97561, -8.58654], "rotation": [0, 80, 0], "uv": [71, 67]},
						{"origin": [0.88003, 9.18564, -9.14993], "size": [1.92537, 3.34829, 1.34], "inflate": -0.5, "pivot": [1.53702, 9.97561, -8.83294], "rotation": [0, 90, 0], "uv": [71, 63]},
						{"origin": [-0.39795, 9.38076, -9.14993], "size": [1.34, 3.15317, 1.34], "inflate": -0.5, "pivot": [0.25904, 9.97561, -8.83294], "rotation": [0, 90, 0], "uv": [71, 59]},
						{"origin": [0.43096, 9.38076, -8.87733], "size": [1.34, 3.15317, 1.34], "inflate": -0.5, "pivot": [1.08795, 9.97561, -8.56034], "rotation": [0, -20, 0], "uv": [71, 38]},
						{"origin": [0.30054, 9.38076, -8.95784], "size": [1.34, 3.15317, 1.34], "inflate": -0.5, "pivot": [0.95753, 9.97561, -8.64085], "rotation": [0, -40, 0], "uv": [71, 34]},
						{"origin": [0.32738, 9.38076, -8.92915], "size": [1.34, 3.15317, 1.34], "inflate": -0.5, "pivot": [0.98437, 9.97561, -8.61216], "rotation": [0, -80, 0], "uv": [70, 71]},
						{"origin": [0.58104, 9.38076, -8.84628], "size": [1.34, 3.15317, 1.34], "inflate": -0.5, "uv": [48, 71]}
					]
				},
				{
					"name": "bone8",
					"parent": "ak_draco",
					"pivot": [1.15244, 12.31707, -8.42676],
					"rotation": [-82.5, 0, 0],
					"cubes": [
						{"origin": [0.73269, 11.72222, -7.79526], "size": [1.34, 4.12878, 1.34], "inflate": -0.5, "pivot": [1.38968, 12.31707, -7.47827], "rotation": [0, 20, 0], "uv": [69, 15]},
						{"origin": [0.86762, 11.72222, -7.86795], "size": [1.34, 3.41003, 1.34], "inflate": -0.5, "pivot": [1.52461, 12.31707, -7.55096], "rotation": [0, 40, 0], "uv": [44, 71]},
						{"origin": [0.8562, 11.72222, -7.83036], "size": [1.34, 2.47024, 1.34], "inflate": -0.5, "pivot": [1.51319, 12.31707, -7.51337], "rotation": [0, 80, 0], "uv": [73, 42]},
						{"origin": [0.88003, 11.72222, -8.07676], "size": [1.34, 2.5678, 1.34], "inflate": -0.5, "pivot": [1.53702, 12.31707, -7.75977], "rotation": [0, 90, 0], "uv": [73, 20]},
						{"origin": [-0.39795, 11.72222, -8.07676], "size": [1.34, 2.5678, 1.34], "inflate": -0.5, "pivot": [0.25904, 12.31707, -7.75977], "rotation": [0, 90, 0], "uv": [63, 42]},
						{"origin": [0.43096, 11.72222, -7.80416], "size": [1.34, 4.12878, 1.34], "inflate": -0.5, "pivot": [1.08795, 12.31707, -7.48717], "rotation": [0, -20, 0], "uv": [69, 10]},
						{"origin": [0.30054, 11.72222, -7.88467], "size": [1.34, 3.73854, 1.34], "inflate": -0.5, "pivot": [0.95753, 12.31707, -7.56768], "rotation": [0, -40, 0], "uv": [31, 71]},
						{"origin": [0.32738, 11.72222, -7.85598], "size": [1.34, 2.47024, 1.34], "inflate": -0.5, "pivot": [0.98437, 12.31707, -7.53899], "rotation": [0, -80, 0], "uv": [56, 36]},
						{"origin": [0.58104, 11.72222, -7.77311], "size": [1.34, 4.12878, 1.34], "inflate": -0.5, "uv": [56, 69]}
					]
				},
				{
					"name": "bone9",
					"parent": "ak_draco",
					"pivot": [1.08613, 12.5122, -7.25603],
					"rotation": [-90, 0, 0],
					"cubes": [
						{"origin": [0.72542, 11.62476, -6.72305], "size": [1.34, 7.90927, 1.34], "inflate": -0.5, "pivot": [1.38241, 12.21961, -6.40606], "rotation": [0, 20, 0], "uv": [39, 23]},
						{"origin": [0.81372, 12.62476, -6.66971], "size": [2.1525, 9.12878, 1.34], "inflate": -0.5, "pivot": [1.47071, 12.21961, -6.35272], "rotation": [0, 90, 0], "uv": [0, 0]},
						{"origin": [0.92666, 12.40525, -7.69756], "size": [1.34, 7.34829, 1.34], "inflate": -0.5, "pivot": [1.58365, 12.21961, -7.38057], "rotation": [0, 40, 0], "uv": [15, 35]},
						{"origin": [0.86035, 11.62476, -6.79573], "size": [1.34, 8.12878, 1.34], "inflate": -0.5, "pivot": [1.51734, 12.21961, -6.47874], "rotation": [0, 40, 0], "uv": [26, 25]},
						{"origin": [0.42369, 11.62476, -6.73195], "size": [1.34, 7.90927, 1.34], "inflate": -0.5, "pivot": [1.08068, 12.21961, -6.41496], "rotation": [0, -20, 0], "uv": [11, 35]},
						{"origin": [0.29327, 11.62476, -6.81246], "size": [1.34, 8.12878, 1.34], "inflate": -0.5, "pivot": [0.95026, 12.21961, -6.49547], "rotation": [0, -40, 0], "uv": [4, 23]},
						{"origin": [0.23941, 12.21013, -7.71429], "size": [1.34, 9.54341, 1.34], "inflate": -0.5, "pivot": [0.8964, 12.21961, -7.3973], "rotation": [0, -40, 0], "uv": [22, 0]},
						{"origin": [0.57377, 11.62476, -6.7009], "size": [1.34, 7.90927, 1.34], "inflate": -0.5, "uv": [30, 25]}
					]
				},
				{
					"name": "bone10",
					"parent": "ak_draco",
					"pivot": [1.15244, 12.5122, -7.06091],
					"rotation": [-90, 0, 0],
					"cubes": [
						{"origin": [0.7367, 11.9126, -6.37283], "size": [1.357, 1.41693, 1.357], "inflate": -0.5, "pivot": [1.40154, 12.5122, -6.06499], "rotation": [0, 20, 0], "uv": [75, 48]},
						{"origin": [0.87838, 11.9126, -6.44915], "size": [1.357, 1.41693, 1.357], "inflate": -0.5, "pivot": [1.54322, 12.5122, -6.14131], "rotation": [0, 40, 0], "uv": [75, 39]},
						{"origin": [0.86638, 11.9126, -6.40968], "size": [1.357, 1.41693, 1.357], "inflate": -0.5, "pivot": [1.53122, 12.5122, -6.10185], "rotation": [0, 80, 0], "uv": [75, 35]},
						{"origin": [0.89141, 11.9126, -6.6684], "size": [3.99115, 1.41693, 1.357], "inflate": -0.5, "pivot": [1.55625, 12.5122, -6.36057], "rotation": [0, 90, 0], "uv": [26, 0]},
						{"origin": [-0.45047, 11.9126, -6.6684], "size": [3.79602, 1.41693, 2.357], "inflate": -0.5, "pivot": [0.21437, 12.5122, -6.36057], "rotation": [0, 90, 0], "uv": [0, 18]},
						{"origin": [-0.45047, 11.9126, -6.6684], "size": [3.79602, 1.41693, 2.357], "inflate": -0.5, "pivot": [0.21437, 12.5122, -6.36057], "rotation": [0, 90, 0], "uv": [0, 15]},
						{"origin": [0.41988, 11.9126, -6.38218], "size": [1.357, 1.41693, 1.357], "inflate": -0.5, "pivot": [1.08472, 12.5122, -6.07434], "rotation": [0, -20, 0], "uv": [75, 27]},
						{"origin": [0.28295, 11.9126, -6.46671], "size": [1.357, 1.41693, 1.357], "inflate": -0.5, "pivot": [0.94779, 12.5122, -6.15887], "rotation": [0, -40, 0], "uv": [75, 23]},
						{"origin": [0.31113, 11.9126, -6.43659], "size": [1.357, 1.41693, 1.357], "inflate": -0.5, "pivot": [0.97597, 12.5122, -6.12875], "rotation": [0, -80, 0], "uv": [75, 3]},
						{"origin": [0.57747, 11.9126, -6.34957], "size": [1.357, 1.41693, 1.357], "inflate": -0.5, "uv": [47, 75]}
					]
				},
				{
					"name": "bone11",
					"parent": "ak_draco",
					"pivot": [1.15244, 13.78049, -6.86578],
					"rotation": [90, 0, 0],
					"cubes": [
						{"origin": [0.7367, 13.18089, -6.17771], "size": [1.357, 1.41693, 1.357], "inflate": -0.5, "pivot": [1.40154, 13.78049, -5.86987], "rotation": [0, 20, 0], "uv": [43, 75]},
						{"origin": [0.87838, 13.18089, -6.25403], "size": [1.357, 1.41693, 1.357], "inflate": -0.5, "pivot": [1.54322, 13.78049, -5.94619], "rotation": [0, 40, 0], "uv": [74, 66]},
						{"origin": [0.86638, 13.18089, -6.21456], "size": [1.357, 1.41693, 1.357], "inflate": -0.5, "pivot": [1.53122, 13.78049, -5.90672], "rotation": [0, 80, 0], "uv": [74, 62]},
						{"origin": [0.89141, 13.18089, -6.47328], "size": [1.357, 1.41693, 1.357], "inflate": -0.5, "pivot": [1.55625, 13.78049, -6.16544], "rotation": [0, 90, 0], "uv": [74, 37]},
						{"origin": [-0.45047, 13.18089, -6.47328], "size": [1.357, 1.41693, 1.357], "inflate": -0.5, "pivot": [0.21437, 13.78049, -6.16544], "rotation": [0, 90, 0], "uv": [42, 53]},
						{"origin": [0.41988, 13.18089, -6.18706], "size": [1.357, 1.41693, 1.357], "inflate": -0.5, "pivot": [1.08472, 13.78049, -5.87922], "rotation": [0, -20, 0], "uv": [52, 8]},
						{"origin": [0.28295, 13.18089, -6.27159], "size": [1.357, 1.41693, 1.357], "inflate": -0.5, "pivot": [0.94779, 13.78049, -5.96375], "rotation": [0, -30, 0], "uv": [51, 41]},
						{"origin": [0.31113, 13.18089, -6.24147], "size": [1.357, 1.41693, 1.357], "inflate": -0.5, "pivot": [0.97597, 13.78049, -5.93363], "rotation": [0, -80, 0], "uv": [21, 51]},
						{"origin": [0.57747, 13.18089, -6.15445], "size": [1.357, 1.41693, 1.357], "inflate": -0.5, "uv": [39, 50]}
					]
				},
				{
					"name": "bone12",
					"parent": "ak_draco",
					"pivot": [1.15244, 16.41463, 0.15861],
					"rotation": [90, 0, 0],
					"cubes": [
						{"origin": [0.73269, 12.87641, -2.26963], "size": [1.34, 10.93366, 1.34], "inflate": -0.5, "pivot": [1.38968, 18.47126, -1.95264], "rotation": [0, 20, 0], "uv": [40, 64]},
						{"origin": [0.86762, 12.87641, -2.34232], "size": [1.34, 10.93366, 1.34], "inflate": -0.5, "pivot": [1.52461, 18.47126, -2.02533], "rotation": [0, 40, 0], "uv": [36, 64]},
						{"origin": [0.8562, 12.87641, -2.30473], "size": [1.34, 10.95805, 1.34], "inflate": -0.5, "pivot": [1.51319, 18.47126, -1.98774], "rotation": [0, 80, 0], "uv": [63, 63]},
						{"origin": [0.8562, 22.3, -2.30473], "size": [1.34, 9.5, 1.34], "inflate": -0.5, "pivot": [1.51319, 18.47126, -1.98774], "rotation": [0, 80, 0], "uv": [18, 0]},
						{"origin": [0.88003, 12.87641, -2.55113], "size": [1.34, 10.95805, 1.34], "inflate": -0.5, "pivot": [1.53702, 18.47126, -2.23414], "rotation": [0, 90, 0], "uv": [61, 18]},
						{"origin": [0.88003, 23.2, -2.55113], "size": [1.34, 8.5, 1.34], "inflate": -0.5, "pivot": [1.53702, 18.47126, -2.23414], "rotation": [0, 90, 0], "uv": [14, 11]},
						{"origin": [-0.39795, 13, -2.55113], "size": [1.34, 10.8, 1.34], "inflate": -0.5, "pivot": [0.25904, 18.47126, -2.23414], "rotation": [0, 90, 0], "uv": [32, 60]},
						{"origin": [-0.39795, 23, -2.55113], "size": [1.34, 8.5, 1.34], "inflate": -0.5, "pivot": [0.25904, 18.47126, -2.23414], "rotation": [0, 90, 0], "uv": [0, 23]},
						{"origin": [0.43096, 12.87641, -2.27853], "size": [1.34, 10.93366, 1.34], "inflate": -0.5, "pivot": [1.08795, 18.47126, -1.96154], "rotation": [0, -20, 0], "uv": [28, 60]},
						{"origin": [0.30054, 12.87641, -2.35904], "size": [1.34, 11.12878, 1.34], "inflate": -0.5, "pivot": [0.95753, 18.47126, -2.04205], "rotation": [0, -40, 0], "uv": [4, 59]},
						{"origin": [0.32738, 22.2, -2.33035], "size": [1.34, 9.8, 1.34], "inflate": -0.5, "pivot": [0.98437, 18.47126, -2.01336], "rotation": [0, -80, 0], "uv": [6, 0]},
						{"origin": [0.32738, 12.87641, -2.33035], "size": [1.34, 10.95805, 1.34], "inflate": -0.5, "pivot": [0.98437, 18.47126, -2.01336], "rotation": [0, -80, 0], "uv": [24, 60]},
						{"origin": [0.58104, 12.87641, -2.24748], "size": [1.34, 9.93366, 1.34], "inflate": -0.5, "uv": [20, 60]}
					]
				},
				{
					"name": "bone13",
					"parent": "ak_draco",
					"pivot": [1.15244, 10.41463, -16.84139],
					"rotation": [90, 0, -177.5],
					"cubes": [
						{"origin": [0.73269, 6.87641, -19.26963], "size": [1.34, 10.93366, 1.34], "inflate": -0.5, "pivot": [1.38968, 12.47126, -18.95264], "rotation": [0, 20, 0], "uv": [16, 60]},
						{"origin": [0.86762, 6.87641, -19.34232], "size": [1.34, 10.93366, 1.34], "inflate": -0.5, "pivot": [1.52461, 12.47126, -19.02533], "rotation": [0, 40, 0], "uv": [12, 60]},
						{"origin": [1.2, 6.87641, -19.3], "size": [2, 10.95805, 1.34], "inflate": -0.5, "pivot": [1.51319, 12.47126, -18.98774], "rotation": [0, 50, 0], "uv": [53, 58]},
						{"origin": [1.6, 6.87641, -20.7], "size": [2.8, 10.95805, 3.34], "inflate": -0.5, "pivot": [1.51319, 12.47126, -18.98774], "rotation": [0, 85, 0], "uv": [43, 52]},
						{"origin": [0.43096, 6.87641, -19.27853], "size": [1.34, 10.93366, 1.34], "inflate": -0.5, "pivot": [1.08795, 12.47126, -18.96154], "rotation": [0, -20, 0], "uv": [59, 59]},
						{"origin": [0.30054, 6.87641, -19.35904], "size": [1.34, 11.12878, 1.34], "inflate": -0.5, "pivot": [0.95753, 12.47126, -19.04205], "rotation": [0, -40, 0], "uv": [0, 59]},
						{"origin": [-0.67262, 6.87641, -19.33035], "size": [2.34, 10.95805, 1.34], "inflate": -0.5, "pivot": [0.98437, 12.47126, -19.01336], "rotation": [0, -40, 0], "uv": [36, 53]},
						{"origin": [-2.8, 6.87641, -20.7], "size": [3, 10.95805, 2.34], "inflate": -0.5, "pivot": [-0.01563, 12.47126, -19.01336], "rotation": [0, -87.5, 0], "uv": [51, 19]},
						{"origin": [0.58104, 6.87641, -19.24748], "size": [1.34, 10.93366, 1.34], "inflate": -0.5, "uv": [8, 59]}
					]
				},
				{
					"name": "bone14",
					"parent": "ak_draco",
					"pivot": [1.15244, 10.85366, -1.40237],
					"rotation": [62.5, 0, 0],
					"cubes": [
						{"origin": [0.73269, 14.84417, -0.77087], "size": [1.34, 3.34829, 1.34], "inflate": -0.5, "pivot": [1.38968, 10.85366, -0.45388], "rotation": [0, 20, 0], "uv": [27, 71]},
						{"origin": [0.86762, 14.84417, -0.84356], "size": [1.34, 3.34829, 1.34], "inflate": -0.5, "pivot": [1.52461, 10.85366, -0.52657], "rotation": [0, 40, 0], "uv": [23, 71]},
						{"origin": [0.8562, 14.84417, -0.80597], "size": [1.34, 3.34829, 1.34], "inflate": -0.5, "pivot": [1.51319, 10.85366, -0.48898], "rotation": [0, 80, 0], "uv": [19, 71]},
						{"origin": [0.88003, 14.84417, -1.05237], "size": [1.34, 3.34829, 1.34], "inflate": -0.5, "pivot": [1.53702, 10.85366, -0.73538], "rotation": [0, 90, 0], "uv": [15, 71]},
						{"origin": [-0.39795, 14.84417, -1.05237], "size": [1.34, 3.34829, 1.34], "inflate": -0.5, "pivot": [0.25904, 10.85366, -0.73538], "rotation": [0, 90, 0], "uv": [11, 71]},
						{"origin": [0.43096, 14.84417, -0.77977], "size": [1.34, 3.34829, 1.34], "inflate": -0.5, "pivot": [1.08795, 10.85366, -0.46278], "rotation": [0, -20, 0], "uv": [0, 71]},
						{"origin": [0.30054, 14.84417, -0.86028], "size": [1.34, 3.34829, 1.34], "inflate": -0.5, "pivot": [0.95753, 10.85366, -0.54329], "rotation": [0, -40, 0], "uv": [55, 46]},
						{"origin": [0.32738, 14.84417, -0.83159], "size": [1.34, 3.34829, 1.34], "inflate": -0.5, "pivot": [0.98437, 10.85366, -0.5146], "rotation": [0, -80, 0], "uv": [55, 41]},
						{"origin": [0.58104, 14.84417, -0.74872], "size": [1.34, 3.34829, 1.34], "inflate": -0.5, "uv": [18, 45]}
					]
				},
				{
					"name": "bone15",
					"parent": "ak_draco",
					"pivot": [1.15244, 13.29268, -0.91456],
					"rotation": [-160, 0, 0],
					"cubes": [
						{"origin": [0.72467, 12.70732, -0.39622], "size": [1.306, 4.24029, 1.306], "inflate": -0.5, "pivot": [1.36596, 13.29268, -0.06093], "rotation": [0, 20, 0], "uv": [0, 0]},
						{"origin": [0.8461, 12.70732, -0.46163], "size": [1.306, 4.24029, 1.306], "inflate": -0.5, "pivot": [1.48739, 13.29268, -0.12634], "rotation": [0, 40, 0], "uv": [0, 0]},
						{"origin": [0.83582, 14.46342, -0.4278], "size": [1.306, 2.4842, 1.306], "inflate": -0.5, "pivot": [1.47711, 13.29268, -0.09251], "rotation": [0, 80, 0], "uv": [0, 0]},
						{"origin": [0.85727, 13.97561, -0.64956], "size": [1.69624, 3, 1.306], "inflate": -0.5, "pivot": [1.49856, 13.29268, -0.31427], "rotation": [0, 90, 0], "uv": [0, 0]},
						{"origin": [-0.29291, 14.37561, -0.64956], "size": [1.36088, 2.6, 1.306], "inflate": -0.5, "pivot": [0.34838, 13.29268, -0.31427], "rotation": [0, 90, 0], "uv": [0, 0]},
						{"origin": [0.4531, 12.70732, -0.40423], "size": [1.306, 4.24029, 1.306], "inflate": -0.5, "pivot": [1.0944, 13.29268, -0.06893], "rotation": [0, -20, 0], "uv": [0, 0]},
						{"origin": [0.33573, 12.70732, -0.47669], "size": [1.306, 4.24029, 1.306], "inflate": -0.5, "pivot": [0.97702, 13.29268, -0.14139], "rotation": [0, -40, 0], "uv": [0, 0]},
						{"origin": [0.35989, 12.70732, -0.45087], "size": [1.306, 4.24029, 1.306], "inflate": -0.5, "pivot": [1.00118, 13.29268, -0.11557], "rotation": [0, -80, 0], "uv": [0, 0]},
						{"origin": [0.58818, 12.70732, -0.37628], "size": [1.306, 4.24029, 1.306], "inflate": -0.5, "uv": [0, 0]}
					]
				},
				{
					"name": "bone16",
					"parent": "ak_draco",
					"pivot": [1.15244, 10.29268, 0.08544],
					"rotation": [-45, 0, 0],
					"cubes": [
						{"origin": [0.72467, 9.52273, -0.79833], "size": [1.306, 4.3, 1.306], "inflate": -0.5, "pivot": [1.36596, 10.10809, -0.46304], "rotation": [0, 20, 0], "uv": [0, 0]},
						{"origin": [0.8461, 9.52273, -0.86374], "size": [1.306, 4.3, 1.306], "inflate": -0.5, "pivot": [1.48739, 10.10809, -0.52845], "rotation": [0, 40, 0], "uv": [0, 0]},
						{"origin": [0.8461, 9.52273, -0.86374], "size": [2.306, 4.3, 1.306], "inflate": -0.5, "pivot": [1.48739, 10.10809, -0.52845], "rotation": [0, 102.5, 0], "uv": [0, 0]},
						{"origin": [0.4531, 9.52273, -0.80634], "size": [1.306, 4.3, 1.306], "inflate": -0.5, "pivot": [1.0944, 10.10809, -0.47104], "rotation": [0, -20, 0], "uv": [0, 0]},
						{"origin": [0.33573, 9.52273, -0.8788], "size": [1.306, 4.3, 1.306], "inflate": -0.5, "pivot": [0.97702, 10.10809, -0.5435], "rotation": [0, -40, 0], "uv": [0, 0]},
						{"origin": [0.35989, 9.52273, -0.85298], "size": [1.306, 4.3, 1.306], "inflate": -0.5, "pivot": [1.00118, 10.10809, -0.51768], "rotation": [0, -80, 0], "uv": [0, 0]},
						{"origin": [-0.806, 9.52273, -0.8445], "size": [2.306, 4.3, 1.306], "inflate": -0.5, "pivot": [1.00118, 11.10809, -0.51768], "rotation": [0, -95, 0], "uv": [0, 0]},
						{"origin": [0.58818, 9.52273, -0.77839], "size": [1.306, 4.3, 1.306], "inflate": -0.5, "uv": [0, 0]}
					]
				},
				{
					"name": "bone17",
					"parent": "ak_draco",
					"pivot": [1.15244, 12.12195, -8.42676],
					"rotation": [-70, 0, 0],
					"cubes": [
						{"origin": [0.73269, 11.5271, -7.79526], "size": [1.34, 4.12878, 1.34], "inflate": -0.5, "pivot": [1.38968, 12.12195, -7.47827], "rotation": [0, 20, 0], "uv": [68, 0]},
						{"origin": [0.86762, 11.5271, -7.86795], "size": [1.34, 2.5678, 1.34], "inflate": -0.5, "pivot": [1.52461, 12.12195, -7.55096], "rotation": [0, 40, 0], "uv": [9, 54]},
						{"origin": [0.8562, 11.5271, -7.83036], "size": [1.34, 2.37268, 1.34], "inflate": -0.5, "pivot": [1.51319, 12.12195, -7.51337], "rotation": [0, 80, 0], "uv": [50, 52]},
						{"origin": [0.88003, 11.5271, -8.07676], "size": [1.34, 2.5678, 1.34], "inflate": -0.5, "pivot": [1.53702, 12.12195, -7.75977], "rotation": [0, 90, 0], "uv": [47, 19]},
						{"origin": [-0.39795, 11.5271, -8.07676], "size": [1.34, 2.47024, 1.34], "inflate": -0.5, "pivot": [0.25904, 12.12195, -7.75977], "rotation": [0, 90, 0], "uv": [5, 34]},
						{"origin": [0.43096, 11.5271, -7.80416], "size": [1.34, 4.12878, 1.34], "inflate": -0.5, "pivot": [1.08795, 12.12195, -7.48717], "rotation": [0, -20, 0], "uv": [67, 62]},
						{"origin": [0.30054, 11.5271, -7.88467], "size": [1.34, 4.12878, 1.34], "inflate": -0.5, "pivot": [0.95753, 12.12195, -7.56768], "rotation": [0, -40, 0], "uv": [67, 40]},
						{"origin": [0.32738, 11.5271, -7.85598], "size": [1.34, 2.37268, 1.34], "inflate": -0.5, "pivot": [0.98437, 12.12195, -7.53899], "rotation": [0, -80, 0], "uv": [33, 17]},
						{"origin": [0.58104, 11.5271, -7.77311], "size": [1.34, 4.12878, 1.34], "inflate": -0.5, "uv": [67, 35]}
					]
				},
				{
					"name": "bone18",
					"parent": "ak_draco",
					"pivot": [1.3, 7.31746, -15.50866],
					"rotation": [-30, 0, 0],
					"cubes": [
						{"origin": [0.55488, 6.05785, -16.31707], "size": [1.39024, 5.0439, 0.55122], "uv": [6, 38]},
						{"origin": [0.55488, 5.9, -15.63415], "size": [1.39024, 5.0439, 0.64878], "uv": [1, 3]},
						{"origin": [0.55488, 6.05785, -17.19512], "size": [1.39024, 5.0439, 0.64878], "uv": [19, 25]},
						{"origin": [0.65244, 6.05785, -17.09756], "size": [1.19512, 5.0439, 1.79512], "uv": [22, 45]},
						{"origin": [0.55488, 5.63034, -18.5], "size": [1.39024, 1.26341, 2.2], "pivot": [7, -1.01287, -12.59876], "rotation": [-5, 0, 0], "uv": [5, 11]}
					]
				},
				{
					"name": "bone19",
					"parent": "ak_draco",
					"pivot": [1.25, 6.65, -11.5],
					"cubes": [
						{"origin": [-0.005, 9.49268, -15.8], "size": [2.51, 3.80732, 4.2], "inflate": -0.5, "uv": [10, 45]},
						{"origin": [-0.005, 9.08289, -17.0142], "size": [2.51, 1.46585, 4.29756], "inflate": -0.5, "pivot": [7, -4.11711, -11.2142], "rotation": [-5, 0, 0], "uv": [56, 31]},
						{"origin": [-0.10256, 9.08289, -17.20932], "size": [2.70512, 1.27073, 4.59024], "inflate": -0.5, "pivot": [7, -4.11711, -11.2142], "rotation": [-5, 0, 0], "uv": [55, 46]},
						{"origin": [-0.005, 11.09268, -15.8], "size": [2.51, 1.70732, 9.5], "inflate": -0.5, "uv": [28, 13]},
						{"origin": [-0.005, 11.4, -15.71463], "size": [2.51, 2, 9.41463], "inflate": -0.5, "uv": [0, 23]}
					]
				},
				{
					"name": "bone20",
					"parent": "ak_draco",
					"pivot": [1.25, 8.5, -12.18333],
					"cubes": [
						{"origin": [0.48058, 9.24857, -12.94945], "size": [1.49732, 1.29756, 3.5], "inflate": -0.5, "uv": [0, 34]},
						{"origin": [0.05658, 9.13517, -12.81945], "size": [2.37155, 1.39512, 4.37805], "inflate": -0.5, "uv": [55, 41]},
						{"origin": [0.57842, 9.14697, -12.63996], "size": [1.59488, 1.39512, 3.69512], "inflate": -0.5, "pivot": [0.3955, 9.64697, -9.44483], "rotation": [0, -7.5, 0], "uv": [32, 4]},
						{"origin": [0.91927, 9.14697, -12.73898], "size": [1.59488, 1.39512, 1.28887], "inflate": -0.5, "uv": [4, 50]},
						{"origin": [-0.01531, 9.14697, -12.73898], "size": [1.59488, 1.39512, 1.28887], "inflate": -0.5, "uv": [0, 50]},
						{"origin": [0.92469, 9.13517, -12.62843], "size": [1.59488, 1.39512, 3.69512], "inflate": -0.5, "pivot": [-0.03205, 9.63517, -9.53518], "rotation": [0, 7.5, 0], "uv": [32, 0]},
						{"origin": [0.34232, 9.14697, -12.38403], "size": [1.59488, 1.39512, 3.69512], "inflate": -0.5, "pivot": [0.15939, 9.64697, -9.18891], "rotation": [0, 7.5, 0], "uv": [28, 17]},
						{"origin": [-0.01437, 9.13517, -12.88352], "size": [1.59488, 1.39512, 3.69512], "inflate": -0.5, "pivot": [0.58925, 9.63517, -9.69355], "rotation": [0, -7.5, 0], "uv": [28, 13]},
						{"origin": [0.6, 10.21714, -11.40695], "size": [1.3, 2.0122, 1.2], "inflate": -0.5, "uv": [33, 13]},
						{"origin": [0.6, 10.32615, -11.434], "size": [1.3, 1.91463, 1.2], "inflate": -0.5, "pivot": [1.25, 10.96145, -10.92705], "rotation": [10, 0, 0], "uv": [45, 32]},
						{"origin": [0.6, 10.1193, -11.39858], "size": [1.3, 1.42683, 1.10244], "inflate": -0.5, "pivot": [1.25, 10.71521, -11.36545], "rotation": [-30, 0, 0], "uv": [45, 16]},
						{"origin": [0.6, 10.10368, -11.42094], "size": [1.3, 1.13415, 1.10244], "inflate": -0.5, "pivot": [1.25, 10.4069, -11.38782], "rotation": [-2.5, 0, 0], "uv": [45, 10]},
						{"origin": [0.6, 10.41226, -11.40695], "size": [1.3, 1.81707, 1.2], "inflate": -0.5, "pivot": [1.25, 10.95, -10.9], "rotation": [-35, 0, 0], "uv": [4, 44]},
						{"origin": [0.6, 10.41226, -11.40695], "size": [1.3, 1.81707, 1.78537], "inflate": -0.5, "pivot": [1.25, 10.95, -10.9], "rotation": [37.5, 0, 0], "uv": [41, 16]},
						{"origin": [0.6, 10.41226, -11.40695], "size": [1.3, 1.81707, 1.78537], "inflate": -0.5, "pivot": [1.25, 10.95, -10.9], "rotation": [45, 0, 0], "uv": [33, 40]}
					]
				},
				{
					"name": "bone21",
					"parent": "ak_draco",
					"pivot": [1.26974, 13.28958, -11.25279],
					"cubes": [
						{"origin": [0, 13, -15.3], "size": [2.5, 2.35669, 8.7], "inflate": -0.5, "uv": [32, 0]},
						{"origin": [1.2, 14.357, -15.3], "size": [1.3, 1.3, 9], "inflate": -0.5, "pivot": [2, 14.855, -7.3], "rotation": [0, 0, -45], "uv": [11, 35]},
						{"origin": [0.2, 14.357, -15.3], "size": [2.1, 1.4, 8.60976], "inflate": -0.5, "uv": [43, 43]},
						{"origin": [0.2, 14.3, -14], "size": [2.1, 1.4, 2.60976], "inflate": -0.5, "pivot": [1, 15, -13], "rotation": [22.5, 0, 0], "uv": [43, 43]},
						{"origin": [0.2, 14.8, -15], "size": [2.1, 1.4, 2.60976], "inflate": -0.5, "pivot": [1, 15, -13], "rotation": [22.5, 0, 0], "uv": [43, 43]},
						{"origin": [0.2, 14, -13], "size": [2.1, 1.4, 2.60976], "inflate": -0.5, "pivot": [1, 15, -13], "rotation": [22.5, 0, 0], "uv": [43, 43]},
						{"origin": [0.2, 13.5, -12], "size": [2.1, 1.4, 2.60976], "inflate": -0.5, "pivot": [1, 15, -13], "rotation": [22.5, 0, 0], "uv": [43, 43]},
						{"origin": [0.2, 13, -11], "size": [2.1, 1.4, 2.60976], "inflate": -0.5, "pivot": [1, 15, -13], "rotation": [22.5, 0, 0], "uv": [43, 43]},
						{"origin": [0.2, 8.6, -1], "size": [2.1, 1.4, 2.60976], "inflate": -0.5, "pivot": [1, 15, -13], "rotation": [22.5, 0, 0], "uv": [1, 125]},
						{"origin": [0.2, 9, -2], "size": [2.1, 1.4, 2.60976], "inflate": -0.5, "pivot": [1, 15, -13], "rotation": [22.5, 0, 0], "uv": [43, 43]},
						{"origin": [0.2, 9.3, -3], "size": [2.1, 1.4, 2.60976], "inflate": -0.5, "pivot": [1, 15, -13], "rotation": [22.5, 0, 0], "uv": [43, 43]},
						{"origin": [-0.8, 14.357, -24.3], "size": [4, 1.4, 10.60976], "inflate": -0.5, "pivot": [1, 15, -20], "rotation": [0, 0, 2.5], "uv": [0, 0]},
						{"origin": [-0.7, 13.5, -17.3], "size": [3.8, 2.4, 3.60976], "inflate": -0.5, "pivot": [1, 15.3, -16], "rotation": [12.5, 0, 2.5], "uv": [24, 55]},
						{"origin": [-0.7, 13.8, -18.3], "size": [3.8, 2.4, 3.60976], "inflate": -0.5, "pivot": [1, 15.3, -16], "rotation": [12.5, 0, 2.5], "uv": [12, 55]},
						{"origin": [-0.7, 14.1, -19.3], "size": [3.8, 2.4, 3.60976], "inflate": -0.5, "pivot": [1, 15.3, -16], "rotation": [15, 0, 2.5], "uv": [0, 54]},
						{"origin": [-0.7, 14.4, -20.3], "size": [3.8, 2.4, 3.60976], "inflate": -0.5, "pivot": [1, 15.3, -16], "rotation": [15, 0, 2.5], "uv": [53, 13]},
						{"origin": [-0.7, 14.8, -21.3], "size": [3.8, 2.4, 3.60976], "inflate": -0.5, "pivot": [1, 15.3, -16], "rotation": [17.5, 0, 2.5], "uv": [53, 8]},
						{"origin": [-0.7, 13.59647, -22.53142], "size": [3.8, 2.4, 3.60976], "inflate": -0.5, "pivot": [1, 15.3, -21], "rotation": [20, 0, 2.5], "uv": [53, 53]},
						{"origin": [-0.7, 14, -23.53142], "size": [3.8, 2.4, 3.60976], "inflate": -0.5, "pivot": [1, 15.3, -21], "rotation": [20, 0, 2.5], "uv": [39, 45]},
						{"origin": [-0.7, 14.5, -24.53142], "size": [3.8, 2.4, 3.60976], "inflate": -0.5, "pivot": [1, 15.3, -21], "rotation": [20, 0, 2.5], "uv": [22, 36]},
						{"origin": [-1.3, 15.5, -28.53142], "size": [4.8, 2.4, 6.60976], "inflate": -0.5, "pivot": [1, 15.3, -21], "rotation": [30, 0, 2.5], "uv": [44, 0]},
						{"origin": [-0.7, 13.94075, -24.3902], "size": [1, 1, 1], "pivot": [-1, 14.3, -24], "rotation": [30, 0, 2.5], "uv": [33, 14]},
						{"origin": [1.8, 13.94075, -24.3902], "size": [1, 1, 1], "pivot": [-1, 14.3, -24], "rotation": [30, 0, 2.5], "uv": [33, 14]},
						{"origin": [-1.3, 11, -28.21747], "size": [4.6, 3.4, 6.60976], "inflate": -0.5, "pivot": [1, 13.3, -26], "rotation": [2.5, 0, 2.5], "uv": [31, 36]},
						{"origin": [-1.52743, 15.6599, -25.58909], "size": [1, 1.4, 2.60976], "pivot": [-1, 17.3, -24], "rotation": [35, -17.5, -15], "uv": [0, 125]},
						{"origin": [-0.87548, 11.5, -28.09704], "size": [1, 1, 2.60976], "pivot": [0, 11.3, -27], "rotation": [35, 45, -15], "uv": [0, 116]},
						{"origin": [1.86453, 11.86081, -27.90164], "size": [1, 1, 2.60976], "pivot": [3, 12.3, -26], "rotation": [35, -45, 15], "uv": [0, 116], "mirror": true},
						{"origin": [-2.1827, 15.13686, -21.44252], "size": [1, 1.4, 2.60976], "pivot": [-1, 16.3, -21], "rotation": [37.5, -17.5, -15], "uv": [0, 125]},
						{"origin": [-2.12884, 15.75395, -23.15156], "size": [1, 1.4, 3.60976], "pivot": [-1, 17.3, -22], "rotation": [-30, -17.5, -15], "uv": [0, 124]},
						{"origin": [2.2, 15.0993, -24.48351], "size": [1, 1.4, 2.60976], "pivot": [3, 15.3, -24], "rotation": [35, 25, 15], "uv": [0, 125]},
						{"origin": [2.2, 13.0993, -21.48351], "size": [1, 1.4, 2.60976], "pivot": [3, 15.3, -24], "rotation": [35, 25, 15], "uv": [0, 125]},
						{"origin": [3.51438, 16.43102, -22.6], "size": [1, 1.4, 3.60976], "pivot": [3, 17.3, -22], "rotation": [-45, 25, 15], "uv": [0, 125]},
						{"origin": [0, 14.357, -15.3], "size": [1.3, 1.3, 9], "inflate": -0.5, "pivot": [0.5, 14.855, -7.3], "rotation": [0, 0, 45], "uv": [0, 34]},
						{"origin": [-0.36348, 12.2572, -15.3], "size": [1.88147, 2.35669, 8.70732], "inflate": -0.5, "pivot": [1.26975, 12.35629, -16.71328], "rotation": [0, 0, 45], "uv": [18, 45]},
						{"origin": [1.0227, 12.25608, -15.3], "size": [1.88147, 2.35669, 8.70732], "inflate": -0.5, "pivot": [1.26975, 12.35629, -16.71328], "rotation": [0, 0, -45], "uv": [0, 44]},
						{"origin": [0.47844, 12.39519, -14.90976], "size": [2.35669, 1.88147, 8.31707], "inflate": -0.5, "uv": [41, 10]},
						{"origin": [-0.29733, 12.29763, -14.90976], "size": [2.35669, 1.97903, 8.31707], "inflate": -0.5, "uv": [39, 23]}
					]
				},
				{
					"name": "bone22",
					"parent": "ak_draco",
					"pivot": [1.27514, 13.12479, -5.36],
					"cubes": [
						{"origin": [-0.1576, 14, 1.33685], "size": [2.8152, 1.32329, 3.30585], "inflate": -0.5, "pivot": [2.06003, 14.14005, 3.01901], "rotation": [27.5, 0, 0], "uv": [0, 124]},
						{"origin": [-0.1576, 11.90035, 1.53627], "size": [2.8152, 4.00622, 1.4278], "inflate": -0.5, "pivot": [7.02376, 12.6169, 2.82656], "rotation": [-32.5, 0, 0], "uv": [62, 51]},
						{"origin": [-0.1, 14.9617, -2.19359], "size": [2.7, 2.59159, 1.62293], "inflate": -0.5, "pivot": [7.02376, -2.07545, -13.29532], "rotation": [-12.5, 0, 0], "uv": [0, 2]},
						{"origin": [-0.06004, 12.17664, -7.46977], "size": [2.62007, 2.2989, 10.40341], "inflate": -0.5, "uv": [0, 11]},
						{"origin": [-0.06004, 12.2742, -7.37221], "size": [2.62007, 1.8111, 9.89122], "inflate": -0.5, "uv": [26, 26]},
						{"origin": [-0.05795, 11.90359, -7.57906], "size": [2.62007, 1.42085, 7.67171], "inflate": -0.5, "uv": [28, 45]},
						{"origin": [-0.05795, 11.90359, -7.57906], "size": [2.62007, 1.8111, 10.37902], "inflate": -0.5, "uv": [14, 14]},
						{"origin": [-0.06004, 11.85373, -7.68639], "size": [2.62007, 1.42085, 9.67171], "inflate": -0.5, "uv": [13, 25]},
						{"origin": [-0.00618, 10.9519, -7.46687], "size": [2.32739, 2.59159, 9.4522], "inflate": -0.5, "uv": [19, 2]},
						{"origin": [0.03961, 10.90727, -7.299], "size": [2.32739, 2.2989, 7.4522], "inflate": -0.5, "uv": [45, 32]}
					]
				},
				{
					"name": "sayap_kanan",
					"parent": "ak_draco",
					"pivot": [0, 15, -14],
					"rotation": [-10, 2.5, -97.5],
					"cubes": [
						{"origin": [-0.31001, 14.5694, -15.41149], "size": [1, 1, 6.60976], "pivot": [0, 15.3, -15], "rotation": [30, -60, 2.5], "uv": [45, 0]},
						{"origin": [-2.74003, 13.65545, -12.69059], "size": [5, 2.5, 3.4], "inflate": -1, "pivot": [0, 15.3, -12], "rotation": [10, -150, 32.5], "uv": [3, 123]},
						{"origin": [-3.29011, 16.1, -12.8], "size": [1, 1, 2.3], "pivot": [-2, 17.3, -12], "rotation": [-5, -172.5, 30], "uv": [40, 38]},
						{"origin": [-3.45361, 14.73011, -15.5], "size": [5, 2.5, 3.8], "inflate": -1, "pivot": [-2, 16.3, -13], "rotation": [-12.5, -155, 42.5], "uv": [0, 122]},
						{"origin": [-3.80635, 15.9, -10.3], "size": [3.3, 2.5, 4.4], "inflate": -1, "pivot": [-3, 16.3, -10], "rotation": [0, -155, 30], "uv": [0, 122]},
						{"origin": [-5.84762, 17.75241, -11], "size": [1, 1, 3.8], "pivot": [-4, 18.3, -11], "rotation": [30, -92.5, -27.5], "uv": [24, 55]},
						{"origin": [-6.79608, 17.96924, -17.06445], "size": [1, 1, 5.60976], "pivot": [-6, 18.3, -12], "rotation": [17.5, -152.5, -2.5], "uv": [40, 38]},
						{"origin": [-6.52552, 17.3, -19.88621], "size": [1, 2.5, 8.4], "inflate": -1, "pivot": [-6, 18.3, -12], "rotation": [0, -170, 35], "uv": [1, 117]},
						{"origin": [-6.52552, 17.3, -17.88621], "size": [1, 2.5, 6.4], "inflate": -1, "pivot": [-6, 18.3, -12], "rotation": [0, -157.5, 35], "uv": [4, 120]},
						{"origin": [-6.7, 17.3, -13.89002], "size": [1, 2.5, 10.4], "inflate": -1, "pivot": [-6, 18.3, -8], "rotation": [0, -177.5, 35], "uv": [0, 117]},
						{"origin": [-9, 16.77846, -14.02666], "size": [1, 2.5, 10.4], "inflate": -1, "pivot": [-8, 18.3, -8], "rotation": [0, -177.5, -20], "uv": [0, 117]},
						{"origin": [-8, 16.77846, -13.4], "size": [1, 2.5, 8.8], "inflate": -1, "pivot": [-8, 18.3, -8], "rotation": [0, -177.5, -20], "uv": [2, 117]},
						{"origin": [-8, 16.77846, -12.5], "size": [0, 2.5, 5.4], "inflate": -1, "pivot": [-8, 18.3, -8], "rotation": [0, 152.5, -20], "uv": [5, 120]},
						{"origin": [-7, 16.77846, -12.5], "size": [0, 2.5, 6.4], "inflate": -1, "pivot": [-8, 18.3, -8], "rotation": [0, 140, -20], "uv": [5, 120]},
						{"origin": [-8, 17.92562, -21], "size": [1, 1, 7.60976], "pivot": [-7, 18.3, -13], "rotation": [12.5, 137.5, -2.5], "uv": [40, 38]},
						{"origin": [-6.9656, 17.92562, -13], "size": [1, 1, 1.60976], "pivot": [-7, 18.3, -13], "rotation": [0, -145, -2.5], "uv": [24, 55]},
						{"origin": [-5.79608, 17.96924, -21.06445], "size": [1, 1, 9.60976], "pivot": [-6, 18.3, -12], "rotation": [0, -177.5, -2.5], "uv": [40, 38]}
					]
				},
				{
					"name": "sayap_kiri",
					"parent": "ak_draco",
					"pivot": [2, 15, -14],
					"rotation": [180, 175, 120],
					"cubes": [
						{"origin": [1.80477, 15, -15.40925], "size": [1, 1, 6.60976], "pivot": [3, 15.3, -15], "rotation": [20, 62.5, -2.5], "uv": [45, 0], "mirror": true},
						{"origin": [18.84762, 17.75241, -22], "size": [1, 1, 3.8], "pivot": [18, 18.3, -11], "rotation": [30, 92.5, 27.5], "uv": [24, 55], "mirror": true},
						{"origin": [27.9656, 16.92562, -20], "size": [1, 1, 1.60976], "pivot": [21, 18.3, -13], "rotation": [0, 145, 2.5], "uv": [24, 55], "mirror": true},
						{"origin": [9.25424, 17.8, -19.97978], "size": [1, 1, 7.60976], "pivot": [10, 17.3, -12], "rotation": [20, -137.5, 2.5], "uv": [40, 38], "mirror": true},
						{"origin": [13.75337, 15.22688, -12.00711], "size": [0, 2.5, 6.8], "inflate": -1, "pivot": [13, 16.3, -8], "rotation": [0, -135, 30], "uv": [5, 120], "mirror": true},
						{"origin": [13.8, 15.36086, -13.36066], "size": [0, 2.5, 6.8], "inflate": -1, "pivot": [13, 17.3, -8], "rotation": [0, -162.5, 30], "uv": [5, 120], "mirror": true},
						{"origin": [9.3, 16.36086, -16], "size": [1, 2.5, 8.8], "inflate": -1, "pivot": [11, 17.3, -9], "rotation": [0, 177.5, 30], "uv": [2, 119], "mirror": true},
						{"origin": [10.3, 16.3609, -16.6], "size": [1, 2.5, 10.4], "inflate": -1, "pivot": [11, 17.3, -9], "rotation": [0, 177.5, 22.5], "uv": [0, 117], "mirror": true},
						{"origin": [28.79608, 16.96924, -22.06445], "size": [1, 1, 9.60976], "pivot": [20, 18.3, -12], "rotation": [0, 177.5, 2.5], "uv": [40, 38], "mirror": true},
						{"origin": [10.12554, 16.8197, -10.54586], "size": [1, 2.5, 10.4], "inflate": -1, "pivot": [10, 18.3, -6], "rotation": [0, 177.5, -37.5], "uv": [0, 117], "mirror": true},
						{"origin": [7.3, 16.5, -14.44288], "size": [0, 1.5, 4.4], "inflate": -1, "pivot": [9, 17.3, -9], "rotation": [2.5, 157.5, -27.5], "uv": [7, 122], "mirror": true},
						{"origin": [8, 16.5, -12.44288], "size": [0, 1.5, 4.4], "inflate": -1, "pivot": [9, 17.3, -9], "rotation": [2.5, 132.5, -37.5], "uv": [7, 122], "mirror": true},
						{"origin": [8.41127, 16.0043, -11.44288], "size": [1, 2.5, 5.4], "inflate": -1, "pivot": [9, 17.3, -9], "rotation": [2.5, 150, -30], "uv": [6, 121], "mirror": true},
						{"origin": [28.3, 18.4, -22.3], "size": [1, 1, 5.60976], "pivot": [20, 18.3, -12], "rotation": [17.5, 152.5, 2.5], "uv": [40, 38], "mirror": true},
						{"origin": [3.8, 16.3, -13.07553], "size": [4, 2.5, 4.4], "inflate": -1, "pivot": [7, 17.3, -11], "rotation": [25, 150, 12.5], "uv": [0, 122], "mirror": true},
						{"origin": [0.18379, 14.75896, -11.91012], "size": [6, 2.5, 4.4], "inflate": -1, "pivot": [4, 17.3, -11], "rotation": [10, 150, -22.5], "uv": [0, 122], "mirror": true},
						{"origin": [3.87397, 15.67527, -14.7], "size": [1, 1, 2.3], "pivot": [4, 17.3, -13], "rotation": [-5, 167.5, -25], "uv": [40, 38], "mirror": true},
						{"origin": [1.83829, 14.5, -13.31984], "size": [5, 2.5, 3.4], "inflate": -1, "pivot": [3, 17.3, -12], "rotation": [10, 150, -25], "uv": [3, 123], "mirror": true}
					]
				}
			]
		}
	]
}