{
	"format_version": "1.12.0",
	"minecraft:geometry": [
		{
			"description": {
				"identifier": "geometry.scar_megalodon",
				"texture_width": 128,
				"texture_height": 128,
				"visible_bounds_width": 7,
				"visible_bounds_height": 5,
				"visible_bounds_offset": [0, 0.5, 0]
			},
			"bones": [
				{
					"name": "root",
					"pivot": [0, 0, 0]
				},
				{
					"name": "waist",
					"parent": "root",
					"pivot": [0, 12, 0]
				},
				{
					"name": "body",
					"parent": "waist",
					"pivot": [0, 24, 0]
				},
				{
					"name": "rightArm",
					"parent": "body",
					"pivot": [-5, 22, 0]
				},
				{
					"name": "gun",
					"parent": "rightArm",
					"pivot": [-5.75, 13.2, 0.1],
					"rotation": [90, 0, 0]
				},
				{
					"name": "scar_megalodon",
					"parent": "gun",
					"pivot": [1, 0, 0]
				},
				{
					"name": "bone",
					"parent": "scar_megalodon",
					"pivot": [-5.84756, 13, 1.28056],
					"rotation": [25, 0, 0],
					"cubes": [
						{"origin": [-6.26731, 10.16125, 1.71693], "size": [1.34, 5.98244, 1.53512], "inflate": -0.5, "pivot": [-5.61032, 13, 2.22905], "rotation": [0, 20, 0], "uv": [85, 25]},
						{"origin": [-6.13238, 10.16125, 1.83937], "size": [1.34, 5.98244, 1.34], "inflate": -0.5, "pivot": [-5.47539, 13, 2.15636], "rotation": [0, 40, 0], "uv": [56, 85]},
						{"origin": [-6.1438, 10.16125, 0.90135], "size": [1.34, 5.98244, 2.31561], "inflate": -0.5, "pivot": [-5.48681, 13, 2.19395], "rotation": [0, 80, 0], "uv": [0, 19]},
						{"origin": [-6.11997, 10.16125, 1.63056], "size": [2.02293, 5.98244, 1.34], "inflate": -0.5, "pivot": [-5.46298, 13, 1.94755], "rotation": [0, 90, 0], "uv": [0, 28]},
						{"origin": [-7.39795, 10.16125, 1.63056], "size": [1.92537, 6.32619, 1.34], "inflate": -0.5, "pivot": [-6.74096, 13, 1.94755], "rotation": [0, 90, 0], "uv": [39, 77]},
						{"origin": [-8.1792, 14.255, 1.63056], "size": [2.70662, 2.23244, 1.34], "inflate": -0.5, "pivot": [-6.74096, 13, 1.94755], "rotation": [0, 90, 0], "uv": [5, 66]},
						{"origin": [-6.56904, 10.16125, 1.51291], "size": [1.34, 5.98244, 1.73024], "inflate": -0.5, "pivot": [-5.91205, 13, 2.22015], "rotation": [0, -20, 0], "uv": [52, 85]},
						{"origin": [-6.69946, 10.16125, 0.35923], "size": [1.34, 5.00683, 2.80341], "inflate": -0.5, "pivot": [-6.04247, 13, 2.13964], "rotation": [0, -40, 0], "uv": [11, 10]},
						{"origin": [-6.67262, 10.16125, 1.85133], "size": [1.34, 5.98244, 1.34], "inflate": -0.5, "pivot": [-6.01563, 13, 2.16832], "rotation": [0, -80, 0], "uv": [82, 84]},
						{"origin": [-6.41896, 10.16125, 0.76348], "size": [1.34, 4.61659, 2.51073], "inflate": -0.5, "uv": [20, 8]}
					]
				},
				{
					"name": "bone2",
					"parent": "scar_megalodon",
					"pivot": [-5.84756, 13.19512, 1.6708],
					"rotation": [-25, 180, 0],
					"cubes": [
						{"origin": [-6.46451, 10.35637, 0.40897], "size": [1.34, 4.61659, 2.51073], "inflate": -0.5, "pivot": [-5.80752, 13.19512, 1.89669], "rotation": [0, 20, 0], "uv": [20, 0]},
						{"origin": [-6.32958, 10.35637, 1.50702], "size": [1.34, 4.81171, 1.34], "inflate": -0.5, "pivot": [-5.67259, 13.19512, 1.82401], "rotation": [0, 40, 0], "uv": [86, 42]},
						{"origin": [-6.341, 10.35637, 1.54461], "size": [1.34, 4.90927, 1.34], "inflate": -0.5, "pivot": [-5.68401, 13.19512, 1.8616], "rotation": [0, 80, 0], "uv": [85, 60]},
						{"origin": [-6.76624, 10.35637, 0.20495], "size": [1.34, 4.71415, 2.70585], "inflate": -0.5, "pivot": [-6.10925, 13.19512, 1.88779], "rotation": [0, -20, 0], "uv": [11, 19]},
						{"origin": [-6.89666, 10.35637, 1.49029], "size": [1.34, 5.00683, 1.34], "inflate": -0.5, "pivot": [-6.23967, 13.19512, 1.80728], "rotation": [0, -40, 0], "uv": [83, 49]},
						{"origin": [-6.86982, 10.35637, 1.51898], "size": [1.34, 5.10439, 1.34], "inflate": -0.5, "pivot": [-6.21283, 13.19512, 1.83597], "rotation": [0, -80, 0], "uv": [83, 37]},
						{"origin": [-6.61616, 10.35637, 1.60186], "size": [1.34, 4.61659, 1.34], "inflate": -0.5, "uv": [84, 0]}
					]
				},
				{
					"name": "bone3",
					"parent": "scar_megalodon",
					"pivot": [-4.38415, 15.34146, -0.37798],
					"rotation": [180, 180, 90],
					"cubes": [
						{"origin": [-5.59754, 15.44201, -0.45623], "size": [1.374, 2.52946, 1.374], "inflate": -0.5, "pivot": [-4.92486, 16.80732, -0.15754], "rotation": [0, 20, 0], "uv": [89, 25]},
						{"origin": [-5.44912, 15.44201, -0.53618], "size": [1.76424, 2.52946, 1.374], "inflate": -0.5, "pivot": [-4.77643, 16.80732, -0.23749], "rotation": [0, 40, 0], "uv": [85, 89]},
						{"origin": [-5.92945, 15.44201, -0.46602], "size": [1.374, 2.52946, 2.15449], "inflate": -0.5, "pivot": [-5.25676, 16.80732, -0.16733], "rotation": [0, -20, 0], "uv": [46, 18]},
						{"origin": [-6.07291, 15.44201, -0.55458], "size": [2.15449, 2.52946, 1.66668], "inflate": -0.5, "pivot": [-5.40022, 16.80732, -0.25589], "rotation": [0, -40, 0], "uv": [31, 65]},
						{"origin": [-6.52655, 15.44201, -0.12056], "size": [2.15449, 2.52946, 1.66668], "inflate": -0.5, "pivot": [-5.85386, 16.80732, 0.17813], "rotation": [0, -22.5, 0], "uv": [62, 49]},
						{"origin": [-5.76436, 15.44201, -0.43186], "size": [1.374, 2.52946, 1.374], "inflate": -0.5, "uv": [43, 89]}
					]
				},
				{
					"name": "bone4",
					"parent": "scar_megalodon",
					"pivot": [-7.11585, 15.34146, -1.64627],
					"rotation": [0, 180, 90],
					"cubes": [
						{"origin": [-8.32925, 15.44201, -1.72452], "size": [1.374, 2.52946, 1.374], "inflate": -0.5, "pivot": [-7.65656, 16.80732, -1.42583], "rotation": [0, 20, 0], "uv": [39, 89]},
						{"origin": [-8.18083, 15.44201, -1.80447], "size": [1.76424, 2.52946, 1.374], "inflate": -0.5, "pivot": [-7.50814, 16.80732, -1.50579], "rotation": [0, 40, 0], "uv": [28, 89]},
						{"origin": [-8.66116, 15.44201, -1.73431], "size": [1.374, 2.52946, 1.374], "inflate": -0.5, "pivot": [-7.98847, 16.80732, -1.43562], "rotation": [0, -20, 0], "uv": [88, 18]},
						{"origin": [-9.0348, 15.44201, -1.82287], "size": [1.60418, 2.52946, 1.374], "inflate": -0.5, "pivot": [-8.13193, 16.80732, -1.52418], "rotation": [0, -40, 0], "uv": [88, 13]},
						{"origin": [-8.49607, 15.44201, -1.70015], "size": [1.374, 2.52946, 1.374], "inflate": -0.5, "uv": [87, 8]}
					]
				},
				{
					"name": "bone5",
					"parent": "scar_megalodon",
					"pivot": [-5.84756, 14.7561, 0.50007],
					"rotation": [-37.5, 0, 0],
					"cubes": [
						{"origin": [-6.26731, 14.16125, 1.13157], "size": [1.34, 2.86049, 1.34], "inflate": -0.5, "pivot": [-5.61032, 14.7561, 1.44856], "rotation": [0, 20, 0], "uv": [0, 86]},
						{"origin": [-6.13238, 14.16125, 1.05888], "size": [1.34, 2.86049, 1.34], "inflate": -0.5, "pivot": [-5.47539, 14.7561, 1.37587], "rotation": [0, 40, 0], "uv": [43, 85]},
						{"origin": [-6.1438, 14.16125, 1.09647], "size": [1.34, 2.86049, 1.34], "inflate": -0.5, "pivot": [-5.48681, 14.7561, 1.41346], "rotation": [0, 80, 0], "uv": [39, 85]},
						{"origin": [-6.11997, 14.16125, 0.85007], "size": [1.34, 2.86049, 1.34], "inflate": -0.5, "pivot": [-5.46298, 14.7561, 1.16706], "rotation": [0, 90, 0], "uv": [33, 84]},
						{"origin": [-7.39795, 14.16125, 0.85007], "size": [1.34, 2.86049, 1.34], "inflate": -0.5, "pivot": [-6.74096, 14.7561, 1.16706], "rotation": [0, 90, 0], "uv": [56, 81]},
						{"origin": [-6.56904, 14.16125, 1.12267], "size": [1.34, 2.86049, 1.34], "inflate": -0.5, "pivot": [-5.91205, 14.7561, 1.43966], "rotation": [0, -20, 0], "uv": [75, 60]},
						{"origin": [-6.69946, 14.16125, 1.04216], "size": [1.34, 2.86049, 1.34], "inflate": -0.5, "pivot": [-6.04247, 14.7561, 1.35915], "rotation": [0, -40, 0], "uv": [75, 48]},
						{"origin": [-6.67262, 14.16125, 1.07085], "size": [1.34, 2.86049, 1.34], "inflate": -0.5, "pivot": [-6.01563, 14.7561, 1.38784], "rotation": [0, -80, 0], "uv": [74, 70]},
						{"origin": [-6.41896, 14.16125, 1.15372], "size": [1.34, 2.86049, 1.34], "inflate": -0.5, "uv": [74, 20]}
					]
				},
				{
					"name": "bone6",
					"parent": "scar_megalodon",
					"pivot": [-5.84756, 13.19512, 0.79275],
					"cubes": [
						{"origin": [-6.26731, 12.60027, 1.42425], "size": [1.34, 3.73854, 1.34], "inflate": -0.5, "pivot": [-5.61032, 13.19512, 1.74124], "rotation": [0, 20, 0], "uv": [78, 88]},
						{"origin": [-6.13238, 12.60027, 1.35157], "size": [1.34, 3.73854, 1.34], "inflate": -0.5, "pivot": [-5.47539, 13.19512, 1.66856], "rotation": [0, 40, 0], "uv": [87, 49]},
						{"origin": [-6.1438, 12.60027, 1.38915], "size": [1.34, 3.73854, 1.34], "inflate": -0.5, "pivot": [-5.48681, 13.19512, 1.70614], "rotation": [0, 80, 0], "uv": [87, 37]},
						{"origin": [-6.11997, 12.60027, 1.14275], "size": [1.34, 3.73854, 1.34], "inflate": -0.5, "pivot": [-5.46298, 13.19512, 1.45974], "rotation": [0, 90, 0], "uv": [87, 4]},
						{"origin": [-7.39795, 12.60027, 1.14275], "size": [1.34, 3.73854, 1.34], "inflate": -0.5, "pivot": [-6.74096, 13.19512, 1.45974], "rotation": [0, 90, 0], "uv": [72, 87]},
						{"origin": [-6.56904, 12.60027, 1.41535], "size": [1.34, 3.73854, 1.34], "inflate": -0.5, "pivot": [-5.91205, 13.19512, 1.73234], "rotation": [0, -20, 0], "uv": [65, 87]},
						{"origin": [-6.69946, 12.60027, 1.33484], "size": [1.34, 3.73854, 1.34], "inflate": -0.5, "pivot": [-6.04247, 13.19512, 1.65183], "rotation": [0, -40, 0], "uv": [86, 72]},
						{"origin": [-6.67262, 12.60027, 1.36353], "size": [1.34, 3.73854, 1.34], "inflate": -0.5, "pivot": [-6.01563, 13.19512, 1.68052], "rotation": [0, -80, 0], "uv": [86, 54]},
						{"origin": [-6.41896, 12.60027, 1.4464], "size": [1.34, 3.73854, 1.34], "inflate": -0.5, "uv": [85, 77]}
					]
				},
				{
					"name": "bone7",
					"parent": "scar_megalodon",
					"pivot": [-5.84756, 13.97561, 0.50007],
					"rotation": [-12.5, 0, 0],
					"cubes": [
						{"origin": [-6.26731, 13.38076, 1.13157], "size": [1.34, 3.15317, 1.34], "inflate": -0.5, "pivot": [-5.61032, 13.97561, 1.44856], "rotation": [0, 20, 0], "uv": [85, 65]},
						{"origin": [-6.13238, 13.38076, 1.05888], "size": [1.34, 3.15317, 1.34], "inflate": -0.5, "pivot": [-5.47539, 13.97561, 1.37587], "rotation": [0, 40, 0], "uv": [85, 31]},
						{"origin": [-6.1438, 13.38076, 1.09647], "size": [1.34, 3.15317, 1.34], "inflate": -0.5, "pivot": [-5.48681, 13.97561, 1.41346], "rotation": [0, 80, 0], "uv": [7, 85]},
						{"origin": [-6.11997, 13.18564, 0.85007], "size": [1.92537, 3.34829, 1.34], "inflate": -0.5, "pivot": [-5.46298, 13.97561, 1.16706], "rotation": [0, 90, 0], "uv": [81, 31]},
						{"origin": [-7.39795, 13.38076, 0.85007], "size": [1.34, 3.15317, 1.34], "inflate": -0.5, "pivot": [-6.74096, 13.97561, 1.16706], "rotation": [0, 90, 0], "uv": [80, 18]},
						{"origin": [-6.56904, 13.38076, 1.12267], "size": [1.34, 3.15317, 1.34], "inflate": -0.5, "pivot": [-5.91205, 13.97561, 1.43966], "rotation": [0, -20, 0], "uv": [80, 13]},
						{"origin": [-6.69946, 13.38076, 1.04216], "size": [1.34, 3.15317, 1.34], "inflate": -0.5, "pivot": [-6.04247, 13.97561, 1.35915], "rotation": [0, -40, 0], "uv": [77, 51]},
						{"origin": [-6.67262, 13.38076, 1.07085], "size": [1.34, 3.15317, 1.34], "inflate": -0.5, "pivot": [-6.01563, 13.97561, 1.38784], "rotation": [0, -80, 0], "uv": [74, 16]},
						{"origin": [-6.41896, 13.38076, 1.15372], "size": [1.34, 3.15317, 1.34], "inflate": -0.5, "uv": [74, 7]}
					]
				},
				{
					"name": "bone8",
					"parent": "scar_megalodon",
					"pivot": [-5.84756, 16.31707, 1.57324],
					"rotation": [-82.5, 0, 0],
					"cubes": [
						{"origin": [-6.26731, 15.72222, 2.20474], "size": [1.34, 4.12878, 1.34], "inflate": -0.5, "pivot": [-5.61032, 16.31707, 2.52173], "rotation": [0, 20, 0], "uv": [52, 79]},
						{"origin": [-6.13238, 15.72222, 2.13205], "size": [1.34, 3.41003, 1.34], "inflate": -0.5, "pivot": [-5.47539, 16.31707, 2.44904], "rotation": [0, 40, 0], "uv": [74, 3]},
						{"origin": [-6.1438, 15.72222, 2.16964], "size": [1.34, 2.47024, 1.34], "inflate": -0.5, "pivot": [-5.48681, 16.31707, 2.48663], "rotation": [0, 80, 0], "uv": [0, 74]},
						{"origin": [-6.11997, 15.72222, 1.92324], "size": [1.34, 2.5678, 1.34], "inflate": -0.5, "pivot": [-5.46298, 16.31707, 2.24023], "rotation": [0, 90, 0], "uv": [43, 73]},
						{"origin": [-7.39795, 15.72222, 1.92324], "size": [1.34, 2.5678, 1.34], "inflate": -0.5, "pivot": [-6.74096, 16.31707, 2.24023], "rotation": [0, 90, 0], "uv": [72, 32]},
						{"origin": [-6.56904, 15.72222, 2.19584], "size": [1.34, 4.12878, 1.34], "inflate": -0.5, "pivot": [-5.91205, 16.31707, 2.51283], "rotation": [0, -20, 0], "uv": [75, 36]},
						{"origin": [-6.69946, 15.72222, 2.11533], "size": [1.34, 3.73854, 1.34], "inflate": -0.5, "pivot": [-6.04247, 16.31707, 2.43232], "rotation": [0, -40, 0], "uv": [7, 73]},
						{"origin": [-6.67262, 15.72222, 2.14402], "size": [1.34, 2.47024, 1.34], "inflate": -0.5, "pivot": [-6.01563, 16.31707, 2.46101], "rotation": [0, -80, 0], "uv": [72, 13]},
						{"origin": [-6.41896, 15.72222, 2.22689], "size": [1.34, 4.12878, 1.34], "inflate": -0.5, "uv": [63, 73]}
					]
				},
				{
					"name": "bone9",
					"parent": "scar_megalodon",
					"pivot": [-5.91387, 16.5122, 2.74397],
					"rotation": [-90, 0, 0],
					"cubes": [
						{"origin": [-6.27458, 15.62476, 3.27695], "size": [1.34, 7.90927, 1.34], "inflate": -0.5, "pivot": [-5.61759, 16.21961, 3.59394], "rotation": [0, 20, 0], "uv": [45, 0]},
						{"origin": [-6.18628, 16.62476, 3.33029], "size": [2.1525, 7.12878, 1.34], "inflate": -0.5, "pivot": [-5.52929, 16.21961, 3.64728], "rotation": [0, 90, 0], "uv": [10, 0]},
						{"origin": [-6.07334, 16.40525, 2.30244], "size": [1.34, 7.34829, 1.34], "inflate": -0.5, "pivot": [-5.41635, 16.21961, 2.61943], "rotation": [0, 40, 0], "uv": [17, 78]},
						{"origin": [-6.13965, 15.62476, 3.20427], "size": [1.34, 8.12878, 1.34], "inflate": -0.5, "pivot": [-5.48266, 16.21961, 3.52126], "rotation": [0, 40, 0], "uv": [42, 37]},
						{"origin": [-6.57631, 15.62476, 3.26805], "size": [1.34, 7.90927, 1.34], "inflate": -0.5, "pivot": [-5.91932, 16.21961, 3.58504], "rotation": [0, -20, 0], "uv": [41, 0]},
						{"origin": [-6.70673, 15.62476, 3.18754], "size": [1.34, 8.12878, 1.34], "inflate": -0.5, "pivot": [-6.04974, 16.21961, 3.50453], "rotation": [0, -40, 0], "uv": [19, 38]},
						{"origin": [-6.76059, 16.21013, 2.28571], "size": [1.34, 7.54341, 1.34], "inflate": -0.5, "pivot": [-6.1036, 16.21961, 2.6027], "rotation": [0, -40, 0], "uv": [13, 78]},
						{"origin": [-6.42623, 15.62476, 3.2991], "size": [1.34, 7.90927, 1.34], "inflate": -0.5, "uv": [15, 38]}
					]
				},
				{
					"name": "bone10",
					"parent": "scar_megalodon",
					"pivot": [-5.84756, 16.5122, 2.93909],
					"rotation": [-90, 0, 0],
					"cubes": [
						{"origin": [-6.2633, 15.9126, 3.62717], "size": [1.357, 1.41693, 1.357], "inflate": -0.5, "pivot": [-5.59846, 16.5122, 3.93501], "rotation": [0, 20, 0], "uv": [13, 92]},
						{"origin": [-6.12162, 15.9126, 3.55085], "size": [1.357, 1.41693, 1.357], "inflate": -0.5, "pivot": [-5.45678, 16.5122, 3.85869], "rotation": [0, 40, 0], "uv": [4, 92]},
						{"origin": [-6.13362, 15.9126, 3.59032], "size": [1.357, 1.41693, 1.357], "inflate": -0.5, "pivot": [-5.46878, 16.5122, 3.89815], "rotation": [0, 80, 0], "uv": [0, 92]},
						{"origin": [-6.10859, 15.9126, 3.3316], "size": [3.99115, 1.41693, 1.357], "inflate": -0.5, "pivot": [-5.44375, 16.5122, 3.63943], "rotation": [0, 90, 0], "uv": [29, 13]},
						{"origin": [-7.45047, 15.9126, 3.3316], "size": [3.79602, 1.41693, 2.357], "inflate": -0.5, "pivot": [-6.78563, 16.5122, 3.63943], "rotation": [0, 90, 0], "uv": [39, 33]},
						{"origin": [-7.45047, 15.9126, 3.3316], "size": [3.79602, 1.41693, 2.357], "inflate": -0.5, "pivot": [-6.78563, 16.5122, 3.63943], "rotation": [0, 90, 0], "uv": [39, 33]},
						{"origin": [-6.58012, 15.9126, 3.61782], "size": [1.357, 1.41693, 1.357], "inflate": -0.5, "pivot": [-5.91528, 16.5122, 3.92566], "rotation": [0, -20, 0], "uv": [91, 90]},
						{"origin": [-6.71705, 15.9126, 3.53329], "size": [1.357, 1.41693, 1.357], "inflate": -0.5, "pivot": [-6.05221, 16.5122, 3.84113], "rotation": [0, -40, 0], "uv": [91, 88]},
						{"origin": [-6.68887, 15.9126, 3.56341], "size": [1.357, 1.41693, 1.357], "inflate": -0.5, "pivot": [-6.02403, 16.5122, 3.87125], "rotation": [0, -80, 0], "uv": [91, 86]},
						{"origin": [-6.42253, 15.9126, 3.65043], "size": [1.357, 1.41693, 1.357], "inflate": -0.5, "uv": [91, 84]}
					]
				},
				{
					"name": "bone11",
					"parent": "scar_megalodon",
					"pivot": [-5.84756, 17.78049, 3.13422],
					"rotation": [90, 0, 0],
					"cubes": [
						{"origin": [-6.2633, 17.18089, 3.82229], "size": [1.357, 1.41693, 1.357], "inflate": -0.5, "pivot": [-5.59846, 17.78049, 4.13013], "rotation": [0, 20, 0], "uv": [81, 91]},
						{"origin": [-6.12162, 17.18089, 3.74597], "size": [1.357, 1.41693, 1.357], "inflate": -0.5, "pivot": [-5.45678, 17.78049, 4.05381], "rotation": [0, 40, 0], "uv": [46, 91]},
						{"origin": [-6.13362, 17.18089, 3.78544], "size": [1.357, 1.41693, 1.357], "inflate": -0.5, "pivot": [-5.46878, 17.78049, 4.09328], "rotation": [0, 80, 0], "uv": [31, 91]},
						{"origin": [-6.10859, 17.18089, 3.52672], "size": [1.357, 1.41693, 1.357], "inflate": -0.5, "pivot": [-5.44375, 17.78049, 3.83456], "rotation": [0, 90, 0], "uv": [20, 91]},
						{"origin": [-7.45047, 17.18089, 3.52672], "size": [1.357, 1.41693, 1.357], "inflate": -0.5, "pivot": [-6.78563, 17.78049, 3.83456], "rotation": [0, 90, 0], "uv": [90, 45]},
						{"origin": [-6.58012, 17.18089, 3.81294], "size": [1.357, 1.41693, 1.357], "inflate": -0.5, "pivot": [-5.91528, 17.78049, 4.12078], "rotation": [0, -20, 0], "uv": [90, 43]},
						{"origin": [-6.71705, 17.18089, 3.72841], "size": [1.357, 1.41693, 1.357], "inflate": -0.5, "pivot": [-6.05221, 17.78049, 4.03625], "rotation": [0, -30, 0], "uv": [68, 90]},
						{"origin": [-6.68887, 17.18089, 3.75853], "size": [1.357, 1.41693, 1.357], "inflate": -0.5, "pivot": [-6.02403, 17.78049, 4.06637], "rotation": [0, -80, 0], "uv": [59, 90]},
						{"origin": [-6.42253, 17.18089, 3.84555], "size": [1.357, 1.41693, 1.357], "inflate": -0.5, "uv": [17, 90]}
					]
				},
				{
					"name": "bone12",
					"parent": "scar_megalodon",
					"pivot": [-5.84756, 20.41463, 10.15861],
					"rotation": [90, 0, 0],
					"cubes": [
						{"origin": [-6.26731, 21.87641, 7.73037], "size": [1.34, 5.93366, 1.34], "inflate": -0.5, "pivot": [-5.61032, 22.47126, 8.04736], "rotation": [0, 20, 0], "uv": [83, 5]},
						{"origin": [-6.13238, 21.87641, 7.65768], "size": [1.34, 5.93366, 1.34], "inflate": -0.5, "pivot": [-5.47539, 22.47126, 7.97467], "rotation": [0, 40, 0], "uv": [82, 72]},
						{"origin": [-6.1438, 21.87641, 7.69527], "size": [1.34, 5.95805, 1.34], "inflate": -0.5, "pivot": [-5.48681, 22.47126, 8.01226], "rotation": [0, 80, 0], "uv": [78, 82]},
						{"origin": [-6.1438, 31.3, 7.69527], "size": [1.34, 13.5, 1.34], "inflate": -0.5, "pivot": [-5.48681, 22.47126, 8.01226], "rotation": [0, 80, 0], "uv": [86, 96]},
						{"origin": [-6.11997, 21.87641, 7.44887], "size": [1.34, 5.95805, 1.34], "inflate": -0.5, "pivot": [-5.46298, 22.47126, 7.76586], "rotation": [0, 90, 0], "uv": [69, 82]},
						{"origin": [-6.11997, 31.2, 7.44887], "size": [1.34, 13.5, 1.34], "inflate": -0.5, "pivot": [-5.46298, 22.47126, 7.76586], "rotation": [0, 90, 0], "uv": [82, 96]},
						{"origin": [-7.39795, 21.87641, 7.44887], "size": [1.34, 5.95805, 1.34], "inflate": -0.5, "pivot": [-6.74096, 22.47126, 7.76586], "rotation": [0, 90, 0], "uv": [81, 25]},
						{"origin": [-7.39795, 31.3, 7.44887], "size": [1.34, 13.5, 1.34], "inflate": -0.5, "pivot": [-6.74096, 22.47126, 7.76586], "rotation": [0, 90, 0], "uv": [78, 96]},
						{"origin": [-6.56904, 21.87641, 7.72147], "size": [1.34, 5.93366, 1.34], "inflate": -0.5, "pivot": [-5.91205, 22.47126, 8.03846], "rotation": [0, -20, 0], "uv": [65, 81]},
						{"origin": [-6.69946, 21.87641, 7.64096], "size": [1.34, 6.12878, 1.34], "inflate": -0.5, "pivot": [-6.04247, 22.47126, 7.95795], "rotation": [0, -40, 0], "uv": [76, 73]},
						{"origin": [-6.67262, 31.2, 7.66965], "size": [1.34, 13.8, 1.34], "inflate": -0.5, "pivot": [-6.01563, 22.47126, 7.98664], "rotation": [0, -80, 0], "uv": [74, 94]},
						{"origin": [-6.67262, 21.87641, 7.66965], "size": [1.34, 5.95805, 1.34], "inflate": -0.5, "pivot": [-6.01563, 22.47126, 7.98664], "rotation": [0, -80, 0], "uv": [80, 0]},
						{"origin": [-6.41896, 21.87641, 7.75252], "size": [1.34, 5.93366, 1.34], "inflate": -0.5, "uv": [43, 77]}
					]
				},
				{
					"name": "bone13",
					"parent": "scar_megalodon",
					"pivot": [-5.84756, 14.85366, 8.59763],
					"rotation": [62.5, 0, 0],
					"cubes": [
						{"origin": [-6.26731, 18.84417, 9.22913], "size": [1.34, 3.34829, 1.34], "inflate": -0.5, "pivot": [-5.61032, 14.85366, 9.54612], "rotation": [0, 20, 0], "uv": [20, 69]},
						{"origin": [-6.13238, 18.84417, 9.15644], "size": [1.34, 3.34829, 1.34], "inflate": -0.5, "pivot": [-5.47539, 14.85366, 9.47343], "rotation": [0, 40, 0], "uv": [7, 69]},
						{"origin": [-6.1438, 18.84417, 9.19403], "size": [1.34, 3.34829, 1.34], "inflate": -0.5, "pivot": [-5.48681, 14.85366, 9.51102], "rotation": [0, 80, 0], "uv": [33, 68]},
						{"origin": [-6.11997, 18.84417, 8.94763], "size": [1.34, 3.34829, 1.34], "inflate": -0.5, "pivot": [-5.46298, 14.85366, 9.26462], "rotation": [0, 90, 0], "uv": [64, 52]},
						{"origin": [-7.39795, 18.84417, 8.94763], "size": [1.34, 3.34829, 1.34], "inflate": -0.5, "pivot": [-6.74096, 14.85366, 9.26462], "rotation": [0, 90, 0], "uv": [7, 61]},
						{"origin": [-6.56904, 18.84417, 9.22023], "size": [1.34, 3.34829, 1.34], "inflate": -0.5, "pivot": [-5.91205, 14.85366, 9.53722], "rotation": [0, -20, 0], "uv": [37, 59]},
						{"origin": [-6.69946, 18.84417, 9.13972], "size": [1.34, 3.34829, 1.34], "inflate": -0.5, "pivot": [-6.04247, 14.85366, 9.45671], "rotation": [0, -40, 0], "uv": [41, 12]},
						{"origin": [-6.67262, 18.84417, 9.16841], "size": [1.34, 3.34829, 1.34], "inflate": -0.5, "pivot": [-6.01563, 14.85366, 9.4854], "rotation": [0, -80, 0], "uv": [8, 38]},
						{"origin": [-6.41896, 18.84417, 9.25128], "size": [1.34, 3.34829, 1.34], "inflate": -0.5, "uv": [0, 38]}
					]
				},
				{
					"name": "bone14",
					"parent": "scar_megalodon",
					"pivot": [-5.84756, 14.36585, 13.57324],
					"rotation": [62.5, 0, 0],
					"cubes": [
						{"origin": [-6.26731, 19.33198, 14.20474], "size": [1.34, 2.37268, 1.34], "inflate": -0.5, "pivot": [-5.61032, 14.36585, 14.52173], "rotation": [0, 20, 0], "uv": [72, 0]},
						{"origin": [-6.13238, 19.33198, 14.13205], "size": [1.34, 2.37268, 1.34], "inflate": -0.5, "pivot": [-5.47539, 14.36585, 14.44904], "rotation": [0, 40, 0], "uv": [33, 72]},
						{"origin": [-6.1438, 19.42954, 14.16964], "size": [1.34, 2.27512, 1.34], "inflate": -0.5, "pivot": [-5.48681, 14.36585, 14.48663], "rotation": [0, 80, 0], "uv": [60, 69]},
						{"origin": [-6.11997, 19.42954, 13.92324], "size": [1.34, 2.27512, 1.34], "inflate": -0.5, "pivot": [-5.46298, 14.36585, 14.24023], "rotation": [0, 90, 0], "uv": [56, 69]},
						{"origin": [-6.17901, 19.33198, 14.25808], "size": [1.92537, 2.37268, 1.34], "inflate": -0.5, "pivot": [-5.52202, 14.36585, 14.57507], "rotation": [0, 90, 0], "uv": [68, 32]},
						{"origin": [-7.39795, 19.33198, 13.92324], "size": [1.34, 2.37268, 1.34], "inflate": -0.5, "pivot": [-6.74096, 14.36585, 14.24023], "rotation": [0, 90, 0], "uv": [68, 25]},
						{"origin": [-6.56904, 19.33198, 14.19584], "size": [1.34, 2.37268, 1.34], "inflate": -0.5, "pivot": [-5.91205, 14.36585, 14.51283], "rotation": [0, -20, 0], "uv": [67, 8]},
						{"origin": [-6.69946, 19.33198, 14.11533], "size": [1.34, 2.37268, 1.34], "inflate": -0.5, "pivot": [-6.04247, 14.36585, 14.43232], "rotation": [0, -40, 0], "uv": [18, 66]},
						{"origin": [-6.67262, 19.33198, 14.14402], "size": [1.34, 2.37268, 1.34], "inflate": -0.5, "pivot": [-6.01563, 14.36585, 14.46101], "rotation": [0, -80, 0], "uv": [63, 57]},
						{"origin": [-6.41896, 19.33198, 14.22689], "size": [1.34, 2.37268, 1.34], "inflate": -0.5, "uv": [62, 41]}
					]
				},
				{
					"name": "bone15",
					"parent": "scar_megalodon",
					"pivot": [-5.84756, 16.41463, 15.23178],
					"rotation": [90, 0, 0],
					"cubes": [
						{"origin": [-6.27533, 18.90244, 15.75013], "size": [1.306, 4.16712, 1.306], "inflate": -0.5, "pivot": [-5.63404, 16.41463, 16.08542], "rotation": [0, 20, 0], "uv": [59, 73]},
						{"origin": [-6.60371, 18.80488, 17.83929], "size": [1.306, 4.16712, 1.13039], "inflate": -0.5, "pivot": [-9.58526, 16.31707, 16.40005], "rotation": [0, 20, 0], "uv": [52, 73]},
						{"origin": [-5.78155, 18.80488, 15.35312], "size": [1.306, 4.16712, 1.13039], "inflate": -0.5, "pivot": [-8.76309, 16.31707, 13.91387], "rotation": [0, -20, 0], "uv": [39, 71]},
						{"origin": [-6.1539, 18.90244, 15.68471], "size": [1.306, 4.16712, 1.306], "inflate": -0.5, "pivot": [-5.51261, 16.41463, 16.02], "rotation": [0, 40, 0], "uv": [68, 36]},
						{"origin": [-6.16418, 18.90244, 15.71854], "size": [1.306, 4.16712, 1.306], "inflate": -0.5, "pivot": [-5.52289, 16.41463, 16.05383], "rotation": [0, 80, 0], "uv": [48, 65]},
						{"origin": [-7.29291, 18.90244, 15.49678], "size": [1.306, 4.16712, 1.306], "inflate": -0.5, "pivot": [-6.65162, 16.41463, 15.83207], "rotation": [0, 90, 0], "uv": [39, 65]},
						{"origin": [-6.5469, 18.90244, 15.74212], "size": [1.306, 4.16712, 1.306], "inflate": -0.5, "pivot": [-5.9056, 16.41463, 16.07741], "rotation": [0, -20, 0], "uv": [63, 61]},
						{"origin": [-6.66427, 18.90244, 15.66966], "size": [1.306, 4.16712, 1.306], "inflate": -0.5, "pivot": [-6.02298, 16.41463, 16.00495], "rotation": [0, -40, 0], "uv": [56, 61]},
						{"origin": [-6.64011, 18.90244, 15.69548], "size": [1.306, 4.16712, 1.306], "inflate": -0.5, "pivot": [-5.99882, 16.41463, 16.03077], "rotation": [0, -80, 0], "uv": [54, 25]},
						{"origin": [-6.41182, 18.90244, 15.77006], "size": [1.306, 4.16712, 1.306], "inflate": -0.5, "uv": [13, 54]},
						{"origin": [-6.41182, 18.70732, 16.52372], "size": [1.306, 4.26468, 1.13039], "inflate": -0.5, "uv": [50, 52]}
					]
				},
				{
					"name": "bone16",
					"parent": "scar_megalodon",
					"pivot": [-5.84756, 17.29268, 9.08544],
					"rotation": [-142.5, 0, 0],
					"cubes": [
						{"origin": [-6.27533, 16.70732, 9.60378], "size": [1.306, 7.24029, 1.306], "inflate": -0.5, "pivot": [-5.63404, 17.29268, 9.93907], "rotation": [0, 20, 0], "uv": [4, 78]},
						{"origin": [-6.1539, 16.70732, 9.53837], "size": [1.306, 7.24029, 1.306], "inflate": -0.5, "pivot": [-5.51261, 17.29268, 9.87366], "rotation": [0, 40, 0], "uv": [0, 78]},
						{"origin": [-6.16418, 18.46342, 9.5722], "size": [1.306, 5.4842, 1.306], "inflate": -0.5, "pivot": [-5.52289, 17.29268, 9.90749], "rotation": [0, 80, 0], "uv": [74, 25]},
						{"origin": [-6.14273, 20.97561, 9.35044], "size": [1.69624, 2.19151, 1.306], "inflate": -0.5, "pivot": [-5.50144, 17.29268, 9.68573], "rotation": [0, 90, 0], "uv": [69, 74]},
						{"origin": [-7.29291, 18.37561, 9.35044], "size": [1.36088, 5.10622, 1.306], "inflate": -0.5, "pivot": [-6.65162, 17.29268, 9.68573], "rotation": [0, 90, 0], "uv": [30, 29]},
						{"origin": [-6.5469, 16.70732, 9.59577], "size": [1.306, 7.24029, 1.306], "inflate": -0.5, "pivot": [-5.9056, 17.29268, 9.93107], "rotation": [0, -20, 0], "uv": [30, 77]},
						{"origin": [-6.66427, 16.70732, 9.52331], "size": [1.306, 7.24029, 1.306], "inflate": -0.5, "pivot": [-6.02298, 17.29268, 9.85861], "rotation": [0, -40, 0], "uv": [26, 77]},
						{"origin": [-6.64011, 16.70732, 9.54913], "size": [1.306, 7.24029, 1.306], "inflate": -0.5, "pivot": [-5.99882, 17.29268, 9.88443], "rotation": [0, -80, 0], "uv": [48, 37]},
						{"origin": [-6.41182, 16.70732, 9.62372], "size": [1.306, 7.24029, 1.306], "inflate": -0.5, "uv": [20, 19]}
					]
				},
				{
					"name": "bone17",
					"parent": "scar_megalodon",
					"pivot": [-5.84756, 16.12195, 1.57324],
					"rotation": [-70, 0, 0],
					"cubes": [
						{"origin": [-6.26731, 15.5271, 2.20474], "size": [1.34, 4.12878, 1.34], "inflate": -0.5, "pivot": [-5.61032, 16.12195, 2.52173], "rotation": [0, 20, 0], "uv": [43, 52]},
						{"origin": [-6.13238, 15.5271, 2.13205], "size": [1.34, 2.5678, 1.34], "inflate": -0.5, "pivot": [-5.47539, 16.12195, 2.44904], "rotation": [0, 40, 0], "uv": [61, 21]},
						{"origin": [-6.1438, 15.5271, 2.16964], "size": [1.34, 2.37268, 1.34], "inflate": -0.5, "pivot": [-5.48681, 16.12195, 2.48663], "rotation": [0, 80, 0], "uv": [61, 7]},
						{"origin": [-6.11997, 15.5271, 1.92324], "size": [1.34, 2.5678, 1.34], "inflate": -0.5, "pivot": [-5.46298, 16.12195, 2.24023], "rotation": [0, 90, 0], "uv": [49, 61]},
						{"origin": [-7.39795, 15.5271, 1.92324], "size": [1.34, 2.47024, 1.34], "inflate": -0.5, "pivot": [-6.74096, 16.12195, 2.24023], "rotation": [0, 90, 0], "uv": [48, 8]},
						{"origin": [-6.56904, 15.5271, 2.19584], "size": [1.34, 4.12878, 1.34], "inflate": -0.5, "pivot": [-5.91205, 16.12195, 2.51283], "rotation": [0, -20, 0], "uv": [0, 45]},
						{"origin": [-6.69946, 15.5271, 2.11533], "size": [1.34, 4.12878, 1.34], "inflate": -0.5, "pivot": [-6.04247, 16.12195, 2.43232], "rotation": [0, -40, 0], "uv": [39, 24]},
						{"origin": [-6.67262, 15.5271, 2.14402], "size": [1.34, 2.37268, 1.34], "inflate": -0.5, "pivot": [-6.01563, 16.12195, 2.46101], "rotation": [0, -80, 0], "uv": [20, 48]},
						{"origin": [-6.41896, 15.5271, 2.22689], "size": [1.34, 4.12878, 1.34], "inflate": -0.5, "uv": [39, 18]}
					]
				},
				{
					"name": "bone18",
					"parent": "scar_megalodon",
					"pivot": [-5.7, 11.31746, -3.50866],
					"cubes": [
						{"origin": [-6.44512, 10.05785, -4.31707], "size": [1.39024, 5.0439, 0.55122], "uv": [34, 0]},
						{"origin": [-6.44512, 10.05785, -3.63415], "size": [1.39024, 5.0439, 0.64878], "uv": [24, 19]},
						{"origin": [-6.44512, 10.05785, -5.19512], "size": [1.39024, 5.0439, 0.64878], "uv": [16, 0]},
						{"origin": [-6.34756, 10.05785, -5.09756], "size": [1.19512, 5.0439, 1.79512], "uv": [30, 0]},
						{"origin": [-6.44512, 9.63034, -5.79389], "size": [1.39024, 0.26341, 2.2], "pivot": [0, 2.98713, -0.59876], "rotation": [-5, 0, 0], "uv": [4, 4]}
					]
				},
				{
					"name": "bone19",
					"parent": "scar_megalodon",
					"pivot": [-5.75, 10.65, -1.5],
					"cubes": [
						{"origin": [-7.005, 13.49268, -5.8], "size": [2.51, 3.80732, 4.2], "inflate": -0.5, "uv": [0, 38]},
						{"origin": [-7.005, 13.08289, -7.0142], "size": [2.51, 1.46585, 4.29756], "inflate": -0.5, "pivot": [0, -0.11711, -1.2142], "rotation": [-5, 0, 0], "uv": [80, 18]},
						{"origin": [-7.10256, 13.08289, -7.20932], "size": [2.70512, 1.27073, 4.59024], "inflate": -0.5, "pivot": [0, -0.11711, -1.2142], "rotation": [-5, 0, 0], "uv": [80, 13]},
						{"origin": [-7.005, 15.09268, -5.8], "size": [2.51, 1.70732, 9.5], "inflate": -0.5, "uv": [0, 90]},
						{"origin": [-7.005, 15.4, -5.71463], "size": [2.51, 2, 5.41463], "inflate": -0.5, "uv": [13, 54]}
					]
				},
				{
					"name": "bone20",
					"parent": "scar_megalodon",
					"pivot": [-5.75, 12.5, -2.18333],
					"cubes": [
						{"origin": [-6.51942, 13.24857, -2.94945], "size": [1.49732, 1.29756, 3.5], "inflate": -0.5, "uv": [70, 60]},
						{"origin": [-6.94342, 13.13517, -2.81945], "size": [2.37155, 1.39512, 4.37805], "inflate": -0.5, "uv": [41, 12]},
						{"origin": [-6.42158, 13.14697, -2.63996], "size": [1.59488, 1.39512, 3.69512], "inflate": -0.5, "pivot": [-6.6045, 13.64697, 0.55517], "rotation": [0, -7.5, 0], "uv": [70, 52]},
						{"origin": [-6.08073, 13.14697, -2.73898], "size": [1.59488, 1.39512, 1.28887], "inflate": -0.5, "uv": [13, 90]},
						{"origin": [-7.01531, 13.14697, -2.73898], "size": [1.59488, 1.39512, 1.28887], "inflate": -0.5, "uv": [4, 90]},
						{"origin": [-6.07531, 13.13517, -2.62843], "size": [1.59488, 1.39512, 3.69512], "inflate": -0.5, "pivot": [-7.03205, 13.63517, 0.46482], "rotation": [0, 7.5, 0], "uv": [70, 48]},
						{"origin": [-6.65768, 13.14697, -2.38403], "size": [1.59488, 1.39512, 3.69512], "inflate": -0.5, "pivot": [-6.84061, 13.64697, 0.81109], "rotation": [0, 7.5, 0], "uv": [69, 70]},
						{"origin": [-7.01437, 13.13517, -2.88352], "size": [1.59488, 1.39512, 3.69512], "inflate": -0.5, "pivot": [-6.41075, 13.63517, 0.30645], "rotation": [0, -7.5, 0], "uv": [13, 70]},
						{"origin": [-6.4, 14.21714, -1.40695], "size": [1.3, 2.0122, 1.2], "inflate": -0.5, "uv": [33, 43]},
						{"origin": [-6.4, 14.32615, -1.434], "size": [1.3, 1.91463, 1.2], "inflate": -0.5, "pivot": [-5.75, 14.96145, -0.92705], "rotation": [10, 0, 0], "uv": [0, 90]},
						{"origin": [-6.4, 14.1193, -1.39858], "size": [1.3, 1.42683, 1.10244], "inflate": -0.5, "pivot": [-5.75, 14.71521, -1.36545], "rotation": [-30, 0, 0], "uv": [89, 78]},
						{"origin": [-6.4, 14.10368, -1.42094], "size": [1.3, 1.13415, 1.10244], "inflate": -0.5, "pivot": [-5.75, 14.4069, -1.38782], "rotation": [-2.5, 0, 0], "uv": [89, 66]},
						{"origin": [-6.4, 14.41226, -1.40695], "size": [1.3, 1.81707, 1.2], "inflate": -0.5, "pivot": [-5.75, 14.95, -0.9], "rotation": [-35, 0, 0], "uv": [89, 62]},
						{"origin": [-6.4, 14.41226, -1.40695], "size": [1.3, 1.81707, 1.78537], "inflate": -0.5, "pivot": [-5.75, 14.95, -0.9], "rotation": [37.5, 0, 0], "uv": [89, 60]},
						{"origin": [-6.4, 14.41226, -1.40695], "size": [1.3, 1.81707, 1.78537], "inflate": -0.5, "pivot": [-5.75, 14.95, -0.9], "rotation": [45, 0, 0], "uv": [89, 41]}
					]
				},
				{
					"name": "hole6",
					"parent": "bone20",
					"pivot": [-5.73026, 17.28958, -1.25279],
					"cubes": [
						{"origin": [-7, 17, -14.3], "size": [2.5, 2.35669, 13.7], "inflate": -0.5, "uv": [25, 37]},
						{"origin": [-5.8, 18.357, -14.3], "size": [1.3, 1.3, 18], "inflate": -0.5, "pivot": [-5, 18.855, 2.7], "rotation": [0, 0, -45], "uv": [0, 19]},
						{"origin": [-6.8, 18.357, -14.3], "size": [2.1, 1.4, 17.60976], "inflate": -0.5, "uv": [20, 0]},
						{"origin": [-7, 18.357, -14.3], "size": [1.3, 1.3, 18], "inflate": -0.5, "pivot": [-6.5, 18.855, 2.7], "rotation": [0, 0, 45], "uv": [0, 0]},
						{"origin": [-6.9, 15.69512, -14.19244], "size": [2.3, 2.16157, 8.5022], "inflate": -0.5, "uv": [91, 84]},
						{"origin": [-6.9, 16.08537, -14.19244], "size": [2.3, 1.77132, 9.57537], "inflate": -0.5, "uv": [15, 89]},
						{"origin": [-6.70488, 15.4024, -14.29], "size": [1.90976, 2.45425, 8.59976], "inflate": -0.5, "uv": [0, 0]},
						{"origin": [-7.36348, 16.2572, -14.3], "size": [1.88147, 2.35669, 13.70732], "inflate": -0.5, "pivot": [-5.73025, 16.35629, -6.71328], "rotation": [0, 0, 45], "uv": [39, 18]},
						{"origin": [-5.9773, 16.25608, -14.3], "size": [1.88147, 2.35669, 13.70732], "inflate": -0.5, "pivot": [-5.73025, 16.35629, -6.71328], "rotation": [0, 0, -45], "uv": [0, 39]},
						{"origin": [-6.52156, 16.39519, -9.90976], "size": [2.35669, 1.88147, 9.31707], "inflate": -0.5, "uv": [83, 49]},
						{"origin": [-6.52156, 16.39519, -14.39756], "size": [2.35669, 1.88147, 5.41463], "inflate": -0.5, "uv": [39, 65]},
						{"origin": [-7.21467, 16.10923, -14.29], "size": [2.35669, 1.88147, 8.59976], "inflate": -0.5, "pivot": [-5.73025, 16.35629, -6.71328], "rotation": [0, 0, 45], "uv": [93, 0]},
						{"origin": [-7.29733, 16.29763, -9.90976], "size": [2.35669, 1.97903, 9.31707], "inflate": -0.5, "uv": [15, 38]},
						{"origin": [-7.29733, 16.39519, -14.39756], "size": [2.35669, 1.88147, 5.5122], "inflate": -0.5, "uv": [54, 25]},
						{"origin": [-6.60381, 16.11044, -14.29], "size": [2.35669, 1.88147, 8.59976], "inflate": -0.5, "pivot": [-5.73025, 16.35629, -6.71328], "rotation": [0, 0, -45], "uv": [73, 61]}
					]
				},
				{
					"name": "design",
					"parent": "hole6",
					"pivot": [-5.73026, 17.28958, -1.25279],
					"cubes": [
						{"origin": [-6.60244, 18.4, -14.2], "size": [1.70488, 1.49756, 17.8], "inflate": -0.5, "uv": [20, 19]},
						{"origin": [-6.60244, 18.4, -4.2], "size": [1.70488, 2.49756, 7.8], "inflate": -0.5, "uv": [20, 20], "mirror": true},
						{"origin": [-6.60244, 19.4, -8.2], "size": [1.70488, 1.49756, 7.8], "uv": [20, 8]},
						{"origin": [-7.39756, 17.4, -4.2], "size": [1.5, 2.49756, 1.5], "inflate": -0.5, "uv": [0, 125]},
						{"origin": [-7.39756, 17.4, -5.2], "size": [1.5, 2.49756, 1.5], "inflate": -0.5, "uv": [0, 125]},
						{"origin": [-7.39756, 17.4, -6.2], "size": [1.5, 2.49756, 1.5], "inflate": -0.5, "uv": [0, 125]},
						{"origin": [-5.6, 17.4, -6.2], "size": [1.5, 2.49756, 1.5], "inflate": -0.5, "uv": [0, 125]},
						{"origin": [-5.6, 17.4, -5.2], "size": [1.5, 2.49756, 1.5], "inflate": -0.5, "uv": [0, 125]},
						{"origin": [-5.6, 17.4, -4.2], "size": [1.5, 2.49756, 1.5], "inflate": -0.5, "uv": [0, 125]}
					]
				},
				{
					"name": "bone21",
					"parent": "scar_megalodon",
					"pivot": [-6.528, 16.39869, -5.3232],
					"cubes": [
						{"origin": [-7.12085, 15.79185, -7.44854], "size": [1.18605, 1.31456, 2.6897], "inflate": -0.5, "pivot": [-6.52801, 16.38178, -5.3232], "rotation": [0, -90, 0], "uv": [13, 62]},
						{"origin": [-7.12085, 15.65737, -7.44854], "size": [1.18605, 1.31456, 2.6897], "inflate": -0.5, "pivot": [-6.52801, 16.38178, -5.3232], "rotation": [0, -90, 0], "uv": [0, 62]},
						{"origin": [-7.12093, 15.79194, -7.44854], "size": [1.18605, 1.31456, 2.6897], "inflate": -0.5, "pivot": [-6.52801, 16.38178, -5.3232], "rotation": [-90, -45, 90], "uv": [61, 45]},
						{"origin": [-7.12088, 15.7917, -7.44854], "size": [1.18605, 1.31456, 2.6897], "inflate": -0.5, "pivot": [-6.52801, 16.38178, -5.3232], "rotation": [90, -45, -90], "uv": [43, 61]},
						{"origin": [-7.1177, 15.78868, -7.44854], "size": [1.31456, 1.18605, 2.6897], "inflate": -0.5, "pivot": [-6.52801, 16.38178, -5.3232], "rotation": [0, -90, 0], "uv": [60, 38]},
						{"origin": [-7.11772, 15.78891, -7.44854], "size": [1.31456, 1.18605, 2.6897], "inflate": -0.5, "pivot": [-6.52801, 16.38178, -5.3232], "rotation": [-90, -45, 90], "uv": [60, 33]},
						{"origin": [-7.25323, 15.78868, -7.44854], "size": [1.31456, 1.18605, 2.6897], "inflate": -0.5, "pivot": [-6.52801, 16.38178, -5.3232], "rotation": [0, -90, 0], "uv": [30, 60]},
						{"origin": [-7.25311, 15.78917, -7.44854], "size": [1.31456, 1.18605, 2.6897], "inflate": -0.5, "pivot": [-6.52801, 16.38178, -5.3232], "rotation": [90, -45, -90], "uv": [59, 17]}
					]
				},
				{
					"name": "bone22",
					"parent": "scar_megalodon",
					"pivot": [-5.72486, 17.12479, 4.64],
					"cubes": [
						{"origin": [-7.06004, 11.68883, 11.21316], "size": [2.62007, 6.68915, 1.81805], "inflate": -0.5, "uv": [0, 10]},
						{"origin": [-7.1576, 17.90531, 11.33685], "size": [2.8152, 1.32329, 2.30585], "inflate": -0.5, "pivot": [-4.93997, 18.14005, 13.01901], "rotation": [25, 0, 0], "uv": [54, 8]},
						{"origin": [-7.1576, 21.45695, 7.14099], "size": [2.8152, 2.00622, 1.4278], "inflate": -0.5, "pivot": [0.02376, 4.6169, -4.17344], "rotation": [-17.5, 0, 0], "uv": [59, 13]},
						{"origin": [-7.1576, 18.9617, 7.80641], "size": [2.8152, 2.59159, 1.62293], "inflate": -0.5, "pivot": [0.02376, 1.92455, -3.29532], "rotation": [-12.5, 0, 0], "uv": [59, 4]},
						{"origin": [-7.06004, 16.17664, 2.53023], "size": [2.62007, 2.2989, 6.40341], "inflate": -0.5, "uv": [20, 0]},
						{"origin": [-7.06004, 16.2742, 2.62779], "size": [2.62007, 1.8111, 6.89122], "inflate": -0.5, "uv": [20, 29]},
						{"origin": [-7.05795, 15.90359, 2.42094], "size": [2.62007, 1.42085, 7.67171], "inflate": -0.5, "uv": [56, 94]},
						{"origin": [-7.05795, 15.90359, 2.42094], "size": [2.62007, 1.8111, 7.37902], "inflate": -0.5, "uv": [28, 90]},
						{"origin": [-7.06004, 15.85373, 2.31361], "size": [2.62007, 1.42085, 7.67171], "inflate": -0.5, "uv": [0, 10]},
						{"origin": [-7.00618, 14.9519, 2.53313], "size": [2.32739, 2.59159, 7.4522], "inflate": -0.5, "uv": [0, 28]},
						{"origin": [-6.96039, 14.90727, 2.701], "size": [2.32739, 2.2989, 7.4522], "inflate": -0.5, "uv": [0, 19]},
						{"origin": [-6.98879, 12.92135, 11.06465], "size": [2.45807, 4.73487, 1.19966], "inflate": -0.5, "uv": [28, 38]},
						{"origin": [-6.98879, 12.65863, 11.17559], "size": [2.45807, 4.73487, 1.19966], "inflate": -0.5, "pivot": [-6, 13, 11.5], "rotation": [37.5, 0, 0], "uv": [28, 38]}
					]
				},
				{
					"name": "bone23",
					"parent": "scar_megalodon",
					"pivot": [-5.72486, 12.93348, 4.64],
					"rotation": [0, 0, -180],
					"cubes": [
						{"origin": [-7.10731, 6.99736, 11.21316], "size": [2.8152, 7.4696, 1.81805], "inflate": -0.5, "uv": [0, 0]},
						{"origin": [-6.3, 6.97169, 12.19158], "size": [1.3, 7.4696, 2.3], "inflate": -0.5, "pivot": [-5.5, 7, 13], "rotation": [7.5, 0, 0], "uv": [0, 119], "mirror": true},
						{"origin": [-6.3, 8.59925, -10.8], "size": [1.3, 3.4696, 2.3], "inflate": -0.5, "pivot": [-5.5, 10, -10], "rotation": [-65, 0, 0], "uv": [7, 123], "mirror": true},
						{"origin": [-6.3, 8.5992, -11], "size": [1.3, 3.4696, 1.3], "inflate": -0.5, "pivot": [-5.5, 10, -10], "rotation": [-65, 0, 0], "uv": [0, 123], "mirror": true},
						{"origin": [-6.3, 9.66027, -10.5], "size": [1.3, 3.4696, 1.3], "inflate": -0.5, "pivot": [-5.5, 12, -11], "rotation": [-40, 0, 0], "uv": [0, 123], "mirror": true},
						{"origin": [-6.3, 8.56604, -11.3], "size": [1.3, 3.4696, 1.3], "inflate": -0.5, "pivot": [-5.5, 11, -11], "rotation": [-47.5, 0, 0], "uv": [0, 123], "mirror": true},
						{"origin": [-6.3889, -1.03594, -4.25791], "size": [1.3, 7.4696, 2.3], "inflate": -0.5, "pivot": [-5.5, 6, -3], "rotation": [45, 0, 0], "uv": [0, 120], "mirror": true},
						{"origin": [-6.4, 2.8, -8], "size": [1.5, 3.8, 3.3], "inflate": -0.5, "pivot": [-5.5, 5, -7], "rotation": [60, 0, 0], "uv": [0, 101], "mirror": true},
						{"origin": [-6.3, 3.25696, -7], "size": [1.3, 3.4696, 2.3], "inflate": -0.5, "pivot": [-5.5, 4, -6], "rotation": [54.8, 0, 0], "uv": [0, 123], "mirror": true},
						{"origin": [-6.38888, -1.03594, -2.25791], "size": [1.3, 7.4696, 2.3], "inflate": -0.5, "pivot": [-5.5, 6, -3], "rotation": [30, 0, 0], "uv": [0, 120], "mirror": true},
						{"origin": [-6.3889, 1.96406, -3.25791], "size": [1.3, 4.4696, 2.3], "inflate": -0.5, "pivot": [-5.5, 6, -3], "rotation": [30, 0, 0], "uv": [0, 120], "mirror": true},
						{"origin": [-6.3, 10.1, -11.25791], "size": [1.3, 2.4696, 1.3], "inflate": -0.5, "pivot": [-5.5, 6, -3], "rotation": [30, 0, 0], "uv": [0, 120], "mirror": true},
						{"origin": [-6.3, 9.7, -10.5], "size": [1.3, 2.4696, 1.3], "inflate": -0.5, "pivot": [-5.5, 6, -3], "rotation": [30, 0, 0], "uv": [0, 120], "mirror": true},
						{"origin": [-6.3, 9.3, -9.8], "size": [1.3, 2.4696, 1.3], "inflate": -0.5, "pivot": [-5.5, 6, -3], "rotation": [30, 0, 0], "uv": [0, 120], "mirror": true},
						{"origin": [-6.3, 8.3, -9], "size": [1.3, 2.4696, 1.3], "inflate": -0.5, "pivot": [-5.5, 6, -3], "rotation": [30, 0, 0], "uv": [0, 120], "mirror": true},
						{"origin": [-6.3, 5.3, -9.5], "size": [1.3, 2.4696, 1.3], "inflate": -0.5, "pivot": [-5.5, 7, -9], "rotation": [-7.5, 0, 0], "uv": [0, 120], "mirror": true},
						{"origin": [-6.3, 5.7, -9.7], "size": [1.3, 2.4696, 1.3], "inflate": -0.5, "pivot": [-5.5, 7, -9], "rotation": [-7.5, 0, 0], "uv": [0, 120], "mirror": true},
						{"origin": [-6.3, 5.3, 12.8], "size": [1.3, 4.4696, 1.5], "inflate": -0.5, "pivot": [-5.5, 7, 13], "rotation": [27.5, 0, 0], "uv": [0, 123], "mirror": true},
						{"origin": [-6.3, 4.8, 12.5], "size": [1.3, 3.4696, 1.5], "inflate": -0.5, "pivot": [-5.5, 7, 13], "rotation": [42.5, 0, 0], "uv": [0, 123], "mirror": true},
						{"origin": [-6.3, 5, 13.2], "size": [1.3, 4.4696, 1.5], "inflate": -0.5, "pivot": [-5.5, 7, 13], "rotation": [25, 0, 0], "uv": [0, 123], "mirror": true},
						{"origin": [-7.10731, 13.72907, 11.1156], "size": [2.8152, 1.32329, 2.40341], "inflate": -0.5, "pivot": [-4.88968, 14.22907, 13.01901], "rotation": [25, 0, 0], "uv": [49, 33]},
						{"origin": [-7.10731, 13.42897, 11.11046], "size": [2.8152, 1.42085, 1.91561], "inflate": -0.5, "uv": [46, 27]},
						{"origin": [-7.10731, 7.28262, 11.20802], "size": [2.8152, 1.42085, 1.91561], "inflate": -0.5, "uv": [41, 9]},
						{"origin": [-7.10731, 7.18887, 11.20802], "size": [2.8152, 1.42085, 1.91561], "inflate": -0.5, "uv": [11, 33]},
						{"origin": [-7.10731, 17.26683, 7.229], "size": [2.8152, 2.00622, 1.4278], "inflate": -0.5, "pivot": [0.07406, 0.70592, -4.17344], "rotation": [-17.5, 0, 0], "uv": [59, 0]},
						{"origin": [-7.10731, 14.57447, 7.91199], "size": [2.8152, 2.68915, 1.62293], "inflate": -0.5, "pivot": [0.07406, -1.98643, -3.29532], "rotation": [-12.5, 0, 0], "uv": [5, 58]}
					]
				},
				{
					"name": "bone24",
					"parent": "scar_megalodon",
					"pivot": [-5.82782, 16.94685, -17.785],
					"cubes": [
						{"origin": [-6.3297, 16.06945, -20.20645], "size": [1.17614, 1.14865, 11.3151], "inflate": -0.5, "uv": [39, 85]},
						{"origin": [-6.3297, 16.06945, -20.20645], "size": [1.17614, 1.14865, 11.3151], "inflate": -0.5, "uv": [78, 84]},
						{"origin": [-6.16419, 16.1297, -20.20645], "size": [1.17614, 1.14865, 11.3151], "inflate": -0.5, "pivot": [-5.48805, 16.6297, -22.1806], "rotation": [0, 0, -20], "uv": [83, 37]},
						{"origin": [-6.16419, 16.1297, -20.20645], "size": [1.17614, 1.14865, 11.3151], "inflate": -0.5, "pivot": [-5.48805, 16.6297, -22.1806], "rotation": [0, 0, -20], "uv": [83, 25]},
						{"origin": [-6.455, 16.9287, -20.20645], "size": [1.17614, 1.14865, 11.3151], "inflate": -0.5, "pivot": [-5.77886, 17.4287, -22.1806], "rotation": [0, 0, -20], "uv": [82, 72]},
						{"origin": [-6.455, 16.9287, -20.20645], "size": [1.17614, 1.14865, 11.3151], "inflate": -0.5, "pivot": [-5.77886, 17.4287, -22.1806], "rotation": [0, 0, -20], "uv": [82, 60]},
						{"origin": [-6.02926, 16.24292, -20.20645], "size": [1.17614, 1.14865, 11.3151], "inflate": -0.5, "pivot": [-5.35312, 16.74292, -22.1806], "rotation": [0, 0, -40], "uv": [65, 82]},
						{"origin": [-6.02926, 16.24292, -20.20645], "size": [1.17614, 1.14865, 11.3151], "inflate": -0.5, "pivot": [-5.35312, 16.74292, -22.1806], "rotation": [0, 0, -40], "uv": [81, 13]},
						{"origin": [-6.57581, 16.89427, -20.20645], "size": [1.17614, 1.14865, 11.3151], "inflate": -0.5, "pivot": [-5.89967, 17.39427, -22.1806], "rotation": [0, 0, -40], "uv": [52, 81]},
						{"origin": [-6.57581, 16.89427, -20.20645], "size": [1.17614, 1.14865, 11.3151], "inflate": -0.5, "pivot": [-5.89967, 17.39427, -22.1806], "rotation": [0, 0, -40], "uv": [80, 1]},
						{"origin": [-5.94119, 16.39546, -20.20645], "size": [1.17614, 1.14865, 11.3151], "inflate": -0.5, "pivot": [-5.26505, 16.89546, -22.1806], "rotation": [0, 0, -60], "uv": [0, 78]},
						{"origin": [-5.94119, 16.39546, -20.20645], "size": [1.17614, 1.14865, 11.3151], "inflate": -0.5, "pivot": [-5.26505, 16.89546, -22.1806], "rotation": [0, 0, -60], "uv": [26, 77]},
						{"origin": [-6.67755, 16.8206, -20.20645], "size": [1.17614, 1.14865, 11.3151], "inflate": -0.5, "pivot": [-6.00142, 17.3206, -22.1806], "rotation": [0, 0, -60], "uv": [13, 76]},
						{"origin": [-6.67755, 16.8206, -20.20645], "size": [1.17614, 1.14865, 11.3151], "inflate": -0.5, "pivot": [-6.00142, 17.3206, -22.1806], "rotation": [0, 0, -60], "uv": [39, 73]},
						{"origin": [-5.9106, 16.56892, -20.20645], "size": [1.17614, 1.14865, 11.3151], "inflate": -0.5, "pivot": [-5.23446, 17.06892, -22.1806], "rotation": [0, 0, -80], "uv": [70, 48]},
						{"origin": [-5.9106, 16.56892, -20.20645], "size": [1.17614, 1.14865, 11.3151], "inflate": -0.5, "pivot": [-5.23446, 17.06892, -22.1806], "rotation": [0, 0, -80], "uv": [70, 36]},
						{"origin": [-6.74797, 16.71657, -20.20645], "size": [1.17614, 1.14865, 11.3151], "inflate": -0.5, "pivot": [-6.07183, 17.21657, -22.1806], "rotation": [0, 0, -80], "uv": [69, 70]},
						{"origin": [-6.74797, 16.71657, -20.20645], "size": [1.17614, 1.14865, 11.3151], "inflate": -0.5, "pivot": [-6.07183, 17.21657, -22.1806], "rotation": [0, 0, -80], "uv": [56, 69]},
						{"origin": [-6.05699, 16.54311, -20.20645], "size": [1.17614, 1.14865, 11.3151], "inflate": -0.5, "pivot": [-5.38085, 17.04311, -22.1806], "rotation": [0, 0, 80], "uv": [68, 24]},
						{"origin": [-6.05699, 16.54311, -20.20645], "size": [1.17614, 1.14865, 11.3151], "inflate": -0.5, "pivot": [-5.38085, 17.04311, -22.1806], "rotation": [0, 0, 80], "uv": [67, 12]},
						{"origin": [-6.89436, 16.39546, -20.20645], "size": [1.17614, 1.14865, 11.3151], "inflate": -0.5, "pivot": [-6.21822, 16.89546, -22.1806], "rotation": [0, 0, 80], "uv": [67, 0]},
						{"origin": [-6.89436, 16.39546, -20.20645], "size": [1.17614, 1.14865, 11.3151], "inflate": -0.5, "pivot": [-6.21822, 16.89546, -22.1806], "rotation": [0, 0, 80], "uv": [0, 66]},
						{"origin": [-6.80629, 16.24292, -20.20645], "size": [1.17614, 1.14865, 11.3151], "inflate": -0.5, "pivot": [-6.13015, 16.74292, -22.1806], "rotation": [0, 0, 60], "uv": [26, 65]},
						{"origin": [-6.80629, 16.24292, -20.20645], "size": [1.17614, 1.14865, 11.3151], "inflate": -0.5, "pivot": [-6.13015, 16.74292, -22.1806], "rotation": [0, 0, 60], "uv": [13, 64]},
						{"origin": [-6.06992, 16.66806, -20.20645], "size": [1.17614, 1.14865, 11.3151], "inflate": -0.5, "pivot": [-5.39378, 17.16806, -22.1806], "rotation": [0, 0, 60], "uv": [43, 61]},
						{"origin": [-6.06992, 16.66806, -20.20645], "size": [1.17614, 1.14865, 11.3151], "inflate": -0.5, "pivot": [-5.39378, 17.16806, -22.1806], "rotation": [0, 0, 60], "uv": [57, 45]},
						{"origin": [-6.67136, 16.1297, -20.20645], "size": [1.17614, 1.14865, 11.3151], "inflate": -0.5, "pivot": [-5.99522, 16.6297, -22.1806], "rotation": [0, 0, 40], "uv": [57, 57]},
						{"origin": [-6.67136, 16.1297, -20.20645], "size": [1.17614, 1.14865, 11.3151], "inflate": -0.5, "pivot": [-5.99522, 16.6297, -22.1806], "rotation": [0, 0, 40], "uv": [55, 33]},
						{"origin": [-6.12481, 16.78105, -20.20645], "size": [1.17614, 1.14865, 11.3151], "inflate": -0.5, "pivot": [-5.44867, 17.28105, -22.1806], "rotation": [0, 0, 40], "uv": [54, 13]},
						{"origin": [-6.12481, 16.78105, -20.20645], "size": [1.17614, 1.14865, 11.3151], "inflate": -0.5, "pivot": [-5.44867, 17.28105, -22.1806], "rotation": [0, 0, 40], "uv": [54, 1]},
						{"origin": [-6.50584, 16.06945, -20.20645], "size": [1.17614, 1.14865, 11.3151], "inflate": -0.5, "pivot": [-5.8297, 16.56945, -22.1806], "rotation": [0, 0, 20], "uv": [0, 54]},
						{"origin": [-6.50584, 16.06945, -20.20645], "size": [1.17614, 1.14865, 11.3151], "inflate": -0.5, "pivot": [-5.8297, 16.56945, -22.1806], "rotation": [0, 0, 20], "uv": [30, 53]},
						{"origin": [-6.21503, 16.86846, -20.20645], "size": [1.17614, 1.14865, 11.3151], "inflate": -0.5, "pivot": [-5.53889, 17.36846, -22.1806], "rotation": [0, 0, 20], "uv": [17, 52]},
						{"origin": [-6.21503, 16.86846, -20.20645], "size": [1.17614, 1.14865, 11.3151], "inflate": -0.5, "pivot": [-5.53889, 17.36846, -22.1806], "rotation": [0, 0, 20], "uv": [44, 49]},
						{"origin": [-6.3297, 16.91974, -20.20645], "size": [1.17614, 1.14865, 11.3151], "inflate": -0.5, "uv": [42, 37]},
						{"origin": [-6.3297, 16.91974, -20.20645], "size": [1.17614, 1.14865, 11.3151], "inflate": -0.5, "uv": [41, 0]}
					]
				},
				{
					"name": "bone25",
					"parent": "scar_megalodon",
					"pivot": [-6.41319, 20.0688, -19.15085],
					"cubes": [
						{"origin": [-6.33233, 17.36131, -16.37761], "size": [1.18014, 1.93252, 3.10076], "inflate": -0.5, "uv": [0, 70]},
						{"origin": [-6.16305, 17.42292, -16.37761], "size": [1.18014, 1.93252, 3.10076], "inflate": -0.5, "pivot": [-5.48291, 17.92292, -21.86785], "rotation": [0, 0, -20], "uv": [26, 69]},
						{"origin": [-6.46047, 18.24009, -16.37761], "size": [1.18014, 1.15203, 3.10076], "inflate": -0.5, "pivot": [-5.78033, 18.74009, -21.86785], "rotation": [0, 0, -20], "uv": [67, 17]},
						{"origin": [-6.02505, 17.53872, -16.37761], "size": [1.18014, 1.93252, 3.10076], "inflate": -0.5, "pivot": [-5.34491, 18.03872, -21.86785], "rotation": [0, 0, -40], "uv": [67, 13]},
						{"origin": [-6.58403, 18.20488, -16.37761], "size": [1.18014, 1.15203, 3.10076], "inflate": -0.5, "pivot": [-5.90389, 18.70488, -21.86785], "rotation": [0, 0, -40], "uv": [67, 4]},
						{"origin": [-5.93498, 17.69473, -16.37761], "size": [1.18014, 1.93252, 3.10076], "inflate": -0.5, "pivot": [-5.25484, 18.19473, -21.86785], "rotation": [0, 0, -60], "uv": [67, 0]},
						{"origin": [-6.68809, 18.12953, -16.37761], "size": [1.18014, 1.15203, 3.10076], "inflate": -0.5, "pivot": [-6.00794, 18.62953, -21.86785], "rotation": [0, 0, -60], "uv": [13, 66]},
						{"origin": [-5.9037, 17.87213, -16.37761], "size": [1.18014, 1.93252, 3.10076], "inflate": -0.5, "pivot": [-5.22356, 18.37213, -21.86785], "rotation": [0, 0, -80], "uv": [0, 66]},
						{"origin": [-6.7601, 18.02314, -16.37761], "size": [1.18014, 1.15203, 3.10076], "inflate": -0.5, "pivot": [-6.07996, 18.52314, -21.86785], "rotation": [0, 0, -80], "uv": [26, 65]},
						{"origin": [-6.05342, 17.06524, -16.37761], "size": [1.18014, 1.93252, 3.10076], "inflate": -0.5, "pivot": [-5.37328, 18.34573, -21.86785], "rotation": [0, 0, 80], "uv": [63, 25]},
						{"origin": [-6.90982, 17.69473, -16.37761], "size": [1.18014, 1.15203, 3.10076], "inflate": -0.5, "pivot": [-6.22968, 18.19473, -21.86785], "rotation": [0, 0, 80], "uv": [0, 58]},
						{"origin": [-6.81975, 17.53872, -16.37761], "size": [1.18014, 2.03008, 3.10076], "inflate": -0.5, "pivot": [-6.1396, 18.03872, -21.86785], "rotation": [0, 0, 60], "uv": [29, 8]},
						{"origin": [-6.06664, 17.97352, -16.37761], "size": [1.18014, 1.15203, 3.10076], "inflate": -0.5, "pivot": [-5.3865, 18.47352, -21.86785], "rotation": [0, 0, 60], "uv": [57, 49]},
						{"origin": [-6.68175, 17.42292, -16.37761], "size": [1.18014, 1.93252, 3.10076], "inflate": -0.5, "pivot": [-6.00161, 17.92292, -21.86785], "rotation": [0, 0, 40], "uv": [30, 56]},
						{"origin": [-6.12278, 18.08908, -16.37761], "size": [1.18014, 1.15203, 3.10076], "inflate": -0.5, "pivot": [-5.44263, 18.58908, -21.86785], "rotation": [0, 0, 40], "uv": [55, 38]},
						{"origin": [-6.51247, 17.36131, -16.37761], "size": [1.18014, 1.93252, 3.10076], "inflate": -0.5, "pivot": [-5.83233, 17.86131, -21.86785], "rotation": [0, 0, 20], "uv": [55, 34]},
						{"origin": [-6.21505, 18.17848, -16.37761], "size": [1.18014, 1.15203, 3.10076], "inflate": -0.5, "pivot": [-5.53491, 18.67848, -21.86785], "rotation": [0, 0, 20], "uv": [54, 18]},
						{"origin": [-6.33233, 18.23092, -16.37761], "size": [1.18014, 1.15203, 3.10076], "inflate": -0.5, "uv": [54, 13]}
					]
				},
				{
					"name": "bone26",
					"parent": "scar_megalodon",
					"pivot": [-6.15175, 19.52612, -19.15085],
					"cubes": [
						{"origin": [-6.27536, 17.59566, -16.56104], "size": [1.11673, 1.60427, 1.39254], "inflate": -0.5, "uv": [89, 32]},
						{"origin": [-6.16567, 17.63559, -16.56104], "size": [1.11673, 1.60427, 1.39254], "inflate": -0.5, "pivot": [-5.54893, 18.13559, -20.91147], "rotation": [0, 0, -20], "uv": [89, 28]},
						{"origin": [-6.3584, 18.16511, -16.56104], "size": [1.11673, 1.09851, 1.39254], "inflate": -0.5, "pivot": [-5.74166, 18.66511, -20.91147], "rotation": [0, 0, -20], "uv": [88, 76]},
						{"origin": [-6.07624, 17.71062, -16.56104], "size": [1.11673, 1.60427, 1.39254], "inflate": -0.5, "pivot": [-5.45951, 18.21062, -20.91147], "rotation": [0, 0, -40], "uv": [88, 64]},
						{"origin": [-6.43846, 18.1423, -16.56104], "size": [1.11673, 1.09851, 1.39254], "inflate": -0.5, "pivot": [-5.82173, 18.6423, -20.91147], "rotation": [0, 0, -40], "uv": [88, 30]},
						{"origin": [-6.01788, 17.81172, -16.56104], "size": [1.11673, 1.60427, 1.39254], "inflate": -0.5, "pivot": [-5.40115, 18.31172, -20.91147], "rotation": [0, 0, -60], "uv": [26, 85]},
						{"origin": [-6.50589, 18.09347, -16.56104], "size": [1.11673, 1.09851, 1.39254], "inflate": -0.5, "pivot": [-5.88916, 18.59347, -20.91147], "rotation": [0, 0, -60], "uv": [20, 85]},
						{"origin": [-5.99761, 17.92668, -16.56104], "size": [1.11673, 1.60427, 1.39254], "inflate": -0.5, "pivot": [-5.38088, 18.42668, -20.91147], "rotation": [0, 0, -80], "uv": [46, 82]},
						{"origin": [-6.55255, 18.02453, -16.56104], "size": [1.11673, 1.09851, 1.39254], "inflate": -0.5, "pivot": [-5.93582, 18.52453, -20.91147], "rotation": [0, 0, -80], "uv": [63, 78]},
						{"origin": [-6.09462, 17.40381, -16.56104], "size": [1.11673, 1.60427, 1.39254], "inflate": -0.5, "pivot": [-5.47789, 18.40957, -20.91147], "rotation": [0, 0, 80], "uv": [77, 63]},
						{"origin": [-6.64957, 17.81172, -16.56104], "size": [1.11673, 1.09851, 1.39254], "inflate": -0.5, "pivot": [-6.03284, 18.31172, -20.91147], "rotation": [0, 0, 80], "uv": [76, 42]},
						{"origin": [-6.5912, 17.71062, -16.56104], "size": [1.11673, 1.66749, 1.39254], "inflate": -0.5, "pivot": [-5.97447, 18.21062, -20.91147], "rotation": [0, 0, 60], "uv": [74, 57]},
						{"origin": [-6.10319, 17.99238, -16.56104], "size": [1.11673, 1.09851, 1.39254], "inflate": -0.5, "pivot": [-5.48646, 18.49238, -20.91147], "rotation": [0, 0, 60], "uv": [74, 45]},
						{"origin": [-6.50178, 17.63559, -16.56104], "size": [1.11673, 1.60427, 1.39254], "inflate": -0.5, "pivot": [-5.88505, 18.13559, -20.91147], "rotation": [0, 0, 40], "uv": [26, 73]},
						{"origin": [-6.13957, 18.06726, -16.56104], "size": [1.11673, 1.09851, 1.39254], "inflate": -0.5, "pivot": [-5.52284, 18.56726, -20.91147], "rotation": [0, 0, 40], "uv": [20, 73]},
						{"origin": [-6.39209, 17.59566, -16.56104], "size": [1.11673, 1.60427, 1.39254], "inflate": -0.5, "pivot": [-5.77536, 18.09566, -20.91147], "rotation": [0, 0, 20], "uv": [72, 42]},
						{"origin": [-6.19936, 18.12519, -16.56104], "size": [1.11673, 1.09851, 1.39254], "inflate": -0.5, "pivot": [-5.58263, 18.62519, -20.91147], "rotation": [0, 0, 20], "uv": [70, 57]},
						{"origin": [-6.27536, 18.15917, -16.56104], "size": [1.11673, 1.09851, 1.39254], "inflate": -0.5, "uv": [70, 45]}
					]
				},
				{
					"name": "bone27",
					"parent": "scar_megalodon",
					"pivot": [-5.27371, 15.22581, -22.17524],
					"cubes": [
						{"origin": [-6.35884, 15.94875, -21.0702], "size": [1.22017, 1.18581, 3.57193], "inflate": -0.5, "uv": [54, 4]},
						{"origin": [-6.15194, 16.02406, -21.0702], "size": [1.22017, 1.18581, 3.57193], "inflate": -0.5, "pivot": [-5.43177, 16.52406, -29.44824], "rotation": [0, 0, -20], "uv": [54, 0]},
						{"origin": [-6.51546, 17.02281, -21.0702], "size": [1.22017, 1.18581, 3.57193], "inflate": -0.5, "pivot": [-5.79529, 17.52281, -29.44824], "rotation": [0, 0, -20], "uv": [0, 54]},
						{"origin": [-5.98328, 16.16558, -23.11898], "size": [1.22017, 1.18581, 5.62071], "inflate": -0.5, "pivot": [-5.26311, 16.66558, -29.44824], "rotation": [0, 0, -40], "uv": [52, 73]},
						{"origin": [-6.66647, 16.97978, -23.11898], "size": [1.22017, 1.18581, 5.62071], "inflate": -0.5, "pivot": [-5.9463, 17.47978, -29.44824], "rotation": [0, 0, -40], "uv": [68, 36]},
						{"origin": [-5.87319, 16.35626, -23.11898], "size": [1.22017, 1.18581, 5.62071], "inflate": -0.5, "pivot": [-5.15302, 16.85626, -29.44824], "rotation": [0, 0, -60], "uv": [67, 26]},
						{"origin": [-6.79365, 16.88768, -23.11898], "size": [1.22017, 1.18581, 5.62071], "inflate": -0.5, "pivot": [-6.07348, 17.38768, -29.44824], "rotation": [0, 0, -60], "uv": [56, 61]},
						{"origin": [-5.83496, 16.57309, -21.0702], "size": [1.22017, 1.18581, 3.57193], "inflate": -0.5, "pivot": [-5.11479, 17.07309, -29.44824], "rotation": [0, 0, -80], "uv": [30, 52]},
						{"origin": [-6.88167, 16.75765, -21.0702], "size": [1.22017, 1.18581, 3.57193], "inflate": -0.5, "pivot": [-6.1615, 17.25765, -29.44824], "rotation": [0, 0, -80], "uv": [49, 12]},
						{"origin": [-6.01795, 16.54082, -21.0702], "size": [1.22017, 1.18581, 3.57193], "inflate": -0.5, "pivot": [-5.29778, 17.04082, -29.44824], "rotation": [0, 0, 80], "uv": [15, 48]},
						{"origin": [-7.06466, 16.35626, -21.0702], "size": [1.22017, 1.18581, 3.57193], "inflate": -0.5, "pivot": [-6.34448, 16.85626, -29.44824], "rotation": [0, 0, 80], "uv": [43, 43]},
						{"origin": [-6.95457, 16.16558, -23.11898], "size": [1.22017, 1.18581, 5.62071], "inflate": -0.5, "pivot": [-6.2344, 16.66558, -29.44824], "rotation": [0, 0, 60], "uv": [43, 52]},
						{"origin": [-6.03411, 16.69701, -23.11898], "size": [1.22017, 1.18581, 5.62071], "inflate": -0.5, "pivot": [-5.31394, 17.19701, -29.44824], "rotation": [0, 0, 60], "uv": [0, 45]},
						{"origin": [-6.78591, 16.02406, -23.11898], "size": [1.22017, 1.18581, 5.62071], "inflate": -0.5, "pivot": [-6.06573, 16.52406, -29.44824], "rotation": [0, 0, 40], "uv": [39, 24]},
						{"origin": [-6.10272, 16.83825, -23.11898], "size": [1.22017, 1.18581, 5.62071], "inflate": -0.5, "pivot": [-5.38254, 17.33825, -29.44824], "rotation": [0, 0, 40], "uv": [39, 18]},
						{"origin": [-6.57901, 15.94875, -21.0702], "size": [1.22017, 1.18581, 3.57193], "inflate": -0.5, "pivot": [-5.85884, 16.44875, -29.44824], "rotation": [0, 0, 20], "uv": [28, 43]},
						{"origin": [-6.21549, 16.94751, -21.0702], "size": [1.22017, 1.18581, 3.57193], "inflate": -0.5, "pivot": [-5.49532, 17.44751, -29.44824], "rotation": [0, 0, 20], "uv": [29, 23]},
						{"origin": [-6.35884, 17.01161, -21.0702], "size": [1.22017, 1.18581, 3.57193], "inflate": -0.5, "uv": [29, 19]}
					]
				},
				{
					"name": "bone28",
					"parent": "scar_megalodon",
					"pivot": [-5.73026, 17.04441, -14.285],
					"cubes": [
						{"origin": [-6.47881, 16.99329, -16.4], "size": [1.49805, 1.49756, 2.85], "inflate": -0.5, "uv": [57, 53]},
						{"origin": [-6.47881, 16.00405, -16.4], "size": [1.49805, 1.21284, 2.85], "inflate": -0.5, "uv": [57, 57]},
						{"origin": [-7.3689, 16.6249, -16.4], "size": [1.49805, 1.21284, 2.85], "inflate": -0.5, "pivot": [-5.73026, 15.84631, -17.48348], "rotation": [0, 0, 45], "uv": [35, 56]},
						{"origin": [-5.58901, 16.62427, -16.4], "size": [1.49805, 1.21284, 2.85], "inflate": -0.5, "pivot": [-5.73026, 15.84631, -17.48348], "rotation": [0, 0, -45], "uv": [55, 45]},
						{"origin": [-5.84113, 16.35555, -16.4], "size": [1.21284, 1.49805, 2.85], "inflate": -0.5, "uv": [22, 54]},
						{"origin": [-6.73108, 15.98756, -16.4], "size": [1.21284, 1.49805, 2.85], "inflate": -0.5, "pivot": [-5.73026, 15.84631, -17.48348], "rotation": [0, 0, 45], "uv": [5, 54]},
						{"origin": [-6.83319, 16.35555, -16.4], "size": [1.21284, 1.49805, 2.85], "inflate": -0.5, "uv": [35, 52]},
						{"origin": [-5.94299, 15.98826, -16.4], "size": [1.21284, 1.49805, 2.85], "inflate": -0.5, "pivot": [-5.73026, 15.84631, -17.48348], "rotation": [0, 0, -45], "uv": [46, 24]}
					]
				},
				{
					"name": "bone29",
					"parent": "scar_megalodon",
					"pivot": [-5.79276, 17.07565, -17.09925],
					"cubes": [
						{"origin": [-6.54121, 17.02392, -18.53089], "size": [1.57774, 1.24685, 1.4], "inflate": -0.5, "uv": [68, 42]},
						{"origin": [-6.54121, 21.24854, -15.4921], "size": [1.57774, 1.24685, 1.4], "inflate": -0.5, "pivot": [-0.02264, 4.18342, 2.9759], "rotation": [12.5, 0, 0], "uv": [68, 29]},
						{"origin": [-6.54121, 15.87639, -18.53089], "size": [1.57774, 1.2469, 1.4], "inflate": -0.5, "uv": [67, 21]},
						{"origin": [-6.54121, 12.46314, -22.90074], "size": [1.57774, 1.2469, 1.4], "inflate": -0.5, "pivot": [-0.02264, -3.45445, -4.43274], "rotation": [-12.5, 0, 0], "uv": [21, 61]},
						{"origin": [-7.57372, 16.59658, -18.53089], "size": [1.57774, 1.2469, 1.4], "inflate": -0.5, "pivot": [-5.7529, 15.61342, -19.86773], "rotation": [0, 0, 45], "uv": [17, 61]},
						{"origin": [-7.88706, 16.28324, -18.50341], "size": [1.57774, 1.2469, 1.4], "inflate": -0.5, "pivot": [-6.06624, 15.30008, -19.84025], "rotation": [12.5, 0, 45], "uv": [59, 45]},
						{"origin": [-5.50905, 16.59585, -18.53089], "size": [1.57774, 1.2469, 1.4], "inflate": -0.5, "pivot": [-5.7529, 15.61342, -19.86773], "rotation": [0, 0, -45], "uv": [51, 58]},
						{"origin": [-5.19569, 16.28249, -18.50357], "size": [1.57774, 1.2469, 1.4], "inflate": -0.5, "pivot": [-5.43954, 15.30006, -19.84041], "rotation": [12.5, 0, -45], "uv": [47, 58]},
						{"origin": [-5.80151, 16.28414, -18.53089], "size": [1.2469, 1.57774, 1.4], "inflate": -0.5, "uv": [43, 58]},
						{"origin": [-2.17344, 16.28414, -19.82302], "size": [1.2469, 1.57774, 1.4], "inflate": -0.5, "pivot": [0.83243, -0.0412, -1.91311], "rotation": [0, 12.5, 0], "uv": [22, 57]},
						{"origin": [-6.83385, 15.85727, -18.53089], "size": [1.2469, 1.57774, 1.4], "inflate": -0.5, "pivot": [-5.7529, 15.61342, -19.86773], "rotation": [0, 0, 45], "uv": [55, 42]},
						{"origin": [-6.57563, 16.46238, -18.81578], "size": [1.2469, 1.57774, 1.4], "inflate": -0.5, "pivot": [-6.10084, 16.83941, -20.28701], "rotation": [0, 12.5, 45], "uv": [54, 22]},
						{"origin": [-6.9523, 16.28414, -18.53089], "size": [1.2469, 1.57774, 1.4], "inflate": -0.5, "uv": [32, 48]},
						{"origin": [-10.90712, 16.28414, -17.95569], "size": [1.2469, 1.57774, 1.4], "inflate": -0.5, "pivot": [-3.97746, -0.0412, 0.51231], "rotation": [0, -12.5, 0], "uv": [28, 48]},
						{"origin": [-5.91966, 15.85807, -18.53089], "size": [1.2469, 1.57774, 1.4], "inflate": -0.5, "pivot": [-5.7529, 15.61342, -19.86773], "rotation": [0, 0, -45], "uv": [24, 48]},
						{"origin": [-5.57173, 16.20599, -18.94999], "size": [1.2469, 1.57774, 1.4], "inflate": -0.5, "pivot": [-5.40497, 15.96134, -20.28683], "rotation": [0, -12.5, -45], "uv": [47, 33]}
					]
				},
				{
					"name": "bola",
					"parent": "scar_megalodon",
					"pivot": [-6, 17.5, 0.8],
					"cubes": [
						{"origin": [-7.12441, 16.33216, -0.56342], "size": [2.5, 2.5, 2.5], "inflate": -0.7, "pivot": [-5.78563, 17.5122, 0.63943], "rotation": [-2.5, 47.5, -90], "uv": [0, 117]}
					]
				},
				{
					"name": "bola1",
					"parent": "scar_megalodon",
					"pivot": [-6, 16, 10.8],
					"cubes": [
						{"origin": [-7.39424, 15.3, 9.2], "size": [2.5, 2.5, 2.5], "inflate": -0.7, "pivot": [-5.78563, 16.5122, 10.63943], "rotation": [-2.5, 42.5, -90], "uv": [0, 117]}
					]
				}
			]
		}
	]
}