{
	"format_version": "1.12.0",
	"minecraft:geometry": [
		{
			"description": {
				"identifier": "geometry.scar_megalodon_drop",
				"texture_width": 128,
				"texture_height": 128,
				"visible_bounds_width": 7,
				"visible_bounds_height": 5,
				"visible_bounds_offset": [0, 0.5, 0]
			},
			"bones": [
				{
					"name": "root",
					"pivot": [0, 0, 0]
				},
				{
					"name": "waist",
					"parent": "root",
					"pivot": [0, 12, 0]
				},
				{
					"name": "body",
					"parent": "waist",
					"pivot": [0, 24, 0]
				},
				{
					"name": "rightArm",
					"parent": "body",
					"pivot": [-5, 22, 0]
				},
				{
					"name": "gun",
					"parent": "rightArm",
					"pivot": [-5.75, 13.2, 0.1],
					"rotation": [90, 0, 0]
				},
				{
					"name": "scar_megalodon",
					"parent": "gun",
					"pivot": [1, 14, -13],
					"rotation": [-90, -90, 0]
				},
				{
					"name": "bone",
					"parent": "scar_megalodon",
					"pivot": [1.15244, 10, -10.71944],
					"rotation": [25, 0, 0],
					"cubes": [
						{"origin": [0.73269, 7.16125, -10.28307], "size": [1.34, 5.98244, 1.53512], "inflate": -0.5, "pivot": [1.38968, 10, -9.77095], "rotation": [0, 20, 0], "uv": [85, 25]},
						{"origin": [0.86762, 7.16125, -10.16063], "size": [1.34, 5.98244, 1.34], "inflate": -0.5, "pivot": [1.52461, 10, -9.84364], "rotation": [0, 40, 0], "uv": [56, 85]},
						{"origin": [0.8562, 7.16125, -11.09865], "size": [1.34, 5.98244, 2.31561], "inflate": -0.5, "pivot": [1.51319, 10, -9.80605], "rotation": [0, 80, 0], "uv": [0, 19]},
						{"origin": [0.88003, 7.16125, -10.36944], "size": [2.02293, 5.98244, 1.34], "inflate": -0.5, "pivot": [1.53702, 10, -10.05245], "rotation": [0, 90, 0], "uv": [0, 28]},
						{"origin": [-0.39795, 7.16125, -10.36944], "size": [1.92537, 6.32619, 1.34], "inflate": -0.5, "pivot": [0.25904, 10, -10.05245], "rotation": [0, 90, 0], "uv": [39, 77]},
						{"origin": [-1.1792, 11.255, -10.36944], "size": [2.70662, 2.23244, 1.34], "inflate": -0.5, "pivot": [0.25904, 10, -10.05245], "rotation": [0, 90, 0], "uv": [5, 66]},
						{"origin": [0.43096, 7.16125, -10.48709], "size": [1.34, 5.98244, 1.73024], "inflate": -0.5, "pivot": [1.08795, 10, -9.77985], "rotation": [0, -20, 0], "uv": [52, 85]},
						{"origin": [0.30054, 7.16125, -11.64077], "size": [1.34, 5.00683, 2.80341], "inflate": -0.5, "pivot": [0.95753, 10, -9.86036], "rotation": [0, -40, 0], "uv": [11, 10]},
						{"origin": [0.32738, 7.16125, -10.14867], "size": [1.34, 5.98244, 1.34], "inflate": -0.5, "pivot": [0.98437, 10, -9.83168], "rotation": [0, -80, 0], "uv": [82, 84]},
						{"origin": [0.58104, 7.16125, -11.23652], "size": [1.34, 4.61659, 2.51073], "inflate": -0.5, "uv": [20, 8]}
					]
				},
				{
					"name": "bone2",
					"parent": "scar_megalodon",
					"pivot": [1.15244, 10.19512, -10.3292],
					"rotation": [-25, 180, 0],
					"cubes": [
						{"origin": [0.53549, 7.35637, -11.59103], "size": [1.34, 4.61659, 2.51073], "inflate": -0.5, "pivot": [1.19248, 10.19512, -10.10331], "rotation": [0, 20, 0], "uv": [20, 0]},
						{"origin": [0.67042, 7.35637, -10.49298], "size": [1.34, 4.81171, 1.34], "inflate": -0.5, "pivot": [1.32741, 10.19512, -10.17599], "rotation": [0, 40, 0], "uv": [86, 42]},
						{"origin": [0.659, 7.35637, -10.45539], "size": [1.34, 4.90927, 1.34], "inflate": -0.5, "pivot": [1.31599, 10.19512, -10.1384], "rotation": [0, 80, 0], "uv": [85, 60]},
						{"origin": [0.23376, 7.35637, -11.79505], "size": [1.34, 4.71415, 2.70585], "inflate": -0.5, "pivot": [0.89075, 10.19512, -10.11221], "rotation": [0, -20, 0], "uv": [11, 19]},
						{"origin": [0.10334, 7.35637, -10.50971], "size": [1.34, 5.00683, 1.34], "inflate": -0.5, "pivot": [0.76033, 10.19512, -10.19272], "rotation": [0, -40, 0], "uv": [83, 49]},
						{"origin": [0.13018, 7.35637, -10.48102], "size": [1.34, 5.10439, 1.34], "inflate": -0.5, "pivot": [0.78717, 10.19512, -10.16403], "rotation": [0, -80, 0], "uv": [83, 37]},
						{"origin": [0.38384, 7.35637, -10.39814], "size": [1.34, 4.61659, 1.34], "inflate": -0.5, "uv": [84, 0]}
					]
				},
				{
					"name": "bone3",
					"parent": "scar_megalodon",
					"pivot": [2.61585, 12.34146, -12.37798],
					"rotation": [180, 180, 90],
					"cubes": [
						{"origin": [1.40246, 12.44201, -12.45623], "size": [1.374, 2.52946, 1.374], "inflate": -0.5, "pivot": [2.07514, 13.80732, -12.15754], "rotation": [0, 20, 0], "uv": [89, 25]},
						{"origin": [1.55088, 12.44201, -12.53618], "size": [1.76424, 2.52946, 1.374], "inflate": -0.5, "pivot": [2.22357, 13.80732, -12.23749], "rotation": [0, 40, 0], "uv": [85, 89]},
						{"origin": [1.07055, 12.44201, -12.46602], "size": [1.374, 2.52946, 2.15449], "inflate": -0.5, "pivot": [1.74324, 13.80732, -12.16733], "rotation": [0, -20, 0], "uv": [46, 18]},
						{"origin": [0.92709, 12.44201, -12.55458], "size": [2.15449, 2.52946, 1.66668], "inflate": -0.5, "pivot": [1.59978, 13.80732, -12.25589], "rotation": [0, -40, 0], "uv": [31, 65]},
						{"origin": [0.47345, 12.44201, -12.12056], "size": [2.15449, 2.52946, 1.66668], "inflate": -0.5, "pivot": [1.14614, 13.80732, -11.82187], "rotation": [0, -22.5, 0], "uv": [62, 49]},
						{"origin": [1.23564, 12.44201, -12.43186], "size": [1.374, 2.52946, 1.374], "inflate": -0.5, "uv": [43, 89]}
					]
				},
				{
					"name": "bone4",
					"parent": "scar_megalodon",
					"pivot": [-0.11585, 12.34146, -13.64627],
					"rotation": [0, 180, 90],
					"cubes": [
						{"origin": [-1.32925, 12.44201, -13.72452], "size": [1.374, 2.52946, 1.374], "inflate": -0.5, "pivot": [-0.65656, 13.80732, -13.42583], "rotation": [0, 20, 0], "uv": [39, 89]},
						{"origin": [-1.18083, 12.44201, -13.80447], "size": [1.76424, 2.52946, 1.374], "inflate": -0.5, "pivot": [-0.50814, 13.80732, -13.50579], "rotation": [0, 40, 0], "uv": [28, 89]},
						{"origin": [-1.66116, 12.44201, -13.73431], "size": [1.374, 2.52946, 1.374], "inflate": -0.5, "pivot": [-0.98847, 13.80732, -13.43562], "rotation": [0, -20, 0], "uv": [88, 18]},
						{"origin": [-2.0348, 12.44201, -13.82287], "size": [1.60418, 2.52946, 1.374], "inflate": -0.5, "pivot": [-1.13193, 13.80732, -13.52418], "rotation": [0, -40, 0], "uv": [88, 13]},
						{"origin": [-1.49607, 12.44201, -13.70015], "size": [1.374, 2.52946, 1.374], "inflate": -0.5, "uv": [87, 8]}
					]
				},
				{
					"name": "bone5",
					"parent": "scar_megalodon",
					"pivot": [1.15244, 11.7561, -11.49993],
					"rotation": [-37.5, 0, 0],
					"cubes": [
						{"origin": [0.73269, 11.16125, -10.86843], "size": [1.34, 2.86049, 1.34], "inflate": -0.5, "pivot": [1.38968, 11.7561, -10.55144], "rotation": [0, 20, 0], "uv": [0, 86]},
						{"origin": [0.86762, 11.16125, -10.94112], "size": [1.34, 2.86049, 1.34], "inflate": -0.5, "pivot": [1.52461, 11.7561, -10.62413], "rotation": [0, 40, 0], "uv": [43, 85]},
						{"origin": [0.8562, 11.16125, -10.90353], "size": [1.34, 2.86049, 1.34], "inflate": -0.5, "pivot": [1.51319, 11.7561, -10.58654], "rotation": [0, 80, 0], "uv": [39, 85]},
						{"origin": [0.88003, 11.16125, -11.14993], "size": [1.34, 2.86049, 1.34], "inflate": -0.5, "pivot": [1.53702, 11.7561, -10.83294], "rotation": [0, 90, 0], "uv": [33, 84]},
						{"origin": [-0.39795, 11.16125, -11.14993], "size": [1.34, 2.86049, 1.34], "inflate": -0.5, "pivot": [0.25904, 11.7561, -10.83294], "rotation": [0, 90, 0], "uv": [56, 81]},
						{"origin": [0.43096, 11.16125, -10.87733], "size": [1.34, 2.86049, 1.34], "inflate": -0.5, "pivot": [1.08795, 11.7561, -10.56034], "rotation": [0, -20, 0], "uv": [75, 60]},
						{"origin": [0.30054, 11.16125, -10.95784], "size": [1.34, 2.86049, 1.34], "inflate": -0.5, "pivot": [0.95753, 11.7561, -10.64085], "rotation": [0, -40, 0], "uv": [75, 48]},
						{"origin": [0.32738, 11.16125, -10.92915], "size": [1.34, 2.86049, 1.34], "inflate": -0.5, "pivot": [0.98437, 11.7561, -10.61216], "rotation": [0, -80, 0], "uv": [74, 70]},
						{"origin": [0.58104, 11.16125, -10.84628], "size": [1.34, 2.86049, 1.34], "inflate": -0.5, "uv": [74, 20]}
					]
				},
				{
					"name": "bone6",
					"parent": "scar_megalodon",
					"pivot": [1.15244, 10.19512, -11.20725],
					"cubes": [
						{"origin": [0.73269, 9.60027, -10.57575], "size": [1.34, 3.73854, 1.34], "inflate": -0.5, "pivot": [1.38968, 10.19512, -10.25876], "rotation": [0, 20, 0], "uv": [78, 88]},
						{"origin": [0.86762, 9.60027, -10.64843], "size": [1.34, 3.73854, 1.34], "inflate": -0.5, "pivot": [1.52461, 10.19512, -10.33144], "rotation": [0, 40, 0], "uv": [87, 49]},
						{"origin": [0.8562, 9.60027, -10.61085], "size": [1.34, 3.73854, 1.34], "inflate": -0.5, "pivot": [1.51319, 10.19512, -10.29386], "rotation": [0, 80, 0], "uv": [87, 37]},
						{"origin": [0.88003, 9.60027, -10.85725], "size": [1.34, 3.73854, 1.34], "inflate": -0.5, "pivot": [1.53702, 10.19512, -10.54026], "rotation": [0, 90, 0], "uv": [87, 4]},
						{"origin": [-0.39795, 9.60027, -10.85725], "size": [1.34, 3.73854, 1.34], "inflate": -0.5, "pivot": [0.25904, 10.19512, -10.54026], "rotation": [0, 90, 0], "uv": [72, 87]},
						{"origin": [0.43096, 9.60027, -10.58465], "size": [1.34, 3.73854, 1.34], "inflate": -0.5, "pivot": [1.08795, 10.19512, -10.26766], "rotation": [0, -20, 0], "uv": [65, 87]},
						{"origin": [0.30054, 9.60027, -10.66516], "size": [1.34, 3.73854, 1.34], "inflate": -0.5, "pivot": [0.95753, 10.19512, -10.34817], "rotation": [0, -40, 0], "uv": [86, 72]},
						{"origin": [0.32738, 9.60027, -10.63647], "size": [1.34, 3.73854, 1.34], "inflate": -0.5, "pivot": [0.98437, 10.19512, -10.31948], "rotation": [0, -80, 0], "uv": [86, 54]},
						{"origin": [0.58104, 9.60027, -10.5536], "size": [1.34, 3.73854, 1.34], "inflate": -0.5, "uv": [85, 77]}
					]
				},
				{
					"name": "bone7",
					"parent": "scar_megalodon",
					"pivot": [1.15244, 10.97561, -11.49993],
					"rotation": [-12.5, 0, 0],
					"cubes": [
						{"origin": [0.73269, 10.38076, -10.86843], "size": [1.34, 3.15317, 1.34], "inflate": -0.5, "pivot": [1.38968, 10.97561, -10.55144], "rotation": [0, 20, 0], "uv": [85, 65]},
						{"origin": [0.86762, 10.38076, -10.94112], "size": [1.34, 3.15317, 1.34], "inflate": -0.5, "pivot": [1.52461, 10.97561, -10.62413], "rotation": [0, 40, 0], "uv": [85, 31]},
						{"origin": [0.8562, 10.38076, -10.90353], "size": [1.34, 3.15317, 1.34], "inflate": -0.5, "pivot": [1.51319, 10.97561, -10.58654], "rotation": [0, 80, 0], "uv": [7, 85]},
						{"origin": [0.88003, 10.18564, -11.14993], "size": [1.92537, 3.34829, 1.34], "inflate": -0.5, "pivot": [1.53702, 10.97561, -10.83294], "rotation": [0, 90, 0], "uv": [81, 31]},
						{"origin": [-0.39795, 10.38076, -11.14993], "size": [1.34, 3.15317, 1.34], "inflate": -0.5, "pivot": [0.25904, 10.97561, -10.83294], "rotation": [0, 90, 0], "uv": [80, 18]},
						{"origin": [0.43096, 10.38076, -10.87733], "size": [1.34, 3.15317, 1.34], "inflate": -0.5, "pivot": [1.08795, 10.97561, -10.56034], "rotation": [0, -20, 0], "uv": [80, 13]},
						{"origin": [0.30054, 10.38076, -10.95784], "size": [1.34, 3.15317, 1.34], "inflate": -0.5, "pivot": [0.95753, 10.97561, -10.64085], "rotation": [0, -40, 0], "uv": [77, 51]},
						{"origin": [0.32738, 10.38076, -10.92915], "size": [1.34, 3.15317, 1.34], "inflate": -0.5, "pivot": [0.98437, 10.97561, -10.61216], "rotation": [0, -80, 0], "uv": [74, 16]},
						{"origin": [0.58104, 10.38076, -10.84628], "size": [1.34, 3.15317, 1.34], "inflate": -0.5, "uv": [74, 7]}
					]
				},
				{
					"name": "bone8",
					"parent": "scar_megalodon",
					"pivot": [1.15244, 13.31707, -10.42676],
					"rotation": [-82.5, 0, 0],
					"cubes": [
						{"origin": [0.73269, 12.72222, -9.79526], "size": [1.34, 4.12878, 1.34], "inflate": -0.5, "pivot": [1.38968, 13.31707, -9.47827], "rotation": [0, 20, 0], "uv": [52, 79]},
						{"origin": [0.86762, 12.72222, -9.86795], "size": [1.34, 3.41003, 1.34], "inflate": -0.5, "pivot": [1.52461, 13.31707, -9.55096], "rotation": [0, 40, 0], "uv": [74, 3]},
						{"origin": [0.8562, 12.72222, -9.83036], "size": [1.34, 2.47024, 1.34], "inflate": -0.5, "pivot": [1.51319, 13.31707, -9.51337], "rotation": [0, 80, 0], "uv": [0, 74]},
						{"origin": [0.88003, 12.72222, -10.07676], "size": [1.34, 2.5678, 1.34], "inflate": -0.5, "pivot": [1.53702, 13.31707, -9.75977], "rotation": [0, 90, 0], "uv": [43, 73]},
						{"origin": [-0.39795, 12.72222, -10.07676], "size": [1.34, 2.5678, 1.34], "inflate": -0.5, "pivot": [0.25904, 13.31707, -9.75977], "rotation": [0, 90, 0], "uv": [72, 32]},
						{"origin": [0.43096, 12.72222, -9.80416], "size": [1.34, 4.12878, 1.34], "inflate": -0.5, "pivot": [1.08795, 13.31707, -9.48717], "rotation": [0, -20, 0], "uv": [75, 36]},
						{"origin": [0.30054, 12.72222, -9.88467], "size": [1.34, 3.73854, 1.34], "inflate": -0.5, "pivot": [0.95753, 13.31707, -9.56768], "rotation": [0, -40, 0], "uv": [7, 73]},
						{"origin": [0.32738, 12.72222, -9.85598], "size": [1.34, 2.47024, 1.34], "inflate": -0.5, "pivot": [0.98437, 13.31707, -9.53899], "rotation": [0, -80, 0], "uv": [72, 13]},
						{"origin": [0.58104, 12.72222, -9.77311], "size": [1.34, 4.12878, 1.34], "inflate": -0.5, "uv": [63, 73]}
					]
				},
				{
					"name": "bone9",
					"parent": "scar_megalodon",
					"pivot": [1.08613, 13.5122, -9.25603],
					"rotation": [-90, 0, 0],
					"cubes": [
						{"origin": [0.72542, 12.62476, -8.72305], "size": [1.34, 7.90927, 1.34], "inflate": -0.5, "pivot": [1.38241, 13.21961, -8.40606], "rotation": [0, 20, 0], "uv": [45, 0]},
						{"origin": [0.81372, 13.62476, -8.66971], "size": [2.1525, 7.12878, 1.34], "inflate": -0.5, "pivot": [1.47071, 13.21961, -8.35272], "rotation": [0, 90, 0], "uv": [10, 0]},
						{"origin": [0.92666, 13.40525, -9.69756], "size": [1.34, 7.34829, 1.34], "inflate": -0.5, "pivot": [1.58365, 13.21961, -9.38057], "rotation": [0, 40, 0], "uv": [17, 78]},
						{"origin": [0.86035, 12.62476, -8.79573], "size": [1.34, 8.12878, 1.34], "inflate": -0.5, "pivot": [1.51734, 13.21961, -8.47874], "rotation": [0, 40, 0], "uv": [42, 37]},
						{"origin": [0.42369, 12.62476, -8.73195], "size": [1.34, 7.90927, 1.34], "inflate": -0.5, "pivot": [1.08068, 13.21961, -8.41496], "rotation": [0, -20, 0], "uv": [41, 0]},
						{"origin": [0.29327, 12.62476, -8.81246], "size": [1.34, 8.12878, 1.34], "inflate": -0.5, "pivot": [0.95026, 13.21961, -8.49547], "rotation": [0, -40, 0], "uv": [19, 38]},
						{"origin": [0.23941, 13.21013, -9.71429], "size": [1.34, 7.54341, 1.34], "inflate": -0.5, "pivot": [0.8964, 13.21961, -9.3973], "rotation": [0, -40, 0], "uv": [13, 78]},
						{"origin": [0.57377, 12.62476, -8.7009], "size": [1.34, 7.90927, 1.34], "inflate": -0.5, "uv": [15, 38]}
					]
				},
				{
					"name": "bone10",
					"parent": "scar_megalodon",
					"pivot": [1.15244, 13.5122, -9.06091],
					"rotation": [-90, 0, 0],
					"cubes": [
						{"origin": [0.7367, 12.9126, -8.37283], "size": [1.357, 1.41693, 1.357], "inflate": -0.5, "pivot": [1.40154, 13.5122, -8.06499], "rotation": [0, 20, 0], "uv": [13, 92]},
						{"origin": [0.87838, 12.9126, -8.44915], "size": [1.357, 1.41693, 1.357], "inflate": -0.5, "pivot": [1.54322, 13.5122, -8.14131], "rotation": [0, 40, 0], "uv": [4, 92]},
						{"origin": [0.86638, 12.9126, -8.40968], "size": [1.357, 1.41693, 1.357], "inflate": -0.5, "pivot": [1.53122, 13.5122, -8.10185], "rotation": [0, 80, 0], "uv": [0, 92]},
						{"origin": [0.89141, 12.9126, -8.6684], "size": [3.99115, 1.41693, 1.357], "inflate": -0.5, "pivot": [1.55625, 13.5122, -8.36057], "rotation": [0, 90, 0], "uv": [29, 13]},
						{"origin": [-0.45047, 12.9126, -8.6684], "size": [3.79602, 1.41693, 2.357], "inflate": -0.5, "pivot": [0.21437, 13.5122, -8.36057], "rotation": [0, 90, 0], "uv": [39, 33]},
						{"origin": [-0.45047, 12.9126, -8.6684], "size": [3.79602, 1.41693, 2.357], "inflate": -0.5, "pivot": [0.21437, 13.5122, -8.36057], "rotation": [0, 90, 0], "uv": [39, 33]},
						{"origin": [0.41988, 12.9126, -8.38218], "size": [1.357, 1.41693, 1.357], "inflate": -0.5, "pivot": [1.08472, 13.5122, -8.07434], "rotation": [0, -20, 0], "uv": [91, 90]},
						{"origin": [0.28295, 12.9126, -8.46671], "size": [1.357, 1.41693, 1.357], "inflate": -0.5, "pivot": [0.94779, 13.5122, -8.15887], "rotation": [0, -40, 0], "uv": [91, 88]},
						{"origin": [0.31113, 12.9126, -8.43659], "size": [1.357, 1.41693, 1.357], "inflate": -0.5, "pivot": [0.97597, 13.5122, -8.12875], "rotation": [0, -80, 0], "uv": [91, 86]},
						{"origin": [0.57747, 12.9126, -8.34957], "size": [1.357, 1.41693, 1.357], "inflate": -0.5, "uv": [91, 84]}
					]
				},
				{
					"name": "bone11",
					"parent": "scar_megalodon",
					"pivot": [1.15244, 14.78049, -8.86578],
					"rotation": [90, 0, 0],
					"cubes": [
						{"origin": [0.7367, 14.18089, -8.17771], "size": [1.357, 1.41693, 1.357], "inflate": -0.5, "pivot": [1.40154, 14.78049, -7.86987], "rotation": [0, 20, 0], "uv": [81, 91]},
						{"origin": [0.87838, 14.18089, -8.25403], "size": [1.357, 1.41693, 1.357], "inflate": -0.5, "pivot": [1.54322, 14.78049, -7.94619], "rotation": [0, 40, 0], "uv": [46, 91]},
						{"origin": [0.86638, 14.18089, -8.21456], "size": [1.357, 1.41693, 1.357], "inflate": -0.5, "pivot": [1.53122, 14.78049, -7.90672], "rotation": [0, 80, 0], "uv": [31, 91]},
						{"origin": [0.89141, 14.18089, -8.47328], "size": [1.357, 1.41693, 1.357], "inflate": -0.5, "pivot": [1.55625, 14.78049, -8.16544], "rotation": [0, 90, 0], "uv": [20, 91]},
						{"origin": [-0.45047, 14.18089, -8.47328], "size": [1.357, 1.41693, 1.357], "inflate": -0.5, "pivot": [0.21437, 14.78049, -8.16544], "rotation": [0, 90, 0], "uv": [90, 45]},
						{"origin": [0.41988, 14.18089, -8.18706], "size": [1.357, 1.41693, 1.357], "inflate": -0.5, "pivot": [1.08472, 14.78049, -7.87922], "rotation": [0, -20, 0], "uv": [90, 43]},
						{"origin": [0.28295, 14.18089, -8.27159], "size": [1.357, 1.41693, 1.357], "inflate": -0.5, "pivot": [0.94779, 14.78049, -7.96375], "rotation": [0, -30, 0], "uv": [68, 90]},
						{"origin": [0.31113, 14.18089, -8.24147], "size": [1.357, 1.41693, 1.357], "inflate": -0.5, "pivot": [0.97597, 14.78049, -7.93363], "rotation": [0, -80, 0], "uv": [59, 90]},
						{"origin": [0.57747, 14.18089, -8.15445], "size": [1.357, 1.41693, 1.357], "inflate": -0.5, "uv": [17, 90]}
					]
				},
				{
					"name": "bone12",
					"parent": "scar_megalodon",
					"pivot": [1.15244, 17.41463, -1.84139],
					"rotation": [90, 0, 0],
					"cubes": [
						{"origin": [0.73269, 18.87641, -4.26963], "size": [1.34, 5.93366, 1.34], "inflate": -0.5, "pivot": [1.38968, 19.47126, -3.95264], "rotation": [0, 20, 0], "uv": [83, 5]},
						{"origin": [0.86762, 18.87641, -4.34232], "size": [1.34, 5.93366, 1.34], "inflate": -0.5, "pivot": [1.52461, 19.47126, -4.02533], "rotation": [0, 40, 0], "uv": [82, 72]},
						{"origin": [0.8562, 18.87641, -4.30473], "size": [1.34, 5.95805, 1.34], "inflate": -0.5, "pivot": [1.51319, 19.47126, -3.98774], "rotation": [0, 80, 0], "uv": [78, 82]},
						{"origin": [0.8562, 28.3, -4.30473], "size": [1.34, 13.5, 1.34], "inflate": -0.5, "pivot": [1.51319, 19.47126, -3.98774], "rotation": [0, 80, 0], "uv": [86, 96]},
						{"origin": [0.88003, 18.87641, -4.55113], "size": [1.34, 5.95805, 1.34], "inflate": -0.5, "pivot": [1.53702, 19.47126, -4.23414], "rotation": [0, 90, 0], "uv": [69, 82]},
						{"origin": [0.88003, 28.2, -4.55113], "size": [1.34, 13.5, 1.34], "inflate": -0.5, "pivot": [1.53702, 19.47126, -4.23414], "rotation": [0, 90, 0], "uv": [82, 96]},
						{"origin": [-0.39795, 18.87641, -4.55113], "size": [1.34, 5.95805, 1.34], "inflate": -0.5, "pivot": [0.25904, 19.47126, -4.23414], "rotation": [0, 90, 0], "uv": [81, 25]},
						{"origin": [-0.39795, 28.3, -4.55113], "size": [1.34, 13.5, 1.34], "inflate": -0.5, "pivot": [0.25904, 19.47126, -4.23414], "rotation": [0, 90, 0], "uv": [78, 96]},
						{"origin": [0.43096, 18.87641, -4.27853], "size": [1.34, 5.93366, 1.34], "inflate": -0.5, "pivot": [1.08795, 19.47126, -3.96154], "rotation": [0, -20, 0], "uv": [65, 81]},
						{"origin": [0.30054, 18.87641, -4.35904], "size": [1.34, 6.12878, 1.34], "inflate": -0.5, "pivot": [0.95753, 19.47126, -4.04205], "rotation": [0, -40, 0], "uv": [76, 73]},
						{"origin": [0.32738, 28.2, -4.33035], "size": [1.34, 13.8, 1.34], "inflate": -0.5, "pivot": [0.98437, 19.47126, -4.01336], "rotation": [0, -80, 0], "uv": [74, 94]},
						{"origin": [0.32738, 18.87641, -4.33035], "size": [1.34, 5.95805, 1.34], "inflate": -0.5, "pivot": [0.98437, 19.47126, -4.01336], "rotation": [0, -80, 0], "uv": [80, 0]},
						{"origin": [0.58104, 18.87641, -4.24748], "size": [1.34, 5.93366, 1.34], "inflate": -0.5, "uv": [43, 77]}
					]
				},
				{
					"name": "bone13",
					"parent": "scar_megalodon",
					"pivot": [1.15244, 11.85366, -3.40237],
					"rotation": [62.5, 0, 0],
					"cubes": [
						{"origin": [0.73269, 15.84417, -2.77087], "size": [1.34, 3.34829, 1.34], "inflate": -0.5, "pivot": [1.38968, 11.85366, -2.45388], "rotation": [0, 20, 0], "uv": [20, 69]},
						{"origin": [0.86762, 15.84417, -2.84356], "size": [1.34, 3.34829, 1.34], "inflate": -0.5, "pivot": [1.52461, 11.85366, -2.52657], "rotation": [0, 40, 0], "uv": [7, 69]},
						{"origin": [0.8562, 15.84417, -2.80597], "size": [1.34, 3.34829, 1.34], "inflate": -0.5, "pivot": [1.51319, 11.85366, -2.48898], "rotation": [0, 80, 0], "uv": [33, 68]},
						{"origin": [0.88003, 15.84417, -3.05237], "size": [1.34, 3.34829, 1.34], "inflate": -0.5, "pivot": [1.53702, 11.85366, -2.73538], "rotation": [0, 90, 0], "uv": [64, 52]},
						{"origin": [-0.39795, 15.84417, -3.05237], "size": [1.34, 3.34829, 1.34], "inflate": -0.5, "pivot": [0.25904, 11.85366, -2.73538], "rotation": [0, 90, 0], "uv": [7, 61]},
						{"origin": [0.43096, 15.84417, -2.77977], "size": [1.34, 3.34829, 1.34], "inflate": -0.5, "pivot": [1.08795, 11.85366, -2.46278], "rotation": [0, -20, 0], "uv": [37, 59]},
						{"origin": [0.30054, 15.84417, -2.86028], "size": [1.34, 3.34829, 1.34], "inflate": -0.5, "pivot": [0.95753, 11.85366, -2.54329], "rotation": [0, -40, 0], "uv": [41, 12]},
						{"origin": [0.32738, 15.84417, -2.83159], "size": [1.34, 3.34829, 1.34], "inflate": -0.5, "pivot": [0.98437, 11.85366, -2.5146], "rotation": [0, -80, 0], "uv": [8, 38]},
						{"origin": [0.58104, 15.84417, -2.74872], "size": [1.34, 3.34829, 1.34], "inflate": -0.5, "uv": [0, 38]}
					]
				},
				{
					"name": "bone14",
					"parent": "scar_megalodon",
					"pivot": [1.15244, 11.36585, 1.57324],
					"rotation": [62.5, 0, 0],
					"cubes": [
						{"origin": [0.73269, 16.33198, 2.20474], "size": [1.34, 2.37268, 1.34], "inflate": -0.5, "pivot": [1.38968, 11.36585, 2.52173], "rotation": [0, 20, 0], "uv": [72, 0]},
						{"origin": [0.86762, 16.33198, 2.13205], "size": [1.34, 2.37268, 1.34], "inflate": -0.5, "pivot": [1.52461, 11.36585, 2.44904], "rotation": [0, 40, 0], "uv": [33, 72]},
						{"origin": [0.8562, 16.42954, 2.16964], "size": [1.34, 2.27512, 1.34], "inflate": -0.5, "pivot": [1.51319, 11.36585, 2.48663], "rotation": [0, 80, 0], "uv": [60, 69]},
						{"origin": [0.88003, 16.42954, 1.92324], "size": [1.34, 2.27512, 1.34], "inflate": -0.5, "pivot": [1.53702, 11.36585, 2.24023], "rotation": [0, 90, 0], "uv": [56, 69]},
						{"origin": [0.82099, 16.33198, 2.25808], "size": [1.92537, 2.37268, 1.34], "inflate": -0.5, "pivot": [1.47798, 11.36585, 2.57507], "rotation": [0, 90, 0], "uv": [68, 32]},
						{"origin": [-0.39795, 16.33198, 1.92324], "size": [1.34, 2.37268, 1.34], "inflate": -0.5, "pivot": [0.25904, 11.36585, 2.24023], "rotation": [0, 90, 0], "uv": [68, 25]},
						{"origin": [0.43096, 16.33198, 2.19584], "size": [1.34, 2.37268, 1.34], "inflate": -0.5, "pivot": [1.08795, 11.36585, 2.51283], "rotation": [0, -20, 0], "uv": [67, 8]},
						{"origin": [0.30054, 16.33198, 2.11533], "size": [1.34, 2.37268, 1.34], "inflate": -0.5, "pivot": [0.95753, 11.36585, 2.43232], "rotation": [0, -40, 0], "uv": [18, 66]},
						{"origin": [0.32738, 16.33198, 2.14402], "size": [1.34, 2.37268, 1.34], "inflate": -0.5, "pivot": [0.98437, 11.36585, 2.46101], "rotation": [0, -80, 0], "uv": [63, 57]},
						{"origin": [0.58104, 16.33198, 2.22689], "size": [1.34, 2.37268, 1.34], "inflate": -0.5, "uv": [62, 41]}
					]
				},
				{
					"name": "bone15",
					"parent": "scar_megalodon",
					"pivot": [1.15244, 13.41463, 3.23178],
					"rotation": [90, 0, 0],
					"cubes": [
						{"origin": [0.72467, 15.90244, 3.75013], "size": [1.306, 4.16712, 1.306], "inflate": -0.5, "pivot": [1.36596, 13.41463, 4.08542], "rotation": [0, 20, 0], "uv": [59, 73]},
						{"origin": [0.39629, 15.80488, 5.83929], "size": [1.306, 4.16712, 1.13039], "inflate": -0.5, "pivot": [-2.58526, 13.31707, 4.40005], "rotation": [0, 20, 0], "uv": [52, 73]},
						{"origin": [1.21845, 15.80488, 3.35312], "size": [1.306, 4.16712, 1.13039], "inflate": -0.5, "pivot": [-1.76309, 13.31707, 1.91387], "rotation": [0, -20, 0], "uv": [39, 71]},
						{"origin": [0.8461, 15.90244, 3.68471], "size": [1.306, 4.16712, 1.306], "inflate": -0.5, "pivot": [1.48739, 13.41463, 4.02], "rotation": [0, 40, 0], "uv": [68, 36]},
						{"origin": [0.83582, 15.90244, 3.71854], "size": [1.306, 4.16712, 1.306], "inflate": -0.5, "pivot": [1.47711, 13.41463, 4.05383], "rotation": [0, 80, 0], "uv": [48, 65]},
						{"origin": [-0.29291, 15.90244, 3.49678], "size": [1.306, 4.16712, 1.306], "inflate": -0.5, "pivot": [0.34838, 13.41463, 3.83207], "rotation": [0, 90, 0], "uv": [39, 65]},
						{"origin": [0.4531, 15.90244, 3.74212], "size": [1.306, 4.16712, 1.306], "inflate": -0.5, "pivot": [1.0944, 13.41463, 4.07741], "rotation": [0, -20, 0], "uv": [63, 61]},
						{"origin": [0.33573, 15.90244, 3.66966], "size": [1.306, 4.16712, 1.306], "inflate": -0.5, "pivot": [0.97702, 13.41463, 4.00495], "rotation": [0, -40, 0], "uv": [56, 61]},
						{"origin": [0.35989, 15.90244, 3.69548], "size": [1.306, 4.16712, 1.306], "inflate": -0.5, "pivot": [1.00118, 13.41463, 4.03077], "rotation": [0, -80, 0], "uv": [54, 25]},
						{"origin": [0.58818, 15.90244, 3.77006], "size": [1.306, 4.16712, 1.306], "inflate": -0.5, "uv": [13, 54]},
						{"origin": [0.58818, 15.70732, 4.52372], "size": [1.306, 4.26468, 1.13039], "inflate": -0.5, "uv": [50, 52]}
					]
				},
				{
					"name": "bone16",
					"parent": "scar_megalodon",
					"pivot": [1.15244, 14.29268, -2.91456],
					"rotation": [-142.5, 0, 0],
					"cubes": [
						{"origin": [0.72467, 13.70732, -2.39622], "size": [1.306, 7.24029, 1.306], "inflate": -0.5, "pivot": [1.36596, 14.29268, -2.06093], "rotation": [0, 20, 0], "uv": [4, 78]},
						{"origin": [0.8461, 13.70732, -2.46163], "size": [1.306, 7.24029, 1.306], "inflate": -0.5, "pivot": [1.48739, 14.29268, -2.12634], "rotation": [0, 40, 0], "uv": [0, 78]},
						{"origin": [0.83582, 15.46342, -2.4278], "size": [1.306, 5.4842, 1.306], "inflate": -0.5, "pivot": [1.47711, 14.29268, -2.09251], "rotation": [0, 80, 0], "uv": [74, 25]},
						{"origin": [0.85727, 17.97561, -2.64956], "size": [1.69624, 2.19151, 1.306], "inflate": -0.5, "pivot": [1.49856, 14.29268, -2.31427], "rotation": [0, 90, 0], "uv": [69, 74]},
						{"origin": [-0.29291, 15.37561, -2.64956], "size": [1.36088, 5.10622, 1.306], "inflate": -0.5, "pivot": [0.34838, 14.29268, -2.31427], "rotation": [0, 90, 0], "uv": [30, 29]},
						{"origin": [0.4531, 13.70732, -2.40423], "size": [1.306, 7.24029, 1.306], "inflate": -0.5, "pivot": [1.0944, 14.29268, -2.06893], "rotation": [0, -20, 0], "uv": [30, 77]},
						{"origin": [0.33573, 13.70732, -2.47669], "size": [1.306, 7.24029, 1.306], "inflate": -0.5, "pivot": [0.97702, 14.29268, -2.14139], "rotation": [0, -40, 0], "uv": [26, 77]},
						{"origin": [0.35989, 13.70732, -2.45087], "size": [1.306, 7.24029, 1.306], "inflate": -0.5, "pivot": [1.00118, 14.29268, -2.11557], "rotation": [0, -80, 0], "uv": [48, 37]},
						{"origin": [0.58818, 13.70732, -2.37628], "size": [1.306, 7.24029, 1.306], "inflate": -0.5, "uv": [20, 19]}
					]
				},
				{
					"name": "bone17",
					"parent": "scar_megalodon",
					"pivot": [1.15244, 13.12195, -10.42676],
					"rotation": [-70, 0, 0],
					"cubes": [
						{"origin": [0.73269, 12.5271, -9.79526], "size": [1.34, 4.12878, 1.34], "inflate": -0.5, "pivot": [1.38968, 13.12195, -9.47827], "rotation": [0, 20, 0], "uv": [43, 52]},
						{"origin": [0.86762, 12.5271, -9.86795], "size": [1.34, 2.5678, 1.34], "inflate": -0.5, "pivot": [1.52461, 13.12195, -9.55096], "rotation": [0, 40, 0], "uv": [61, 21]},
						{"origin": [0.8562, 12.5271, -9.83036], "size": [1.34, 2.37268, 1.34], "inflate": -0.5, "pivot": [1.51319, 13.12195, -9.51337], "rotation": [0, 80, 0], "uv": [61, 7]},
						{"origin": [0.88003, 12.5271, -10.07676], "size": [1.34, 2.5678, 1.34], "inflate": -0.5, "pivot": [1.53702, 13.12195, -9.75977], "rotation": [0, 90, 0], "uv": [49, 61]},
						{"origin": [-0.39795, 12.5271, -10.07676], "size": [1.34, 2.47024, 1.34], "inflate": -0.5, "pivot": [0.25904, 13.12195, -9.75977], "rotation": [0, 90, 0], "uv": [48, 8]},
						{"origin": [0.43096, 12.5271, -9.80416], "size": [1.34, 4.12878, 1.34], "inflate": -0.5, "pivot": [1.08795, 13.12195, -9.48717], "rotation": [0, -20, 0], "uv": [0, 45]},
						{"origin": [0.30054, 12.5271, -9.88467], "size": [1.34, 4.12878, 1.34], "inflate": -0.5, "pivot": [0.95753, 13.12195, -9.56768], "rotation": [0, -40, 0], "uv": [39, 24]},
						{"origin": [0.32738, 12.5271, -9.85598], "size": [1.34, 2.37268, 1.34], "inflate": -0.5, "pivot": [0.98437, 13.12195, -9.53899], "rotation": [0, -80, 0], "uv": [20, 48]},
						{"origin": [0.58104, 12.5271, -9.77311], "size": [1.34, 4.12878, 1.34], "inflate": -0.5, "uv": [39, 18]}
					]
				},
				{
					"name": "bone18",
					"parent": "scar_megalodon",
					"pivot": [1.3, 8.31746, -15.50866],
					"cubes": [
						{"origin": [0.55488, 7.05785, -16.31707], "size": [1.39024, 5.0439, 0.55122], "uv": [34, 0]},
						{"origin": [0.55488, 7.05785, -15.63415], "size": [1.39024, 5.0439, 0.64878], "uv": [24, 19]},
						{"origin": [0.55488, 7.05785, -17.19512], "size": [1.39024, 5.0439, 0.64878], "uv": [16, 0]},
						{"origin": [0.65244, 7.05785, -17.09756], "size": [1.19512, 5.0439, 1.79512], "uv": [30, 0]},
						{"origin": [0.55488, 6.63034, -17.79389], "size": [1.39024, 0.26341, 2.2], "pivot": [7, -0.01287, -12.59876], "rotation": [-5, 0, 0], "uv": [4, 4]}
					]
				},
				{
					"name": "bone19",
					"parent": "scar_megalodon",
					"pivot": [1.25, 7.65, -13.5],
					"cubes": [
						{"origin": [-0.005, 10.49268, -17.8], "size": [2.51, 3.80732, 4.2], "inflate": -0.5, "uv": [0, 38]},
						{"origin": [-0.005, 10.08289, -19.0142], "size": [2.51, 1.46585, 4.29756], "inflate": -0.5, "pivot": [7, -3.11711, -13.2142], "rotation": [-5, 0, 0], "uv": [80, 18]},
						{"origin": [-0.10256, 10.08289, -19.20932], "size": [2.70512, 1.27073, 4.59024], "inflate": -0.5, "pivot": [7, -3.11711, -13.2142], "rotation": [-5, 0, 0], "uv": [80, 13]},
						{"origin": [-0.005, 12.09268, -17.8], "size": [2.51, 1.70732, 9.5], "inflate": -0.5, "uv": [0, 90]},
						{"origin": [-0.005, 12.4, -17.71463], "size": [2.51, 2, 5.41463], "inflate": -0.5, "uv": [13, 54]}
					]
				},
				{
					"name": "bone20",
					"parent": "scar_megalodon",
					"pivot": [1.25, 9.5, -14.18333],
					"cubes": [
						{"origin": [0.48058, 10.24857, -14.94945], "size": [1.49732, 1.29756, 3.5], "inflate": -0.5, "uv": [70, 60]},
						{"origin": [0.05658, 10.13517, -14.81945], "size": [2.37155, 1.39512, 4.37805], "inflate": -0.5, "uv": [41, 12]},
						{"origin": [0.57842, 10.14697, -14.63996], "size": [1.59488, 1.39512, 3.69512], "inflate": -0.5, "pivot": [0.3955, 10.64697, -11.44483], "rotation": [0, -7.5, 0], "uv": [70, 52]},
						{"origin": [0.91927, 10.14697, -14.73898], "size": [1.59488, 1.39512, 1.28887], "inflate": -0.5, "uv": [13, 90]},
						{"origin": [-0.01531, 10.14697, -14.73898], "size": [1.59488, 1.39512, 1.28887], "inflate": -0.5, "uv": [4, 90]},
						{"origin": [0.92469, 10.13517, -14.62843], "size": [1.59488, 1.39512, 3.69512], "inflate": -0.5, "pivot": [-0.03205, 10.63517, -11.53518], "rotation": [0, 7.5, 0], "uv": [70, 48]},
						{"origin": [0.34232, 10.14697, -14.38403], "size": [1.59488, 1.39512, 3.69512], "inflate": -0.5, "pivot": [0.15939, 10.64697, -11.18891], "rotation": [0, 7.5, 0], "uv": [69, 70]},
						{"origin": [-0.01437, 10.13517, -14.88352], "size": [1.59488, 1.39512, 3.69512], "inflate": -0.5, "pivot": [0.58925, 10.63517, -11.69355], "rotation": [0, -7.5, 0], "uv": [13, 70]},
						{"origin": [0.6, 11.21714, -13.40695], "size": [1.3, 2.0122, 1.2], "inflate": -0.5, "uv": [33, 43]},
						{"origin": [0.6, 11.32615, -13.434], "size": [1.3, 1.91463, 1.2], "inflate": -0.5, "pivot": [1.25, 11.96145, -12.92705], "rotation": [10, 0, 0], "uv": [0, 90]},
						{"origin": [0.6, 11.1193, -13.39858], "size": [1.3, 1.42683, 1.10244], "inflate": -0.5, "pivot": [1.25, 11.71521, -13.36545], "rotation": [-30, 0, 0], "uv": [89, 78]},
						{"origin": [0.6, 11.10368, -13.42094], "size": [1.3, 1.13415, 1.10244], "inflate": -0.5, "pivot": [1.25, 11.4069, -13.38782], "rotation": [-2.5, 0, 0], "uv": [89, 66]},
						{"origin": [0.6, 11.41226, -13.40695], "size": [1.3, 1.81707, 1.2], "inflate": -0.5, "pivot": [1.25, 11.95, -12.9], "rotation": [-35, 0, 0], "uv": [89, 62]},
						{"origin": [0.6, 11.41226, -13.40695], "size": [1.3, 1.81707, 1.78537], "inflate": -0.5, "pivot": [1.25, 11.95, -12.9], "rotation": [37.5, 0, 0], "uv": [89, 60]},
						{"origin": [0.6, 11.41226, -13.40695], "size": [1.3, 1.81707, 1.78537], "inflate": -0.5, "pivot": [1.25, 11.95, -12.9], "rotation": [45, 0, 0], "uv": [89, 41]}
					]
				},
				{
					"name": "hole6",
					"parent": "bone20",
					"pivot": [1.26974, 14.28958, -13.25279],
					"cubes": [
						{"origin": [0, 14, -26.3], "size": [2.5, 2.35669, 13.7], "inflate": -0.5, "uv": [25, 37]},
						{"origin": [1.2, 15.357, -26.3], "size": [1.3, 1.3, 18], "inflate": -0.5, "pivot": [2, 15.855, -9.3], "rotation": [0, 0, -45], "uv": [0, 19]},
						{"origin": [0.2, 15.357, -26.3], "size": [2.1, 1.4, 17.60976], "inflate": -0.5, "uv": [20, 0]},
						{"origin": [0, 15.357, -26.3], "size": [1.3, 1.3, 18], "inflate": -0.5, "pivot": [0.5, 15.855, -9.3], "rotation": [0, 0, 45], "uv": [0, 0]},
						{"origin": [0.1, 12.69512, -26.19244], "size": [2.3, 2.16157, 8.5022], "inflate": -0.5, "uv": [91, 84]},
						{"origin": [0.1, 13.08537, -26.19244], "size": [2.3, 1.77132, 9.57537], "inflate": -0.5, "uv": [15, 89]},
						{"origin": [0.29512, 12.4024, -26.29], "size": [1.90976, 2.45425, 8.59976], "inflate": -0.5, "uv": [0, 0]},
						{"origin": [-0.36348, 13.2572, -26.3], "size": [1.88147, 2.35669, 13.70732], "inflate": -0.5, "pivot": [1.26975, 13.35629, -18.71328], "rotation": [0, 0, 45], "uv": [39, 18]},
						{"origin": [1.0227, 13.25608, -26.3], "size": [1.88147, 2.35669, 13.70732], "inflate": -0.5, "pivot": [1.26975, 13.35629, -18.71328], "rotation": [0, 0, -45], "uv": [0, 39]},
						{"origin": [0.47844, 13.39519, -21.90976], "size": [2.35669, 1.88147, 9.31707], "inflate": -0.5, "uv": [83, 49]},
						{"origin": [0.47844, 13.39519, -26.39756], "size": [2.35669, 1.88147, 5.41463], "inflate": -0.5, "uv": [39, 65]},
						{"origin": [-0.21467, 13.10923, -26.29], "size": [2.35669, 1.88147, 8.59976], "inflate": -0.5, "pivot": [1.26975, 13.35629, -18.71328], "rotation": [0, 0, 45], "uv": [93, 0]},
						{"origin": [-0.29733, 13.29763, -21.90976], "size": [2.35669, 1.97903, 9.31707], "inflate": -0.5, "uv": [15, 38]},
						{"origin": [-0.29733, 13.39519, -26.39756], "size": [2.35669, 1.88147, 5.5122], "inflate": -0.5, "uv": [54, 25]},
						{"origin": [0.39619, 13.11044, -26.29], "size": [2.35669, 1.88147, 8.59976], "inflate": -0.5, "pivot": [1.26975, 13.35629, -18.71328], "rotation": [0, 0, -45], "uv": [73, 61]}
					]
				},
				{
					"name": "design",
					"parent": "hole6",
					"pivot": [1.26974, 14.28958, -13.25279],
					"cubes": [
						{"origin": [0.39756, 15.4, -26.2], "size": [1.70488, 1.49756, 17.8], "inflate": -0.5, "uv": [20, 19]},
						{"origin": [0.39756, 15.4, -16.2], "size": [1.70488, 2.49756, 7.8], "inflate": -0.5, "uv": [20, 20], "mirror": true},
						{"origin": [0.39756, 16.4, -20.2], "size": [1.70488, 1.49756, 7.8], "uv": [20, 8]},
						{"origin": [-0.39756, 14.4, -16.2], "size": [1.5, 2.49756, 1.5], "inflate": -0.5, "uv": [0, 125]},
						{"origin": [-0.39756, 14.4, -17.2], "size": [1.5, 2.49756, 1.5], "inflate": -0.5, "uv": [0, 125]},
						{"origin": [-0.39756, 14.4, -18.2], "size": [1.5, 2.49756, 1.5], "inflate": -0.5, "uv": [0, 125]},
						{"origin": [1.4, 14.4, -18.2], "size": [1.5, 2.49756, 1.5], "inflate": -0.5, "uv": [0, 125]},
						{"origin": [1.4, 14.4, -17.2], "size": [1.5, 2.49756, 1.5], "inflate": -0.5, "uv": [0, 125]},
						{"origin": [1.4, 14.4, -16.2], "size": [1.5, 2.49756, 1.5], "inflate": -0.5, "uv": [0, 125]}
					]
				},
				{
					"name": "bone21",
					"parent": "scar_megalodon",
					"pivot": [0.472, 13.39869, -17.3232],
					"cubes": [
						{"origin": [-0.12085, 12.79185, -19.44854], "size": [1.18605, 1.31456, 2.6897], "inflate": -0.5, "pivot": [0.47199, 13.38178, -17.3232], "rotation": [0, -90, 0], "uv": [13, 62]},
						{"origin": [-0.12085, 12.65737, -19.44854], "size": [1.18605, 1.31456, 2.6897], "inflate": -0.5, "pivot": [0.47199, 13.38178, -17.3232], "rotation": [0, -90, 0], "uv": [0, 62]},
						{"origin": [-0.12093, 12.79194, -19.44854], "size": [1.18605, 1.31456, 2.6897], "inflate": -0.5, "pivot": [0.47199, 13.38178, -17.3232], "rotation": [-90, -45, 90], "uv": [61, 45]},
						{"origin": [-0.12088, 12.7917, -19.44854], "size": [1.18605, 1.31456, 2.6897], "inflate": -0.5, "pivot": [0.47199, 13.38178, -17.3232], "rotation": [90, -45, -90], "uv": [43, 61]},
						{"origin": [-0.1177, 12.78868, -19.44854], "size": [1.31456, 1.18605, 2.6897], "inflate": -0.5, "pivot": [0.47199, 13.38178, -17.3232], "rotation": [0, -90, 0], "uv": [60, 38]},
						{"origin": [-0.11772, 12.78891, -19.44854], "size": [1.31456, 1.18605, 2.6897], "inflate": -0.5, "pivot": [0.47199, 13.38178, -17.3232], "rotation": [-90, -45, 90], "uv": [60, 33]},
						{"origin": [-0.25323, 12.78868, -19.44854], "size": [1.31456, 1.18605, 2.6897], "inflate": -0.5, "pivot": [0.47199, 13.38178, -17.3232], "rotation": [0, -90, 0], "uv": [30, 60]},
						{"origin": [-0.25311, 12.78917, -19.44854], "size": [1.31456, 1.18605, 2.6897], "inflate": -0.5, "pivot": [0.47199, 13.38178, -17.3232], "rotation": [90, -45, -90], "uv": [59, 17]}
					]
				},
				{
					"name": "bone22",
					"parent": "scar_megalodon",
					"pivot": [1.27514, 14.12479, -7.36],
					"cubes": [
						{"origin": [-0.06004, 8.68883, -0.78684], "size": [2.62007, 6.68915, 1.81805], "inflate": -0.5, "uv": [0, 10]},
						{"origin": [-0.1576, 14.90531, -0.66315], "size": [2.8152, 1.32329, 2.30585], "inflate": -0.5, "pivot": [2.06003, 15.14005, 1.01901], "rotation": [25, 0, 0], "uv": [54, 8]},
						{"origin": [-0.1576, 18.45695, -4.85901], "size": [2.8152, 2.00622, 1.4278], "inflate": -0.5, "pivot": [7.02376, 1.6169, -16.17344], "rotation": [-17.5, 0, 0], "uv": [59, 13]},
						{"origin": [-0.1576, 15.9617, -4.19359], "size": [2.8152, 2.59159, 1.62293], "inflate": -0.5, "pivot": [7.02376, -1.07545, -15.29532], "rotation": [-12.5, 0, 0], "uv": [59, 4]},
						{"origin": [-0.06004, 13.17664, -9.46977], "size": [2.62007, 2.2989, 6.40341], "inflate": -0.5, "uv": [20, 0]},
						{"origin": [-0.06004, 13.2742, -9.37221], "size": [2.62007, 1.8111, 6.89122], "inflate": -0.5, "uv": [20, 29]},
						{"origin": [-0.05795, 12.90359, -9.57906], "size": [2.62007, 1.42085, 7.67171], "inflate": -0.5, "uv": [56, 94]},
						{"origin": [-0.05795, 12.90359, -9.57906], "size": [2.62007, 1.8111, 7.37902], "inflate": -0.5, "uv": [28, 90]},
						{"origin": [-0.06004, 12.85373, -9.68639], "size": [2.62007, 1.42085, 7.67171], "inflate": -0.5, "uv": [0, 10]},
						{"origin": [-0.00618, 11.9519, -9.46687], "size": [2.32739, 2.59159, 7.4522], "inflate": -0.5, "uv": [0, 28]},
						{"origin": [0.03961, 11.90727, -9.299], "size": [2.32739, 2.2989, 7.4522], "inflate": -0.5, "uv": [0, 19]},
						{"origin": [0.01121, 9.92135, -0.93535], "size": [2.45807, 4.73487, 1.19966], "inflate": -0.5, "uv": [28, 38]},
						{"origin": [0.01121, 9.65863, -0.82441], "size": [2.45807, 4.73487, 1.19966], "inflate": -0.5, "pivot": [1, 10, -0.5], "rotation": [37.5, 0, 0], "uv": [28, 38]}
					]
				},
				{
					"name": "bone23",
					"parent": "scar_megalodon",
					"pivot": [1.27514, 9.93348, -7.36],
					"rotation": [0, 0, -180],
					"cubes": [
						{"origin": [-0.10731, 3.99736, -0.78684], "size": [2.8152, 7.4696, 1.81805], "inflate": -0.5, "uv": [0, 0]},
						{"origin": [0.7, 3.97169, 0.19158], "size": [1.3, 7.4696, 2.3], "inflate": -0.5, "pivot": [1.5, 4, 1], "rotation": [7.5, 0, 0], "uv": [0, 119], "mirror": true},
						{"origin": [0.7, 5.59925, -22.8], "size": [1.3, 3.4696, 2.3], "inflate": -0.5, "pivot": [1.5, 7, -22], "rotation": [-65, 0, 0], "uv": [7, 123], "mirror": true},
						{"origin": [0.7, 5.5992, -23], "size": [1.3, 3.4696, 1.3], "inflate": -0.5, "pivot": [1.5, 7, -22], "rotation": [-65, 0, 0], "uv": [0, 123], "mirror": true},
						{"origin": [0.7, 6.66027, -22.5], "size": [1.3, 3.4696, 1.3], "inflate": -0.5, "pivot": [1.5, 9, -23], "rotation": [-40, 0, 0], "uv": [0, 123], "mirror": true},
						{"origin": [0.7, 5.56604, -23.3], "size": [1.3, 3.4696, 1.3], "inflate": -0.5, "pivot": [1.5, 8, -23], "rotation": [-47.5, 0, 0], "uv": [0, 123], "mirror": true},
						{"origin": [0.6111, -4.03594, -16.25791], "size": [1.3, 7.4696, 2.3], "inflate": -0.5, "pivot": [1.5, 3, -15], "rotation": [45, 0, 0], "uv": [0, 120], "mirror": true},
						{"origin": [0.6, -0.2, -20], "size": [1.5, 3.8, 3.3], "inflate": -0.5, "pivot": [1.5, 2, -19], "rotation": [60, 0, 0], "uv": [0, 101], "mirror": true},
						{"origin": [0.7, 0.25696, -19], "size": [1.3, 3.4696, 2.3], "inflate": -0.5, "pivot": [1.5, 1, -18], "rotation": [54.8, 0, 0], "uv": [0, 123], "mirror": true},
						{"origin": [0.61112, -4.03594, -14.25791], "size": [1.3, 7.4696, 2.3], "inflate": -0.5, "pivot": [1.5, 3, -15], "rotation": [30, 0, 0], "uv": [0, 120], "mirror": true},
						{"origin": [0.6111, -1.03594, -15.25791], "size": [1.3, 4.4696, 2.3], "inflate": -0.5, "pivot": [1.5, 3, -15], "rotation": [30, 0, 0], "uv": [0, 120], "mirror": true},
						{"origin": [0.7, 7.1, -23.25791], "size": [1.3, 2.4696, 1.3], "inflate": -0.5, "pivot": [1.5, 3, -15], "rotation": [30, 0, 0], "uv": [0, 120], "mirror": true},
						{"origin": [0.7, 6.7, -22.5], "size": [1.3, 2.4696, 1.3], "inflate": -0.5, "pivot": [1.5, 3, -15], "rotation": [30, 0, 0], "uv": [0, 120], "mirror": true},
						{"origin": [0.7, 6.3, -21.8], "size": [1.3, 2.4696, 1.3], "inflate": -0.5, "pivot": [1.5, 3, -15], "rotation": [30, 0, 0], "uv": [0, 120], "mirror": true},
						{"origin": [0.7, 5.3, -21], "size": [1.3, 2.4696, 1.3], "inflate": -0.5, "pivot": [1.5, 3, -15], "rotation": [30, 0, 0], "uv": [0, 120], "mirror": true},
						{"origin": [0.7, 2.3, -21.5], "size": [1.3, 2.4696, 1.3], "inflate": -0.5, "pivot": [1.5, 4, -21], "rotation": [-7.5, 0, 0], "uv": [0, 120], "mirror": true},
						{"origin": [0.7, 2.7, -21.7], "size": [1.3, 2.4696, 1.3], "inflate": -0.5, "pivot": [1.5, 4, -21], "rotation": [-7.5, 0, 0], "uv": [0, 120], "mirror": true},
						{"origin": [0.7, 2.3, 0.8], "size": [1.3, 4.4696, 1.5], "inflate": -0.5, "pivot": [1.5, 4, 1], "rotation": [27.5, 0, 0], "uv": [0, 123], "mirror": true},
						{"origin": [0.7, 1.8, 0.5], "size": [1.3, 3.4696, 1.5], "inflate": -0.5, "pivot": [1.5, 4, 1], "rotation": [42.5, 0, 0], "uv": [0, 123], "mirror": true},
						{"origin": [0.7, 2, 1.2], "size": [1.3, 4.4696, 1.5], "inflate": -0.5, "pivot": [1.5, 4, 1], "rotation": [25, 0, 0], "uv": [0, 123], "mirror": true},
						{"origin": [-0.10731, 10.72907, -0.8844], "size": [2.8152, 1.32329, 2.40341], "inflate": -0.5, "pivot": [2.11032, 11.22907, 1.01901], "rotation": [25, 0, 0], "uv": [49, 33]},
						{"origin": [-0.10731, 10.42897, -0.88954], "size": [2.8152, 1.42085, 1.91561], "inflate": -0.5, "uv": [46, 27]},
						{"origin": [-0.10731, 4.28262, -0.79198], "size": [2.8152, 1.42085, 1.91561], "inflate": -0.5, "uv": [41, 9]},
						{"origin": [-0.10731, 4.18887, -0.79198], "size": [2.8152, 1.42085, 1.91561], "inflate": -0.5, "uv": [11, 33]},
						{"origin": [-0.10731, 14.26683, -4.771], "size": [2.8152, 2.00622, 1.4278], "inflate": -0.5, "pivot": [7.07406, -2.29408, -16.17344], "rotation": [-17.5, 0, 0], "uv": [59, 0]},
						{"origin": [-0.10731, 11.57447, -4.08801], "size": [2.8152, 2.68915, 1.62293], "inflate": -0.5, "pivot": [7.07406, -4.98643, -15.29532], "rotation": [-12.5, 0, 0], "uv": [5, 58]}
					]
				},
				{
					"name": "bone24",
					"parent": "scar_megalodon",
					"pivot": [1.17218, 13.94685, -29.785],
					"cubes": [
						{"origin": [0.6703, 13.06945, -32.20645], "size": [1.17614, 1.14865, 11.3151], "inflate": -0.5, "uv": [39, 85]},
						{"origin": [0.6703, 13.06945, -32.20645], "size": [1.17614, 1.14865, 11.3151], "inflate": -0.5, "uv": [78, 84]},
						{"origin": [0.83581, 13.1297, -32.20645], "size": [1.17614, 1.14865, 11.3151], "inflate": -0.5, "pivot": [1.51195, 13.6297, -34.1806], "rotation": [0, 0, -20], "uv": [83, 37]},
						{"origin": [0.83581, 13.1297, -32.20645], "size": [1.17614, 1.14865, 11.3151], "inflate": -0.5, "pivot": [1.51195, 13.6297, -34.1806], "rotation": [0, 0, -20], "uv": [83, 25]},
						{"origin": [0.545, 13.9287, -32.20645], "size": [1.17614, 1.14865, 11.3151], "inflate": -0.5, "pivot": [1.22114, 14.4287, -34.1806], "rotation": [0, 0, -20], "uv": [82, 72]},
						{"origin": [0.545, 13.9287, -32.20645], "size": [1.17614, 1.14865, 11.3151], "inflate": -0.5, "pivot": [1.22114, 14.4287, -34.1806], "rotation": [0, 0, -20], "uv": [82, 60]},
						{"origin": [0.97074, 13.24292, -32.20645], "size": [1.17614, 1.14865, 11.3151], "inflate": -0.5, "pivot": [1.64688, 13.74292, -34.1806], "rotation": [0, 0, -40], "uv": [65, 82]},
						{"origin": [0.97074, 13.24292, -32.20645], "size": [1.17614, 1.14865, 11.3151], "inflate": -0.5, "pivot": [1.64688, 13.74292, -34.1806], "rotation": [0, 0, -40], "uv": [81, 13]},
						{"origin": [0.42419, 13.89427, -32.20645], "size": [1.17614, 1.14865, 11.3151], "inflate": -0.5, "pivot": [1.10033, 14.39427, -34.1806], "rotation": [0, 0, -40], "uv": [52, 81]},
						{"origin": [0.42419, 13.89427, -32.20645], "size": [1.17614, 1.14865, 11.3151], "inflate": -0.5, "pivot": [1.10033, 14.39427, -34.1806], "rotation": [0, 0, -40], "uv": [80, 1]},
						{"origin": [1.05881, 13.39546, -32.20645], "size": [1.17614, 1.14865, 11.3151], "inflate": -0.5, "pivot": [1.73495, 13.89546, -34.1806], "rotation": [0, 0, -60], "uv": [0, 78]},
						{"origin": [1.05881, 13.39546, -32.20645], "size": [1.17614, 1.14865, 11.3151], "inflate": -0.5, "pivot": [1.73495, 13.89546, -34.1806], "rotation": [0, 0, -60], "uv": [26, 77]},
						{"origin": [0.32245, 13.8206, -32.20645], "size": [1.17614, 1.14865, 11.3151], "inflate": -0.5, "pivot": [0.99858, 14.3206, -34.1806], "rotation": [0, 0, -60], "uv": [13, 76]},
						{"origin": [0.32245, 13.8206, -32.20645], "size": [1.17614, 1.14865, 11.3151], "inflate": -0.5, "pivot": [0.99858, 14.3206, -34.1806], "rotation": [0, 0, -60], "uv": [39, 73]},
						{"origin": [1.0894, 13.56892, -32.20645], "size": [1.17614, 1.14865, 11.3151], "inflate": -0.5, "pivot": [1.76554, 14.06892, -34.1806], "rotation": [0, 0, -80], "uv": [70, 48]},
						{"origin": [1.0894, 13.56892, -32.20645], "size": [1.17614, 1.14865, 11.3151], "inflate": -0.5, "pivot": [1.76554, 14.06892, -34.1806], "rotation": [0, 0, -80], "uv": [70, 36]},
						{"origin": [0.25203, 13.71657, -32.20645], "size": [1.17614, 1.14865, 11.3151], "inflate": -0.5, "pivot": [0.92817, 14.21657, -34.1806], "rotation": [0, 0, -80], "uv": [69, 70]},
						{"origin": [0.25203, 13.71657, -32.20645], "size": [1.17614, 1.14865, 11.3151], "inflate": -0.5, "pivot": [0.92817, 14.21657, -34.1806], "rotation": [0, 0, -80], "uv": [56, 69]},
						{"origin": [0.94301, 13.54311, -32.20645], "size": [1.17614, 1.14865, 11.3151], "inflate": -0.5, "pivot": [1.61915, 14.04311, -34.1806], "rotation": [0, 0, 80], "uv": [68, 24]},
						{"origin": [0.94301, 13.54311, -32.20645], "size": [1.17614, 1.14865, 11.3151], "inflate": -0.5, "pivot": [1.61915, 14.04311, -34.1806], "rotation": [0, 0, 80], "uv": [67, 12]},
						{"origin": [0.10564, 13.39546, -32.20645], "size": [1.17614, 1.14865, 11.3151], "inflate": -0.5, "pivot": [0.78178, 13.89546, -34.1806], "rotation": [0, 0, 80], "uv": [67, 0]},
						{"origin": [0.10564, 13.39546, -32.20645], "size": [1.17614, 1.14865, 11.3151], "inflate": -0.5, "pivot": [0.78178, 13.89546, -34.1806], "rotation": [0, 0, 80], "uv": [0, 66]},
						{"origin": [0.19371, 13.24292, -32.20645], "size": [1.17614, 1.14865, 11.3151], "inflate": -0.5, "pivot": [0.86985, 13.74292, -34.1806], "rotation": [0, 0, 60], "uv": [26, 65]},
						{"origin": [0.19371, 13.24292, -32.20645], "size": [1.17614, 1.14865, 11.3151], "inflate": -0.5, "pivot": [0.86985, 13.74292, -34.1806], "rotation": [0, 0, 60], "uv": [13, 64]},
						{"origin": [0.93008, 13.66806, -32.20645], "size": [1.17614, 1.14865, 11.3151], "inflate": -0.5, "pivot": [1.60622, 14.16806, -34.1806], "rotation": [0, 0, 60], "uv": [43, 61]},
						{"origin": [0.93008, 13.66806, -32.20645], "size": [1.17614, 1.14865, 11.3151], "inflate": -0.5, "pivot": [1.60622, 14.16806, -34.1806], "rotation": [0, 0, 60], "uv": [57, 45]},
						{"origin": [0.32864, 13.1297, -32.20645], "size": [1.17614, 1.14865, 11.3151], "inflate": -0.5, "pivot": [1.00478, 13.6297, -34.1806], "rotation": [0, 0, 40], "uv": [57, 57]},
						{"origin": [0.32864, 13.1297, -32.20645], "size": [1.17614, 1.14865, 11.3151], "inflate": -0.5, "pivot": [1.00478, 13.6297, -34.1806], "rotation": [0, 0, 40], "uv": [55, 33]},
						{"origin": [0.87519, 13.78105, -32.20645], "size": [1.17614, 1.14865, 11.3151], "inflate": -0.5, "pivot": [1.55133, 14.28105, -34.1806], "rotation": [0, 0, 40], "uv": [54, 13]},
						{"origin": [0.87519, 13.78105, -32.20645], "size": [1.17614, 1.14865, 11.3151], "inflate": -0.5, "pivot": [1.55133, 14.28105, -34.1806], "rotation": [0, 0, 40], "uv": [54, 1]},
						{"origin": [0.49416, 13.06945, -32.20645], "size": [1.17614, 1.14865, 11.3151], "inflate": -0.5, "pivot": [1.1703, 13.56945, -34.1806], "rotation": [0, 0, 20], "uv": [0, 54]},
						{"origin": [0.49416, 13.06945, -32.20645], "size": [1.17614, 1.14865, 11.3151], "inflate": -0.5, "pivot": [1.1703, 13.56945, -34.1806], "rotation": [0, 0, 20], "uv": [30, 53]},
						{"origin": [0.78497, 13.86846, -32.20645], "size": [1.17614, 1.14865, 11.3151], "inflate": -0.5, "pivot": [1.46111, 14.36846, -34.1806], "rotation": [0, 0, 20], "uv": [17, 52]},
						{"origin": [0.78497, 13.86846, -32.20645], "size": [1.17614, 1.14865, 11.3151], "inflate": -0.5, "pivot": [1.46111, 14.36846, -34.1806], "rotation": [0, 0, 20], "uv": [44, 49]},
						{"origin": [0.6703, 13.91974, -32.20645], "size": [1.17614, 1.14865, 11.3151], "inflate": -0.5, "uv": [42, 37]},
						{"origin": [0.6703, 13.91974, -32.20645], "size": [1.17614, 1.14865, 11.3151], "inflate": -0.5, "uv": [41, 0]}
					]
				},
				{
					"name": "bone25",
					"parent": "scar_megalodon",
					"pivot": [0.58681, 17.0688, -31.15085],
					"cubes": [
						{"origin": [0.66767, 14.36131, -28.37761], "size": [1.18014, 1.93252, 3.10076], "inflate": -0.5, "uv": [0, 70]},
						{"origin": [0.83695, 14.42292, -28.37761], "size": [1.18014, 1.93252, 3.10076], "inflate": -0.5, "pivot": [1.51709, 14.92292, -33.86785], "rotation": [0, 0, -20], "uv": [26, 69]},
						{"origin": [0.53953, 15.24009, -28.37761], "size": [1.18014, 1.15203, 3.10076], "inflate": -0.5, "pivot": [1.21967, 15.74009, -33.86785], "rotation": [0, 0, -20], "uv": [67, 17]},
						{"origin": [0.97495, 14.53872, -28.37761], "size": [1.18014, 1.93252, 3.10076], "inflate": -0.5, "pivot": [1.65509, 15.03872, -33.86785], "rotation": [0, 0, -40], "uv": [67, 13]},
						{"origin": [0.41597, 15.20488, -28.37761], "size": [1.18014, 1.15203, 3.10076], "inflate": -0.5, "pivot": [1.09611, 15.70488, -33.86785], "rotation": [0, 0, -40], "uv": [67, 4]},
						{"origin": [1.06502, 14.69473, -28.37761], "size": [1.18014, 1.93252, 3.10076], "inflate": -0.5, "pivot": [1.74516, 15.19473, -33.86785], "rotation": [0, 0, -60], "uv": [67, 0]},
						{"origin": [0.31191, 15.12953, -28.37761], "size": [1.18014, 1.15203, 3.10076], "inflate": -0.5, "pivot": [0.99206, 15.62953, -33.86785], "rotation": [0, 0, -60], "uv": [13, 66]},
						{"origin": [1.0963, 14.87213, -28.37761], "size": [1.18014, 1.93252, 3.10076], "inflate": -0.5, "pivot": [1.77644, 15.37213, -33.86785], "rotation": [0, 0, -80], "uv": [0, 66]},
						{"origin": [0.2399, 15.02314, -28.37761], "size": [1.18014, 1.15203, 3.10076], "inflate": -0.5, "pivot": [0.92004, 15.52314, -33.86785], "rotation": [0, 0, -80], "uv": [26, 65]},
						{"origin": [0.94658, 14.06524, -28.37761], "size": [1.18014, 1.93252, 3.10076], "inflate": -0.5, "pivot": [1.62672, 15.34573, -33.86785], "rotation": [0, 0, 80], "uv": [63, 25]},
						{"origin": [0.09018, 14.69473, -28.37761], "size": [1.18014, 1.15203, 3.10076], "inflate": -0.5, "pivot": [0.77032, 15.19473, -33.86785], "rotation": [0, 0, 80], "uv": [0, 58]},
						{"origin": [0.18025, 14.53872, -28.37761], "size": [1.18014, 2.03008, 3.10076], "inflate": -0.5, "pivot": [0.8604, 15.03872, -33.86785], "rotation": [0, 0, 60], "uv": [29, 8]},
						{"origin": [0.93336, 14.97352, -28.37761], "size": [1.18014, 1.15203, 3.10076], "inflate": -0.5, "pivot": [1.6135, 15.47352, -33.86785], "rotation": [0, 0, 60], "uv": [57, 49]},
						{"origin": [0.31825, 14.42292, -28.37761], "size": [1.18014, 1.93252, 3.10076], "inflate": -0.5, "pivot": [0.99839, 14.92292, -33.86785], "rotation": [0, 0, 40], "uv": [30, 56]},
						{"origin": [0.87722, 15.08908, -28.37761], "size": [1.18014, 1.15203, 3.10076], "inflate": -0.5, "pivot": [1.55737, 15.58908, -33.86785], "rotation": [0, 0, 40], "uv": [55, 38]},
						{"origin": [0.48753, 14.36131, -28.37761], "size": [1.18014, 1.93252, 3.10076], "inflate": -0.5, "pivot": [1.16767, 14.86131, -33.86785], "rotation": [0, 0, 20], "uv": [55, 34]},
						{"origin": [0.78495, 15.17848, -28.37761], "size": [1.18014, 1.15203, 3.10076], "inflate": -0.5, "pivot": [1.46509, 15.67848, -33.86785], "rotation": [0, 0, 20], "uv": [54, 18]},
						{"origin": [0.66767, 15.23092, -28.37761], "size": [1.18014, 1.15203, 3.10076], "inflate": -0.5, "uv": [54, 13]}
					]
				},
				{
					"name": "bone26",
					"parent": "scar_megalodon",
					"pivot": [0.84825, 16.52612, -31.15085],
					"cubes": [
						{"origin": [0.72464, 14.59566, -28.56104], "size": [1.11673, 1.60427, 1.39254], "inflate": -0.5, "uv": [89, 32]},
						{"origin": [0.83433, 14.63559, -28.56104], "size": [1.11673, 1.60427, 1.39254], "inflate": -0.5, "pivot": [1.45107, 15.13559, -32.91147], "rotation": [0, 0, -20], "uv": [89, 28]},
						{"origin": [0.6416, 15.16511, -28.56104], "size": [1.11673, 1.09851, 1.39254], "inflate": -0.5, "pivot": [1.25834, 15.66511, -32.91147], "rotation": [0, 0, -20], "uv": [88, 76]},
						{"origin": [0.92376, 14.71062, -28.56104], "size": [1.11673, 1.60427, 1.39254], "inflate": -0.5, "pivot": [1.54049, 15.21062, -32.91147], "rotation": [0, 0, -40], "uv": [88, 64]},
						{"origin": [0.56154, 15.1423, -28.56104], "size": [1.11673, 1.09851, 1.39254], "inflate": -0.5, "pivot": [1.17827, 15.6423, -32.91147], "rotation": [0, 0, -40], "uv": [88, 30]},
						{"origin": [0.98212, 14.81172, -28.56104], "size": [1.11673, 1.60427, 1.39254], "inflate": -0.5, "pivot": [1.59885, 15.31172, -32.91147], "rotation": [0, 0, -60], "uv": [26, 85]},
						{"origin": [0.49411, 15.09347, -28.56104], "size": [1.11673, 1.09851, 1.39254], "inflate": -0.5, "pivot": [1.11084, 15.59347, -32.91147], "rotation": [0, 0, -60], "uv": [20, 85]},
						{"origin": [1.00239, 14.92668, -28.56104], "size": [1.11673, 1.60427, 1.39254], "inflate": -0.5, "pivot": [1.61912, 15.42668, -32.91147], "rotation": [0, 0, -80], "uv": [46, 82]},
						{"origin": [0.44745, 15.02453, -28.56104], "size": [1.11673, 1.09851, 1.39254], "inflate": -0.5, "pivot": [1.06418, 15.52453, -32.91147], "rotation": [0, 0, -80], "uv": [63, 78]},
						{"origin": [0.90538, 14.40381, -28.56104], "size": [1.11673, 1.60427, 1.39254], "inflate": -0.5, "pivot": [1.52211, 15.40957, -32.91147], "rotation": [0, 0, 80], "uv": [77, 63]},
						{"origin": [0.35043, 14.81172, -28.56104], "size": [1.11673, 1.09851, 1.39254], "inflate": -0.5, "pivot": [0.96716, 15.31172, -32.91147], "rotation": [0, 0, 80], "uv": [76, 42]},
						{"origin": [0.4088, 14.71062, -28.56104], "size": [1.11673, 1.66749, 1.39254], "inflate": -0.5, "pivot": [1.02553, 15.21062, -32.91147], "rotation": [0, 0, 60], "uv": [74, 57]},
						{"origin": [0.89681, 14.99238, -28.56104], "size": [1.11673, 1.09851, 1.39254], "inflate": -0.5, "pivot": [1.51354, 15.49238, -32.91147], "rotation": [0, 0, 60], "uv": [74, 45]},
						{"origin": [0.49822, 14.63559, -28.56104], "size": [1.11673, 1.60427, 1.39254], "inflate": -0.5, "pivot": [1.11495, 15.13559, -32.91147], "rotation": [0, 0, 40], "uv": [26, 73]},
						{"origin": [0.86043, 15.06726, -28.56104], "size": [1.11673, 1.09851, 1.39254], "inflate": -0.5, "pivot": [1.47716, 15.56726, -32.91147], "rotation": [0, 0, 40], "uv": [20, 73]},
						{"origin": [0.60791, 14.59566, -28.56104], "size": [1.11673, 1.60427, 1.39254], "inflate": -0.5, "pivot": [1.22464, 15.09566, -32.91147], "rotation": [0, 0, 20], "uv": [72, 42]},
						{"origin": [0.80064, 15.12519, -28.56104], "size": [1.11673, 1.09851, 1.39254], "inflate": -0.5, "pivot": [1.41737, 15.62519, -32.91147], "rotation": [0, 0, 20], "uv": [70, 57]},
						{"origin": [0.72464, 15.15917, -28.56104], "size": [1.11673, 1.09851, 1.39254], "inflate": -0.5, "uv": [70, 45]}
					]
				},
				{
					"name": "bone27",
					"parent": "scar_megalodon",
					"pivot": [1.72629, 12.22581, -34.17524],
					"cubes": [
						{"origin": [0.64116, 12.94875, -33.0702], "size": [1.22017, 1.18581, 3.57193], "inflate": -0.5, "uv": [54, 4]},
						{"origin": [0.84806, 13.02406, -33.0702], "size": [1.22017, 1.18581, 3.57193], "inflate": -0.5, "pivot": [1.56823, 13.52406, -41.44824], "rotation": [0, 0, -20], "uv": [54, 0]},
						{"origin": [0.48454, 14.02281, -33.0702], "size": [1.22017, 1.18581, 3.57193], "inflate": -0.5, "pivot": [1.20471, 14.52281, -41.44824], "rotation": [0, 0, -20], "uv": [0, 54]},
						{"origin": [1.01672, 13.16558, -35.11898], "size": [1.22017, 1.18581, 5.62071], "inflate": -0.5, "pivot": [1.73689, 13.66558, -41.44824], "rotation": [0, 0, -40], "uv": [52, 73]},
						{"origin": [0.33353, 13.97978, -35.11898], "size": [1.22017, 1.18581, 5.62071], "inflate": -0.5, "pivot": [1.0537, 14.47978, -41.44824], "rotation": [0, 0, -40], "uv": [68, 36]},
						{"origin": [1.12681, 13.35626, -35.11898], "size": [1.22017, 1.18581, 5.62071], "inflate": -0.5, "pivot": [1.84698, 13.85626, -41.44824], "rotation": [0, 0, -60], "uv": [67, 26]},
						{"origin": [0.20635, 13.88768, -35.11898], "size": [1.22017, 1.18581, 5.62071], "inflate": -0.5, "pivot": [0.92652, 14.38768, -41.44824], "rotation": [0, 0, -60], "uv": [56, 61]},
						{"origin": [1.16504, 13.57309, -33.0702], "size": [1.22017, 1.18581, 3.57193], "inflate": -0.5, "pivot": [1.88521, 14.07309, -41.44824], "rotation": [0, 0, -80], "uv": [30, 52]},
						{"origin": [0.11833, 13.75765, -33.0702], "size": [1.22017, 1.18581, 3.57193], "inflate": -0.5, "pivot": [0.8385, 14.25765, -41.44824], "rotation": [0, 0, -80], "uv": [49, 12]},
						{"origin": [0.98205, 13.54082, -33.0702], "size": [1.22017, 1.18581, 3.57193], "inflate": -0.5, "pivot": [1.70222, 14.04082, -41.44824], "rotation": [0, 0, 80], "uv": [15, 48]},
						{"origin": [-0.06466, 13.35626, -33.0702], "size": [1.22017, 1.18581, 3.57193], "inflate": -0.5, "pivot": [0.65552, 13.85626, -41.44824], "rotation": [0, 0, 80], "uv": [43, 43]},
						{"origin": [0.04543, 13.16558, -35.11898], "size": [1.22017, 1.18581, 5.62071], "inflate": -0.5, "pivot": [0.7656, 13.66558, -41.44824], "rotation": [0, 0, 60], "uv": [43, 52]},
						{"origin": [0.96589, 13.69701, -35.11898], "size": [1.22017, 1.18581, 5.62071], "inflate": -0.5, "pivot": [1.68606, 14.19701, -41.44824], "rotation": [0, 0, 60], "uv": [0, 45]},
						{"origin": [0.21409, 13.02406, -35.11898], "size": [1.22017, 1.18581, 5.62071], "inflate": -0.5, "pivot": [0.93427, 13.52406, -41.44824], "rotation": [0, 0, 40], "uv": [39, 24]},
						{"origin": [0.89728, 13.83825, -35.11898], "size": [1.22017, 1.18581, 5.62071], "inflate": -0.5, "pivot": [1.61746, 14.33825, -41.44824], "rotation": [0, 0, 40], "uv": [39, 18]},
						{"origin": [0.42099, 12.94875, -33.0702], "size": [1.22017, 1.18581, 3.57193], "inflate": -0.5, "pivot": [1.14116, 13.44875, -41.44824], "rotation": [0, 0, 20], "uv": [28, 43]},
						{"origin": [0.78451, 13.94751, -33.0702], "size": [1.22017, 1.18581, 3.57193], "inflate": -0.5, "pivot": [1.50468, 14.44751, -41.44824], "rotation": [0, 0, 20], "uv": [29, 23]},
						{"origin": [0.64116, 14.01161, -33.0702], "size": [1.22017, 1.18581, 3.57193], "inflate": -0.5, "uv": [29, 19]}
					]
				},
				{
					"name": "bone28",
					"parent": "scar_megalodon",
					"pivot": [1.26974, 14.04441, -26.285],
					"cubes": [
						{"origin": [0.52119, 13.99329, -28.4], "size": [1.49805, 1.49756, 2.85], "inflate": -0.5, "uv": [57, 53]},
						{"origin": [0.52119, 13.00405, -28.4], "size": [1.49805, 1.21284, 2.85], "inflate": -0.5, "uv": [57, 57]},
						{"origin": [-0.3689, 13.6249, -28.4], "size": [1.49805, 1.21284, 2.85], "inflate": -0.5, "pivot": [1.26974, 12.84631, -29.48348], "rotation": [0, 0, 45], "uv": [35, 56]},
						{"origin": [1.41099, 13.62427, -28.4], "size": [1.49805, 1.21284, 2.85], "inflate": -0.5, "pivot": [1.26974, 12.84631, -29.48348], "rotation": [0, 0, -45], "uv": [55, 45]},
						{"origin": [1.15887, 13.35555, -28.4], "size": [1.21284, 1.49805, 2.85], "inflate": -0.5, "uv": [22, 54]},
						{"origin": [0.26892, 12.98756, -28.4], "size": [1.21284, 1.49805, 2.85], "inflate": -0.5, "pivot": [1.26974, 12.84631, -29.48348], "rotation": [0, 0, 45], "uv": [5, 54]},
						{"origin": [0.16681, 13.35555, -28.4], "size": [1.21284, 1.49805, 2.85], "inflate": -0.5, "uv": [35, 52]},
						{"origin": [1.05701, 12.98826, -28.4], "size": [1.21284, 1.49805, 2.85], "inflate": -0.5, "pivot": [1.26974, 12.84631, -29.48348], "rotation": [0, 0, -45], "uv": [46, 24]}
					]
				},
				{
					"name": "bone29",
					"parent": "scar_megalodon",
					"pivot": [1.20724, 14.07565, -29.09925],
					"cubes": [
						{"origin": [0.45879, 14.02392, -30.53089], "size": [1.57774, 1.24685, 1.4], "inflate": -0.5, "uv": [68, 42]},
						{"origin": [0.45879, 18.24854, -27.4921], "size": [1.57774, 1.24685, 1.4], "inflate": -0.5, "pivot": [6.97736, 1.18342, -9.0241], "rotation": [12.5, 0, 0], "uv": [68, 29]},
						{"origin": [0.45879, 12.87639, -30.53089], "size": [1.57774, 1.2469, 1.4], "inflate": -0.5, "uv": [67, 21]},
						{"origin": [0.45879, 9.46314, -34.90074], "size": [1.57774, 1.2469, 1.4], "inflate": -0.5, "pivot": [6.97736, -6.45445, -16.43274], "rotation": [-12.5, 0, 0], "uv": [21, 61]},
						{"origin": [-0.57372, 13.59658, -30.53089], "size": [1.57774, 1.2469, 1.4], "inflate": -0.5, "pivot": [1.2471, 12.61342, -31.86773], "rotation": [0, 0, 45], "uv": [17, 61]},
						{"origin": [-0.88706, 13.28324, -30.50341], "size": [1.57774, 1.2469, 1.4], "inflate": -0.5, "pivot": [0.93376, 12.30008, -31.84025], "rotation": [12.5, 0, 45], "uv": [59, 45]},
						{"origin": [1.49095, 13.59585, -30.53089], "size": [1.57774, 1.2469, 1.4], "inflate": -0.5, "pivot": [1.2471, 12.61342, -31.86773], "rotation": [0, 0, -45], "uv": [51, 58]},
						{"origin": [1.80431, 13.28249, -30.50357], "size": [1.57774, 1.2469, 1.4], "inflate": -0.5, "pivot": [1.56046, 12.30006, -31.84041], "rotation": [12.5, 0, -45], "uv": [47, 58]},
						{"origin": [1.19849, 13.28414, -30.53089], "size": [1.2469, 1.57774, 1.4], "inflate": -0.5, "uv": [43, 58]},
						{"origin": [4.82656, 13.28414, -31.82302], "size": [1.2469, 1.57774, 1.4], "inflate": -0.5, "pivot": [7.83243, -3.0412, -13.91311], "rotation": [0, 12.5, 0], "uv": [22, 57]},
						{"origin": [0.16615, 12.85727, -30.53089], "size": [1.2469, 1.57774, 1.4], "inflate": -0.5, "pivot": [1.2471, 12.61342, -31.86773], "rotation": [0, 0, 45], "uv": [55, 42]},
						{"origin": [0.42437, 13.46238, -30.81578], "size": [1.2469, 1.57774, 1.4], "inflate": -0.5, "pivot": [0.89916, 13.83941, -32.28701], "rotation": [0, 12.5, 45], "uv": [54, 22]},
						{"origin": [0.0477, 13.28414, -30.53089], "size": [1.2469, 1.57774, 1.4], "inflate": -0.5, "uv": [32, 48]},
						{"origin": [-3.90712, 13.28414, -29.95569], "size": [1.2469, 1.57774, 1.4], "inflate": -0.5, "pivot": [3.02254, -3.0412, -11.48769], "rotation": [0, -12.5, 0], "uv": [28, 48]},
						{"origin": [1.08034, 12.85807, -30.53089], "size": [1.2469, 1.57774, 1.4], "inflate": -0.5, "pivot": [1.2471, 12.61342, -31.86773], "rotation": [0, 0, -45], "uv": [24, 48]},
						{"origin": [1.42827, 13.20599, -30.94999], "size": [1.2469, 1.57774, 1.4], "inflate": -0.5, "pivot": [1.59503, 12.96134, -32.28683], "rotation": [0, -12.5, -45], "uv": [47, 33]}
					]
				},
				{
					"name": "bola",
					"parent": "scar_megalodon",
					"pivot": [1, 14.5, -11.2],
					"cubes": [
						{"origin": [-0.12441, 13.33216, -12.56342], "size": [2.5, 2.5, 2.5], "inflate": -0.7, "pivot": [1.21437, 14.5122, -11.36057], "rotation": [-2.5, 47.5, -90], "uv": [0, 117]}
					]
				},
				{
					"name": "bola1",
					"parent": "scar_megalodon",
					"pivot": [1, 13, -1.2],
					"cubes": [
						{"origin": [-0.39424, 12.3, -2.8], "size": [2.5, 2.5, 2.5], "inflate": -0.7, "pivot": [1.21437, 13.5122, -1.36057], "rotation": [-2.5, 42.5, -90], "uv": [0, 117]}
					]
				}
			]
		}
	]
}