{
  "resource_pack_name": "Furnicraft[Resource]",
  "texture_name": "atlas.items",
  "texture_data": {
    "emote_dab": {
      "textures": "textures/emote/dab"
    },
    "emote_hello": {
      "textures": "textures/emote/hello"
    },
    "emote_applause": {
      "textures": "textures/emote/applause"
    },
    "emote_lol": {
      "textures": "textures/emote/lol"
    },
    "emote_shoot_dance": {
      "textures": "textures/emote/shoot_dance"
    },
    "emote_dangerous_game": {
      "textures": "textures/emote/dangerous_game"
    },
    "emote_ffwc_throne": {
      "textures": "textures/emote/ffwc_throne"
    },
    "emote_pirates_flag": {
      "textures": "textures/emote/pirates_flag"
    },
    "emote_top_dj": {
      "textures": "textures/emote/top_dj"
    },
    "emote_i_heart_you": {
      "textures": "textures/emote/i_heart_you"
    },
    "emote_selfie": {
      "textures": "textures/emote/selfie"
    },
    "emote_flowers_of_love": {
      "textures": "textures/emote/flowers_of_love"
    }
  }
}