{
  "format_version": "1.13.0",
  "minecraft:entity": {
    "description": {
      "identifier": "ff:gloowall",
      "is_spawnable": true,
      "is_summonable": true,
      "is_experimental": false
    },
    "component_groups": {
      "minecraft:despawn": {
        "minecraft:despawn": {}
      }
    },
    "components": {
      "minecraft:timer": {
        "time": [
          30,
          30
        ],
        "looping": false,
        "time_down_event": {
          "event": "minecraft:despawn",
          "target": "self"
        }
      },
      "minecraft:type_family": {
        "family": [
          "gloowall"
        ]
      },
      "minecraft:collision_box": {
        "width": 4,
        "height": 2
      },
      "minecraft:is_stackable": {},
      "minecraft:knockback_resistance": {
        "value": 2.0
      },
      "minecraft:physics": {
        "has_collision": false,
        "has_gravity": false
      },
      "minecraft:pushable": {
        "is_pushable": false,
        "is_pushable_by_piston": false
      }
    },
    "events": {
      "minecraft:despawn": {
        "add": {
          "component_groups": [
            "minecraft:despawn"
          ]
        }
      }
    }
  }
}