{
  "format_version": "1.10.0",
  "minecraft:entity": {
    "description": {
      "identifier": "ff:gun_m1014",
      "is_spawnable": false,
      "is_summonable": true,
      "is_experimental": false,
      "runtime_identifier": "minecraft:snowball"
    },
    "components": {
      "minecraft:collision_box": {
        "width": 0.25,
        "height": 0.25
      },
      "minecraft:projectile": {
        "particle": "lava",
        "onHit": {
          "impact_damage": {
            "damage": 9,
            "knockback": true,
            "semi_random_diff_damage": false,
            "destroy_on_hit": true
          },
          "particle_on_hit": {
            "particle_type": "flame",
            "on_other_hit": true
          },
          "remove_on_hit": {}
        },
        "power": 5,
        "gravity": 0,
        "uncertainty_base": 10
      },
      "minecraft:physics": {}
    }
  }
}