{
  "format_version": "1.10.0",
  "geometry.bullet": {
    "texturewidth": 128,
    "textureheight": 128,
    "visible_bounds_width": 1,
    "visible_bounds_height": 1,
    "visible_bounds_offset": [
      0,
      0.5,
      0
    ],
    "bones": [
      {
        "name": "projectile",
        "pivot": [
          0,
          0,
          0
        ],
        "cubes": [
          {
            "origin": [
              -1,
              -1,
              -1
            ],
            "size": [
              1,
              1,
              1
            ],
            "uv": [
              0,
              0
            ]
          }
        ]
      }
    ]
  },
  "geometry.gloowall": {
    "texturewidth": 128,
    "textureheight": 128,
    "visible_bounds_width": 6,
    "visible_bounds_height": 4,
    "visible_bounds_offset": [
      0,
      1,
      0
    ],
    "bones": [
      {
        "name": "gloowall",
        "pivot": [
          0,
          0,
          0
        ],
        "cubes": [
          {
            "origin": [
              -26,
              1,
              -1
            ],
            "size": [
              4,
              32,
              5
            ],
            "uv": [
              0,
              0
            ]
          },
          {
            "origin": [
              22,
              1,
              -1
            ],
            "size": [
              4,
              32,
              5
            ],
            "uv": [
              0,
              0
            ],
            "mirror": true
          },
          {
            "origin": [
              -29,
              1,
              -3
            ],
            "size": [
              4,
              32,
              4
            ],
            "uv": [
              0,
              0
            ]
          },
          {
            "origin": [
              25,
              1,
              -3
            ],
            "size": [
              4,
              32,
              4
            ],
            "uv": [
              0,
              0
            ],
            "mirror": true
          },
          {
            "origin": [
              -32,
              1,
              -6
            ],
            "size": [
              4,
              32,
              4
            ],
            "uv": [
              0,
              0
            ]
          },
          {
            "origin": [
              28,
              1,
              -6
            ],
            "size": [
              4,
              32,
              4
            ],
            "uv": [
              0,
              0
            ],
            "mirror": true
          },
          {
            "origin": [
              -22,
              1,
              1
            ],
            "size": [
              44,
              32,
              6
            ],
            "uv": [
              28,
              0
            ]
          }
        ]
      }
    ]
  }
}