{
	"format_version": "1.12.0",
	"minecraft:geometry": [
		{
			"description": {
				"identifier": "geometry.glider",
				"texture_width": 64,
				"texture_height": 64,
				"visible_bounds_width": 7,
				"visible_bounds_height": 85,
				"visible_bounds_offset": [0, -37.5, 0]
			},
			"bones": [
				{
					"name": "glider",
					"pivot": [0, 24, 0],
					"rotation": [0, 180, 0],
					"cubes": [
						{"origin": [-13, 33, -1], "size": [26, 2, 2], "uv": [0, 60]},
						{"origin": [-13, 33, -1], "size": [14, 2, 2], "pivot": [-12, 34, 0], "rotation": [0, 0, -65], "uv": [0, 60]},
						{"origin": [-14, 41.7, -9], "size": [14, 2, 18], "pivot": [-1, 43, 0], "rotation": [0, 0, 35], "uv": [0, 0], "mirror": true},
						{"origin": [0, 41.7, -9], "size": [14, 2, 18], "pivot": [1, 43, 0], "rotation": [0, 0, -35], "uv": [0, 0]},
						{"origin": [-33, 49.2, -9], "size": [22, 2, 18], "pivot": [-11, 50, 0], "rotation": [0, 0, -20], "uv": [0, 20], "mirror": true},
						{"origin": [11, 49.2, -9], "size": [22, 2, 18], "pivot": [11, 50, 0], "rotation": [0, 0, 20], "uv": [0, 20]},
						{"origin": [-42.46999, 41.67714, 5], "size": [11, 2, 4], "pivot": [-32, 42, 0], "rotation": [0, 0, -5], "uv": [0, 40], "mirror": true},
						{"origin": [31.46999, 41.67714, 5], "size": [11, 2, 4], "pivot": [32, 42, 0], "rotation": [0, 0, 5], "uv": [0, 40]},
						{"origin": [-40.46999, 41.67714, -2], "size": [9, 2, 4], "pivot": [-32, 42, -7], "rotation": [0, 0, -5], "uv": [0, 40], "mirror": true},
						{"origin": [31.46999, 41.67714, -2], "size": [9, 2, 4], "pivot": [32, 42, -7], "rotation": [0, 0, 5], "uv": [0, 40]},
						{"origin": [-36.46999, 41.67714, -9], "size": [5, 2, 3], "pivot": [-32, 42, -14], "rotation": [0, 0, -5], "uv": [1, 41], "mirror": true},
						{"origin": [31.46999, 41.67714, -9], "size": [5, 2, 3], "pivot": [32, 42, -14], "rotation": [0, 0, 5], "uv": [1, 41]},
						{"origin": [-1, 33, -1], "size": [14, 2, 2], "pivot": [12, 34, 0], "rotation": [0, 0, 65], "uv": [0, 60], "mirror": true}
					]
				}
			]
		}
	]
}