{
	"format_version": "1.12.0",
	"minecraft:geometry": [
		{
			"description": {
				"identifier": "geometry.irongolem",
				"texture_width": 64,
				"texture_height": 64,
				"visible_bounds_width": 5,
				"visible_bounds_height": 84,
				"visible_bounds_offset": [0, -38, 0]
			},
			"bones": [
				{
					"name": "root",
					"pivot": [0, 2, 0]
				},
				{
					"name": "waist",
					"parent": "root",
					"pivot": [0, 14, 0]
				},
				{
					"name": "body",
					"parent": "waist",
					"pivot": [0, 26, 0],
					"cubes": [
						{"origin": [-4, 17, -2], "size": [8, 3, 4], "inflate": 0.5, "uv": [16, 16]},
						{"origin": [-4, 21, -2], "size": [8, 3, 4], "inflate": 1, "uv": [16, 16]},
						{"origin": [-4, 14, -2], "size": [8, 3, 4], "inflate": 0.2, "uv": [16, 16]},
						{"origin": [-4, 8, -3], "size": [8, 6, 1], "uv": [32, 9]},
						{"origin": [-5, 5, -2], "size": [1, 9, 4], "uv": [0, 33]},
						{"origin": [4, 5, -2], "size": [1, 9, 4], "uv": [0, 33]},
						{"origin": [-4, 8, 2], "size": [8, 6, 1], "uv": [32, 9]},
						{"origin": [-3, 25, -2], "size": [6, 1, 4], "inflate": 0.2, "uv": [16, 16]}
					]
				},
				{
					"name": "head",
					"parent": "body",
					"pivot": [0, 26, 0],
					"cubes": [
						{"origin": [-0.5, 30, 0.5], "size": [1, 1, 1], "inflate": 4, "uv": [27, 0]},
						{"origin": [-4, 26, -4], "size": [8, 8, 8], "uv": [0, 0]},
						{"origin": [-2.5, 28, 1.1], "size": [5, 2, 2], "inflate": 2.5, "uv": [32, 4]}
					]
				},
				{
					"name": "hat",
					"parent": "head",
					"pivot": [0, 26, 0],
					"cubes": [
						{"origin": [9, 38, -5], "size": [1, 3, 1], "pivot": [12, 14, -8], "rotation": [0, 0, -32.5], "uv": [32, 0]},
						{"origin": [-13, 38, -3.8], "size": [1, 3, 1], "pivot": [-14, 14, -8], "rotation": [0, 0, 42.5], "uv": [27, 0], "mirror": true},
						{"origin": [12, 38, -3.8], "size": [1, 3, 1], "pivot": [14, 14, -8], "rotation": [0, 0, -42.5], "uv": [27, 0]},
						{"origin": [-10, 38, -5], "size": [1, 3, 1], "pivot": [-12, 14, -8], "rotation": [0, 0, 32.5], "uv": [32, 0], "mirror": true},
						{"origin": [-12, 37, -5.1], "size": [2, 2, 1], "pivot": [-14, 12, -8], "rotation": [0, 0, 32.5], "uv": [26, 1], "mirror": true},
						{"origin": [10, 38, -5.1], "size": [2, 2, 1], "pivot": [14, 13, -8], "rotation": [0, 0, -32.5], "uv": [26, 1]},
						{"origin": [4, 35, -5], "size": [1, 3, 1], "uv": [32, 0], "mirror": true},
						{"origin": [10, 33.5, -16], "size": [1, 3, 1], "pivot": [8, 10, -20], "rotation": [-30, 0, -25], "uv": [32, 0], "mirror": true},
						{"origin": [-11, 33.5, -16], "size": [1, 3, 1], "pivot": [-8, 10, -20], "rotation": [-30, 0, 25], "uv": [32, 0]},
						{"origin": [-3.3, 38, -12.8], "size": [2, 5, 1], "pivot": [-5, 14, -15], "rotation": [-22.5, 0, 22.5], "uv": [26, 0], "mirror": true},
						{"origin": [1.3, 38, -12.8], "size": [2, 5, 1], "pivot": [5, 14, -15], "rotation": [-22.5, 0, -22.5], "uv": [26, 0]},
						{"origin": [14.8, 38.7, -5], "size": [2, 2, 1], "pivot": [12, 14, -8], "rotation": [0, 0, -25], "uv": [32, 0], "mirror": true},
						{"origin": [-15.3, 40.5, -5], "size": [1.5, 1, 1], "pivot": [-11, 17, -8], "rotation": [0, 0, 25], "uv": [32, 0]},
						{"origin": [13.8, 40.5, -5], "size": [1.5, 1, 1], "pivot": [11, 17, -8], "rotation": [0, 0, -25], "uv": [32, 0], "mirror": true},
						{"origin": [13.8, 41.5, -5], "size": [1, 1, 1], "pivot": [11, 18, -8], "rotation": [0, 0, -25], "uv": [32, 0], "mirror": true},
						{"origin": [-14.8, 41.5, -5], "size": [1, 1, 1], "pivot": [-11, 18, -8], "rotation": [0, 0, 25], "uv": [32, 0]},
						{"origin": [-16.8, 38.7, -5], "size": [2, 2, 1], "pivot": [-12, 14, -8], "rotation": [0, 0, 25], "uv": [32, 0]},
						{"origin": [-5, 35, -5], "size": [1, 3, 1], "uv": [32, 0]},
						{"origin": [-1, 34, -5], "size": [2, 2, 1], "uv": [32, 0]},
						{"origin": [0.3, 31, -5], "size": [2, 2, 1], "uv": [38, 0]},
						{"origin": [6.3, 31, -4.1], "size": [3, 1, 1], "pivot": [10, 6, -8], "rotation": [0, 0, -12.5], "uv": [0, 0]},
						{"origin": [-9.3, 31, -4.1], "size": [3, 1, 1], "pivot": [-10, 6, -8], "rotation": [0, 0, 12.5], "uv": [0, 0], "mirror": true},
						{"origin": [-1, 26.2, -4.5], "size": [2, 1, 1], "uv": [38, 0]},
						{"origin": [-2.3, 31, -5], "size": [2, 2, 1], "uv": [38, 0]},
						{"origin": [-0.7, 36, -5], "size": [1.5, 1, 1], "uv": [32, 0]},
						{"origin": [-0.7, 33, -5], "size": [1.5, 1, 1], "uv": [32, 0]},
						{"origin": [5, 36, -5], "size": [1, 1, 1], "uv": [32, 0]},
						{"origin": [-6, 36, -5], "size": [1, 1, 1], "uv": [32, 0], "mirror": true}
					]
				},
				{
					"name": "cape",
					"parent": "body",
					"pivot": [0, 26, 3]
				},
				{
					"name": "leftArm",
					"parent": "body",
					"pivot": [6, 23, -1],
					"rotation": [-63.80341, 19.16753, -37.67303],
					"cubes": [
						{"origin": [3.79431, 24.79198, 10.87164], "size": [4, 7, 4], "pivot": [-0.20569, 7.79198, 12.87164], "rotation": [42.5, 0, 0], "uv": [32, 48]},
						{"origin": [3.79431, 18.79198, -2.12836], "size": [4, 3, 4], "pivot": [-0.20569, 1.79198, -0.12836], "rotation": [-2.5, 0, 0], "uv": [32, 48]},
						{"origin": [6.79431, 12.79198, -1.12836], "size": [1, 1, 1], "uv": [40, 50]},
						{"origin": [3.79431, 12.79198, -1.12836], "size": [1, 1, 1], "uv": [40, 50]},
						{"origin": [3.69431, 11.99198, -1.12836], "size": [1, 1, 1], "pivot": [4.29431, 13.29198, -0.62836], "rotation": [0, 0, -15], "uv": [40, 50]},
						{"origin": [6.79431, 12.79198, -0.12836], "size": [1, 1, 1], "uv": [40, 50]},
						{"origin": [6.79431, 12.79198, 0.87164], "size": [1, 1, 1], "uv": [40, 50]},
						{"origin": [6.79431, 12.79198, 1.87164], "size": [1, 1, 1], "uv": [40, 50]},
						{"origin": [6.79431, 10.99198, 1.87164], "size": [1, 2, 1], "pivot": [7.29431, 12.79198, 2.37164], "rotation": [0, 0, 10], "uv": [40, 49]},
						{"origin": [6.79431, 10.99198, -0.12836], "size": [1, 2, 1], "pivot": [7.29431, 12.79198, 0.37164], "rotation": [0, 0, 20], "uv": [40, 49]},
						{"origin": [6.79431, 10.99198, -1.12836], "size": [1, 2, 1], "pivot": [7.29431, 12.79198, -0.62836], "rotation": [0, 0, 25], "uv": [40, 49]},
						{"origin": [6.79431, 10.99198, 0.87164], "size": [1, 2, 1], "pivot": [7.29431, 12.79198, 1.37164], "rotation": [0, 0, 15], "uv": [40, 49]}
					]
				},
				{
					"name": "leftSleeve",
					"parent": "leftArm",
					"pivot": [4.79431, 22.79198, 0.87164],
					"cubes": [
						{"origin": [3.79431, 13.79198, -1.12836], "size": [4, 5, 5], "inflate": 0.25, "uv": [48, 48]}
					]
				},
				{
					"name": "leftItem",
					"parent": "leftArm",
					"pivot": [5.79431, 15.79198, 1.87164]
				},
				{
					"name": "rightArm",
					"parent": "body",
					"pivot": [-6, 22, 2],
					"rotation": [-0.24529, -5.52235, 17.58269],
					"cubes": [
						{"origin": [-8.9, 10.2, 1], "size": [1, 2, 1], "pivot": [-8.5, 12, 1.5], "rotation": [0, 0, -20], "uv": [48, 17]},
						{"origin": [-8.9, 10.2, 2], "size": [1, 2, 1], "pivot": [-8.5, 12, 2.5], "rotation": [0, 0, -15], "uv": [48, 17]},
						{"origin": [-8.9, 10.2, 3], "size": [1, 2, 1], "pivot": [-8.5, 12, 3.5], "rotation": [0, 0, -10], "uv": [48, 17]},
						{"origin": [-8.9, 10.2, 0], "size": [1, 2, 1], "pivot": [-8.5, 12, 0.5], "rotation": [0, 0, -25], "uv": [48, 17]},
						{"origin": [-6, 12, 0], "size": [1, 1, 1], "uv": [48, 18]},
						{"origin": [-5.8, 11, 0], "size": [1, 1, 1], "pivot": [-4.5, 12.5, 0.5], "rotation": [0, 0, 15], "uv": [48, 18]},
						{"origin": [-9, 12, 0], "size": [1, 1, 1], "uv": [48, 18]},
						{"origin": [-9, 12, 2], "size": [1, 1, 1], "uv": [48, 18]},
						{"origin": [-9, 12, 3], "size": [1, 1, 1], "uv": [48, 18]},
						{"origin": [-9, 12, 1], "size": [1, 1, 1], "uv": [48, 18]},
						{"origin": [-9, 15.18629, 12.3], "size": [4, 6, 4], "pivot": [-1, 0, 2], "rotation": [37.5, 0, 0], "uv": [40, 16]},
						{"origin": [-9, 17, 0], "size": [4, 4, 4], "uv": [40, 16]}
					]
				},
				{
					"name": "rightSleeve",
					"parent": "rightArm",
					"pivot": [-6, 22, 2],
					"cubes": [
						{"origin": [-9, 13, 0], "size": [4, 5, 4], "inflate": 0.25, "uv": [48, 49]},
						{"origin": [-7.59704, 11.44323, -2.83893], "size": [1, 1, 7], "inflate": 0.25, "uv": [16, 55]},
						{"origin": [-7.7, 10.88722, -11.8715], "size": [1.2, 2, 3], "inflate": 0.25, "uv": [5, 47]},
						{"origin": [-7.7, 12, -28.75816], "size": [1.2, 1, 1], "inflate": 0.25, "uv": [5, 47]},
						{"origin": [-7.7, 11.3466, -27.7878], "size": [1.2, 1.5, 1], "inflate": 0.25, "uv": [5, 47]},
						{"origin": [-7.7, 10.8233, -26.80175], "size": [1.2, 2, 3], "inflate": 0.25, "uv": [5, 47]},
						{"origin": [-7.7, 10.83608, -23.8157], "size": [1.2, 2, 3], "inflate": 0.25, "uv": [5, 47]},
						{"origin": [-7.7, 10.84886, -20.82965], "size": [1.2, 2, 3], "inflate": 0.25, "uv": [5, 47]},
						{"origin": [-7.7, 10.86165, -17.8436], "size": [1.2, 2, 3], "inflate": 0.25, "uv": [5, 47]},
						{"origin": [-7.7, 10.87443, -14.85755], "size": [1.2, 2, 3], "inflate": 0.25, "uv": [5, 47]},
						{"origin": [-7.7, 10.9, -8.88545], "size": [1.2, 2, 3], "inflate": 0.25, "uv": [5, 47]},
						{"origin": [-7.7, 10.9, -5.80638], "size": [1.2, 2, 3], "inflate": 0.25, "uv": [5, 47]}
					]
				},
				{
					"name": "rightItem",
					"parent": "rightArm",
					"pivot": [-7, 15, 3],
					"locators": {
						"lead_hold": [-7, 15, 3]
					}
				},
				{
					"name": "jacket",
					"parent": "body",
					"pivot": [0, 26, 0],
					"cubes": [
						{"origin": [-1, 14, 3], "size": [2, 10, 1], "inflate": 0.25, "pivot": [0, 18, 4], "rotation": [0, 0, -27.5], "uv": [6, 20]},
						{"origin": [-1, 10, 2], "size": [2, 8, 1], "inflate": 0.25, "pivot": [0, 14, 3], "rotation": [0, 0, -90], "uv": [6, 20]},
						{"origin": [-7, 20, 3], "size": [2, 10, 1], "inflate": 0.25, "pivot": [-6, 24, 4], "rotation": [0, 0, -27.5], "uv": [6, 20]},
						{"origin": [-13, 26, 3], "size": [2, 10, 1], "inflate": 0.25, "pivot": [-12, 30, 4], "rotation": [0, 0, -27.5], "uv": [6, 20]},
						{"origin": [-15, 25, 3], "size": [2, 10, 1], "inflate": 0.25, "pivot": [-14, 29, 4], "rotation": [0, 0, -27.5], "uv": [6, 20]}
					]
				},
				{
					"name": "leftLeg",
					"parent": "root",
					"pivot": [1.9, 14, 0],
					"rotation": [0, 0, -2.5],
					"cubes": [
						{"origin": [-0.1, 2, -2], "size": [4, 12, 4], "uv": [16, 48]},
						{"origin": [-0.1, 1, -3], "size": [4, 1, 5], "uv": [0, 46]}
					]
				},
				{
					"name": "leftPants",
					"parent": "leftLeg",
					"pivot": [1.9, 14, 0]
				},
				{
					"name": "rightLeg",
					"parent": "root",
					"pivot": [-1.9, 14, 0],
					"rotation": [0, 0, 2.5],
					"cubes": [
						{"origin": [-3.9, 1, -3], "size": [4, 1, 5], "uv": [0, 46]},
						{"origin": [-3.9, 2, -2], "size": [4, 12, 4], "uv": [0, 16]}
					]
				},
				{
					"name": "rightPants",
					"parent": "rightLeg",
					"pivot": [-1.9, 14, 0]
				}
			]
		}
	]
}