{
  "format_version": "1.13.0",
  "minecraft:entity": {
    "description": {
      "identifier": "airdrop:chute",
      "is_summonable": true,
      "is_spawnable": false,
      "is_experimental": false,
      "scripts": {
        "animate": [
           "airdrop"
         ]
         },
         "animations": {   
            "airdrop": "controller.animation.airdrop"
           }
    },
    "component_groups": {},
    "components": {
      "minecraft:type_family": {
        "family": [
          "invincible"
        ]
      },
      "minecraft:nameable": {
        "alwaysShow": false,
        "allowNameTagRenaming": false
      },
      "minecraft:physics": {
        "has_gravity": true
      },
      "minecraft:health": {
        "value": 420,
        "max": 420
      },
      "minecraft:knockback_resistance": {
        "value": 1
      }
    }
  }
}