{
  "format_version": "1.13.0",
  "minecraft:entity": {
    "description": {
      "identifier": "ff:button",
      "is_spawnable": false,
      "is_summonable": true,
      "is_experimental": false
    },
    "components": {
      "minecraft:nameable": {
        "alwaysShow": true,
        "allowNameTagRenaming": true
      },
      "minecraft:health": {
        "value": 1,
        "max": 1
      },
      "minecraft:collision_box": {
        "width": 0.6,
        "height": 1.8
      },
      "minecraft:is_stackable": {},
      "minecraft:knockback_resistance": {
        "value": 2.0
      },
      "minecraft:physics": {
        "has_collision": false,
        "has_gravity": false
      },
      "minecraft:pushable": {
        "is_pushable": false,
        "is_pushable_by_piston": false
      }
    }
  }
}