{
  "format_version": "1.10",
  "minecraft:entity": {
    "description": {
      "identifier": "minecraft:player",
      "is_spawnable": false,
      "is_summonable": false,
      "is_experimental": false,
      "scripts": {
        "animate": [
          "walk",
          "tiarap",
          "m1887",
          "scar",
          "awm",
          "ak47",
          "m1014",
          "mp40",
          "m4a1",
          "groza",
          "svd",
          "xm8",
          "g18",
          "m500",
          "desert_eagle",
          "an94",
          "famas",
          "ump",
          "m60",
          "bundle_money_heist",
          "bundle_top_criminal_blue",
          "bundle_top_criminal_red",
          "bundle_top_criminal_yellow",
          "bundle_top_criminal_purple",
          "bundle_top_criminal_green"
        ]
      },
      "animations": {
        "walk": "controller.animation.walk",
        "tiarap": "controller.animation.tiarap",
        "m1887": "controller.animation.m1887",
        "scar": "controller.animation.scar",
        "awm": "controller.animation.awm",
        "ak47": "controller.animation.ak47",
        "m1014": "controller.animation.m1014",
        "mp40": "controller.animation.mp40",
        "m4a1": "controller.animation.m4a1",
        "groza": "controller.animation.groza",
        "svd": "controller.animation.svd",
        "xm8": "controller.animation.xm8",
        "g18": "controller.animation.g18",
        "m500": "controller.animation.m500",
        "desert_eagle": "controller.animation.desert_eagle",
        "an94": "controller.animation.an94",
        "famas": "controller.animation.famas",
        "ump": "controller.animation.ump",
        "m60": "controller.animation.m60",
        "bundle_money_heist": "controller.animation.bundle_money_heist",
        "bundle_top_criminal_blue": "controller.animation.bundle_top_criminal_blue",
        "bundle_top_criminal_red": "controller.animation.bundle_top_criminal_red",
        "bundle_top_criminal_yellow": "controller.animation.bundle_top_criminal_yellow",
        "bundle_top_criminal_purple": "controller.animation.bundle_top_criminal_purple",
        "bundle_top_criminal_green": "controller.animation.bundle_top_criminal_green"
      }
    },
    "component_groups": {
      "minecraft:normal_player": {
        "minecraft:movement": {
          "value": 0.1
        },
        "minecraft:spell_effects": {
          "remove_effects": [
            "slow_falling"
          ]
        }
      },
      "glider": {
        "minecraft:spell_effects": {
          "add_effects": [
            {
              "effect": "slow_falling",
              "duration": 60000,
              "visible": false,
              "ambient": false,
              "amplifier": 255,
              "display_on_screen_animation": false
            }
          ]
        }
      },
      "normal:scope": {
        "minecraft:movement": {
          "value": 0.001
        }
      },
      "sniper:scope": {
        "minecraft:movement": {
          "value": 0.0001
        }
      },
      "gun:has_equipment": {
        "minecraft:movement": {
          "value": 0.09
        }
      },
      "ammo:1": {
        "minecraft:mark_variant": {
          "value": 1
        }
      },
      "m1887:shoot": {
        "minecraft:spawn_entity": [
          {
            "min_wait_time": 0.1,
            "max_wait_time": 0.1,
            "single_use": true,
            "spawn_entity": "ff:gun_m1887",
            "num_to_spawn": 15
          }
        ]
      },
      "scar:shoot": {
        "minecraft:spawn_entity": [
          {
            "min_wait_time": 0,
            "max_wait_time": 0,
            "single_use": true,
            "spawn_entity": "ff:gun_scar",
            "num_to_spawn": 1
          }
        ]
      },
      "awm:shoot": {
        "minecraft:spawn_entity": [
          {
            "min_wait_time": 0,
            "max_wait_time": 0,
            "single_use": true,
            "spawn_entity": "ff:gun_awm",
            "num_to_spawn": 1
          }
        ]
      },
      "ak47:shoot": {
        "minecraft:spawn_entity": [
          {
            "min_wait_time": 0,
            "max_wait_time": 0,
            "single_use": true,
            "spawn_entity": "ff:gun_ak47",
            "num_to_spawn": 1
          }
        ]
      },
      "m1014:shoot": {
        "minecraft:spawn_entity": [
          {
            "min_wait_time": 0.1,
            "max_wait_time": 0.1,
            "single_use": true,
            "spawn_entity": "ff:gun_m1014",
            "num_to_spawn": 15
          }
        ]
      },
      "mp40:shoot": {
        "minecraft:spawn_entity": [
          {
            "min_wait_time": 0.2,
            "max_wait_time": 0.2,
            "single_use": true,
            "spawn_entity": "ff:gun_mp40",
            "num_to_spawn": 3
          }
        ]
      },
      "m4a1:shoot": {
        "minecraft:spawn_entity": [
          {
            "min_wait_time": 0,
            "max_wait_time": 0,
            "single_use": true,
            "spawn_entity": "ff:gun_m4a1",
            "num_to_spawn": 1
          }
        ]
      },
      "groza:shoot": {
        "minecraft:spawn_entity": [
          {
            "min_wait_time": 0,
            "max_wait_time": 0,
            "single_use": true,
            "spawn_entity": "ff:gun_groza",
            "num_to_spawn": 1
          }
        ]
      },
      "svd:shoot": {
        "minecraft:spawn_entity": [
          {
            "min_wait_time": 0,
            "max_wait_time": 0,
            "single_use": true,
            "spawn_entity": "ff:gun_svd",
            "num_to_spawn": 1
          }
        ]
      },
      "xm8:shoot": {
        "minecraft:spawn_entity": [
          {
            "min_wait_time": 0.1,
            "max_wait_time": 0.1,
            "single_use": true,
            "spawn_entity": "ff:gun_xm8",
            "num_to_spawn": 2
          }
        ]
      },
      "g18:shoot": {
        "minecraft:spawn_entity": [
          {
            "min_wait_time": 0.5,
            "max_wait_time": 0.5,
            "single_use": true,
            "spawn_entity": "ff:gun_g18",
            "num_to_spawn": 3
          }
        ]
      },
      "m500:shoot": {
        "minecraft:spawn_entity": [
          {
            "min_wait_time": 0,
            "max_wait_time": 0,
            "single_use": true,
            "spawn_entity": "ff:gun_m500",
            "num_to_spawn": 1
          }
        ]
      },
      "desert_eagle:shoot": {
        "minecraft:spawn_entity": [
          {
            "min_wait_time": 0,
            "max_wait_time": 0,
            "single_use": true,
            "spawn_entity": "ff:gun_desert_eagle",
            "num_to_spawn": 1
          }
        ]
      },
      "an94:shoot": {
        "minecraft:spawn_entity": [
          {
            "min_wait_time": 0,
            "max_wait_time": 0,
            "single_use": true,
            "spawn_entity": "ff:gun_an94",
            "num_to_spawn": 1
          }
        ]
      },
      "famas:shoot": {
        "minecraft:spawn_entity": [
          {
            "min_wait_time": 0.5,
            "max_wait_time": 0.5,
            "single_use": true,
            "spawn_entity": "ff:gun_famas",
            "num_to_spawn": 3
          }
        ]
      },
      "ump:shoot": {
        "minecraft:spawn_entity": [
          {
            "min_wait_time": 0.2,
            "max_wait_time": 0.2,
            "single_use": true,
            "spawn_entity": "ff:gun_ump",
            "num_to_spawn": 3
          }
        ]
      },
      "m60:shoot": {
        "minecraft:spawn_entity": [
          {
            "min_wait_time": 0,
            "max_wait_time": 0,
            "single_use": true,
            "spawn_entity": "ff:gun_m60",
            "num_to_spawn": 1
          }
        ]
      }
    },
    "components": {
      "minecraft:type_family": {
        "family": [
          "player"
        ]
      },
      "minecraft:loot": {
        "table": "loot_tables/empty.json"
      },
      "minecraft:collision_box": {
        "width": 0.6,
        "height": 1.8
      },
      "minecraft:can_climb": {},
      "minecraft:movement": {
        "value": 0.1
      },
      "minecraft:environment_sensor": [
        {
          "on_environment": {
            "filters": {
              "all_of": [
                {
                  "test": "is_family",
                  "subject": "self",
                  "value": "player"
                }
              ]
            },
            "event": "minecraft:become_normal"
          }
        },
        {
          "on_environment": {
            "filters": {
              "all_of": [
                {
                  "test": "has_equipment",
                  "subject": "self",
                  "domain": "hand",
                  "value": "ff:gun_m1887"
                },
                {
                  "test": "is_family",
                  "subject": "self",
                  "value": "player"
                }
              ]
            },
            "event": "ammo:1"
          }
        },
        {
          "on_environment": {
            "filters": {
              "all_of": [
                {
                  "test": "has_equipment",
                  "subject": "self",
                  "domain": "hand",
                  "value": "ff:gun_m1887"
                }
              ]
            },
            "event": "gun:has_equipment"
          }
        },
        {
          "on_environment": {
            "filters": {
              "all_of": [
                {
                  "test": "has_equipment",
                  "subject": "self",
                  "domain": "hand",
                  "value": "ff:glider"
                }
              ]
            },
            "event": "glider"
          }
        },
        {
          "on_environment": {
            "filters": {
              "all_of": [
                {
                  "test": "has_equipment",
                  "subject": "self",
                  "domain": "hand",
                  "value": "ff:gun_scar"
                },
                {
                  "test": "is_family",
                  "subject": "self",
                  "value": "player"
                }
              ]
            },
            "event": "ammo:1"
          }
        },
        {
          "on_environment": {
            "filters": {
              "all_of": [
                {
                  "test": "has_equipment",
                  "subject": "self",
                  "domain": "hand",
                  "value": "ff:gun_scar"
                },
                {
                  "test": "is_sneaking",
                  "subject": "self",
                  "operator": "\u003d\u003d",
                  "value": true
                },
                {
                  "test": "is_family",
                  "subject": "self",
                  "value": "player"
                }
              ]
            },
            "event": "normal:scope"
          }
        },
        {
          "on_environment": {
            "filters": {
              "all_of": [
                {
                  "test": "has_equipment",
                  "subject": "self",
                  "domain": "hand",
                  "value": "ff:gun_awm"
                },
                {
                  "test": "is_family",
                  "subject": "self",
                  "value": "player"
                }
              ]
            },
            "event": "ammo:1"
          }
        },
        {
          "on_environment": {
            "filters": {
              "all_of": [
                {
                  "test": "has_equipment",
                  "subject": "self",
                  "domain": "hand",
                  "value": "ff:gun_awm"
                },
                {
                  "test": "is_sneaking",
                  "subject": "self",
                  "operator": "\u003d\u003d",
                  "value": true
                },
                {
                  "test": "is_family",
                  "subject": "self",
                  "value": "player"
                }
              ]
            },
            "event": "sniper:scope"
          }
        },
        {
          "on_environment": {
            "filters": {
              "all_of": [
                {
                  "test": "has_equipment",
                  "subject": "self",
                  "domain": "hand",
                  "value": "ff:gun_ak47"
                },
                {
                  "test": "is_family",
                  "subject": "self",
                  "value": "player"
                }
              ]
            },
            "event": "ammo:1"
          }
        },
        {
          "on_environment": {
            "filters": {
              "all_of": [
                {
                  "test": "has_equipment",
                  "subject": "self",
                  "domain": "hand",
                  "value": "ff:gun_ak47"
                },
                {
                  "test": "is_sneaking",
                  "subject": "self",
                  "operator": "\u003d\u003d",
                  "value": true
                },
                {
                  "test": "is_family",
                  "subject": "self",
                  "value": "player"
                }
              ]
            },
            "event": "normal:scope"
          }
        },
        {
          "on_environment": {
            "filters": {
              "all_of": [
                {
                  "test": "has_equipment",
                  "subject": "self",
                  "domain": "hand",
                  "value": "ff:gun_m1014"
                },
                {
                  "test": "is_family",
                  "subject": "self",
                  "value": "player"
                }
              ]
            },
            "event": "ammo:1"
          }
        },
        {
          "on_environment": {
            "filters": {
              "all_of": [
                {
                  "test": "has_equipment",
                  "subject": "self",
                  "domain": "hand",
                  "value": "ff:gun_m1014"
                }
              ]
            },
            "event": "gun:has_equipment"
          }
        },
        {
          "on_environment": {
            "filters": {
              "all_of": [
                {
                  "test": "has_equipment",
                  "subject": "self",
                  "domain": "hand",
                  "value": "ff:gun_mp40"
                },
                {
                  "test": "is_family",
                  "subject": "self",
                  "value": "player"
                }
              ]
            },
            "event": "ammo:1"
          }
        },
        {
          "on_environment": {
            "filters": {
              "all_of": [
                {
                  "test": "has_equipment",
                  "subject": "self",
                  "domain": "hand",
                  "value": "ff:gun_m4a1"
                },
                {
                  "test": "is_family",
                  "subject": "self",
                  "value": "player"
                }
              ]
            },
            "event": "ammo:1"
          }
        },
        {
          "on_environment": {
            "filters": {
              "all_of": [
                {
                  "test": "has_equipment",
                  "subject": "self",
                  "domain": "hand",
                  "value": "ff:gun_m4a1"
                },
                {
                  "test": "is_sneaking",
                  "subject": "self",
                  "operator": "\u003d\u003d",
                  "value": true
                },
                {
                  "test": "is_family",
                  "subject": "self",
                  "value": "player"
                }
              ]
            },
            "event": "normal:scope"
          }
        },
        {
          "on_environment": {
            "filters": {
              "all_of": [
                {
                  "test": "has_equipment",
                  "subject": "self",
                  "domain": "hand",
                  "value": "ff:gun_groza"
                },
                {
                  "test": "is_family",
                  "subject": "self",
                  "value": "player"
                }
              ]
            },
            "event": "ammo:1"
          }
        },
        {
          "on_environment": {
            "filters": {
              "all_of": [
                {
                  "test": "has_equipment",
                  "subject": "self",
                  "domain": "hand",
                  "value": "ff:gun_groza"
                },
                {
                  "test": "is_sneaking",
                  "subject": "self",
                  "operator": "\u003d\u003d",
                  "value": true
                },
                {
                  "test": "is_family",
                  "subject": "self",
                  "value": "player"
                }
              ]
            },
            "event": "normal:scope"
          }
        },
        {
          "on_environment": {
            "filters": {
              "all_of": [
                {
                  "test": "has_equipment",
                  "subject": "self",
                  "domain": "hand",
                  "value": "ff:gun_svd"
                },
                {
                  "test": "is_family",
                  "subject": "self",
                  "value": "player"
                }
              ]
            },
            "event": "ammo:1"
          }
        },
        {
          "on_environment": {
            "filters": {
              "all_of": [
                {
                  "test": "has_equipment",
                  "subject": "self",
                  "domain": "hand",
                  "value": "ff:gun_svd"
                },
                {
                  "test": "is_sneaking",
                  "subject": "self",
                  "operator": "\u003d\u003d",
                  "value": true
                },
                {
                  "test": "is_family",
                  "subject": "self",
                  "value": "player"
                }
              ]
            },
            "event": "normal:scope"
          }
        },
        {
          "on_environment": {
            "filters": {
              "all_of": [
                {
                  "test": "has_equipment",
                  "subject": "self",
                  "domain": "hand",
                  "value": "ff:gun_xm8"
                },
                {
                  "test": "is_family",
                  "subject": "self",
                  "value": "player"
                }
              ]
            },
            "event": "ammo:1"
          }
        },
        {
          "on_environment": {
            "filters": {
              "all_of": [
                {
                  "test": "has_equipment",
                  "subject": "self",
                  "domain": "hand",
                  "value": "ff:gun_xm8"
                },
                {
                  "test": "is_sneaking",
                  "subject": "self",
                  "operator": "\u003d\u003d",
                  "value": true
                },
                {
                  "test": "is_family",
                  "subject": "self",
                  "value": "player"
                }
              ]
            },
            "event": "normal:scope"
          }
        },
        {
          "on_environment": {
            "filters": {
              "all_of": [
                {
                  "test": "has_equipment",
                  "subject": "self",
                  "domain": "hand",
                  "value": "ff:gun_g18"
                },
                {
                  "test": "is_family",
                  "subject": "self",
                  "value": "player"
                }
              ]
            },
            "event": "ammo:1"
          }
        },
        {
          "on_environment": {
            "filters": {
              "all_of": [
                {
                  "test": "has_equipment",
                  "subject": "self",
                  "domain": "hand",
                  "value": "ff:gun_m500"
                },
                {
                  "test": "is_family",
                  "subject": "self",
                  "value": "player"
                }
              ]
            },
            "event": "ammo:1"
          }
        },
        {
          "on_environment": {
            "filters": {
              "all_of": [
                {
                  "test": "has_equipment",
                  "subject": "self",
                  "domain": "hand",
                  "value": "ff:gun_m500"
                },
                {
                  "test": "is_sneaking",
                  "subject": "self",
                  "operator": "\u003d\u003d",
                  "value": true
                },
                {
                  "test": "is_family",
                  "subject": "self",
                  "value": "player"
                }
              ]
            },
            "event": "normal:scope"
          }
        },
        {
          "on_environment": {
            "filters": {
              "all_of": [
                {
                  "test": "has_equipment",
                  "subject": "self",
                  "domain": "hand",
                  "value": "ff:gun_desert_eagle"
                },
                {
                  "test": "is_family",
                  "subject": "self",
                  "value": "player"
                }
              ]
            },
            "event": "ammo:1"
          }
        },
        {
          "on_environment": {
            "filters": {
              "all_of": [
                {
                  "test": "has_equipment",
                  "subject": "self",
                  "domain": "hand",
                  "value": "ff:gun_an94"
                },
                {
                  "test": "is_family",
                  "subject": "self",
                  "value": "player"
                }
              ]
            },
            "event": "ammo:1"
          }
        },
        {
          "on_environment": {
            "filters": {
              "all_of": [
                {
                  "test": "has_equipment",
                  "subject": "self",
                  "domain": "hand",
                  "value": "ff:gun_an94"
                },
                {
                  "test": "is_sneaking",
                  "subject": "self",
                  "operator": "\u003d\u003d",
                  "value": true
                },
                {
                  "test": "is_family",
                  "subject": "self",
                  "value": "player"
                }
              ]
            },
            "event": "normal:scope"
          }
        },
        {
          "on_environment": {
            "filters": {
              "all_of": [
                {
                  "test": "has_equipment",
                  "subject": "self",
                  "domain": "hand",
                  "value": "ff:gun_famas"
                },
                {
                  "test": "is_family",
                  "subject": "self",
                  "value": "player"
                }
              ]
            },
            "event": "ammo:1"
          }
        },
        {
          "on_environment": {
            "filters": {
              "all_of": [
                {
                  "test": "has_equipment",
                  "subject": "self",
                  "domain": "hand",
                  "value": "ff:gun_famas"
                },
                {
                  "test": "is_sneaking",
                  "subject": "self",
                  "operator": "\u003d\u003d",
                  "value": true
                },
                {
                  "test": "is_family",
                  "subject": "self",
                  "value": "player"
                }
              ]
            },
            "event": "normal:scope"
          }
        },
        {
          "on_environment": {
            "filters": {
              "all_of": [
                {
                  "test": "has_equipment",
                  "subject": "self",
                  "domain": "hand",
                  "value": "ff:gun_ump"
                },
                {
                  "test": "is_family",
                  "subject": "self",
                  "value": "player"
                }
              ]
            },
            "event": "ammo:1"
          }
        },
        {
          "on_environment": {
            "filters": {
              "all_of": [
                {
                  "test": "has_equipment",
                  "subject": "self",
                  "domain": "hand",
                  "value": "ff:gun_ump"
                },
                {
                  "test": "is_sneaking",
                  "subject": "self",
                  "operator": "\u003d\u003d",
                  "value": true
                },
                {
                  "test": "is_family",
                  "subject": "self",
                  "value": "player"
                }
              ]
            },
            "event": "normal:scope"
          }
        },
        {
          "on_environment": {
            "filters": {
              "all_of": [
                {
                  "test": "has_equipment",
                  "subject": "self",
                  "domain": "hand",
                  "value": "ff:gun_m60"
                },
                {
                  "test": "is_family",
                  "subject": "self",
                  "value": "player"
                }
              ]
            },
            "event": "ammo:1"
          }
        },
        {
          "on_environment": {
            "filters": {
              "all_of": [
                {
                  "test": "has_equipment",
                  "subject": "self",
                  "domain": "hand",
                  "value": "ff:gun_m60"
                },
                {
                  "test": "is_sneaking",
                  "subject": "self",
                  "operator": "\u003d\u003d",
                  "value": true
                },
                {
                  "test": "is_family",
                  "subject": "self",
                  "value": "player"
                }
              ]
            },
            "event": "normal:scope"
          }
        }
      ],
      "minecraft:player.saturation": {
        "value": 20
      },
      "minecraft:player.exhaustion": {
        "value": 0,
        "max": 4
      },
      "minecraft:player.level": {
        "value": 0,
        "max": 24791
      },
      "minecraft:player.experience": {
        "value": 0,
        "max": 1
      },
      "minecraft:breathable": {
        "totalSupply": 15,
        "suffocateTime": -1,
        "inhaleTime": 3.75,
        "generatesBubbles": false
      },
      "minecraft:nameable": {
        "alwaysShow": false,
        "allowNameTagRenaming": false
      },
      "minecraft:physics": {},
      "minecraft:insomnia": {
        "days_until_insomnia": 3
      },
      "minecraft:rideable": {
        "seat_count": 2,
        "family_types": [
          "parrot_tame"
        ],
        "pull_in_entities": true,
        "seats": [
          {
            "position": [
              0.4,
              -0.15,
              0.04
            ],
            "min_rider_count": 0,
            "max_rider_count": 0,
            "lock_rider_rotation": 0
          },
          {
            "position": [
              -0.4,
              -0.15,
              0.04
            ],
            "min_rider_count": 1,
            "max_rider_count": 2,
            "lock_rider_rotation": 0
          }
        ]
      },
      "minecraft:scaffolding_climber": {}
    },
    "events": {
      "minecraft:become_normal": {
        "remove": {
          "component_groups": [
            "normal:scope",
            "sniper:scope",
            "gun:has_equipment",
            "glider"
          ]
        },
        "add": {
          "component_groups": [
            "minecraft:normal_player"
          ]
        }
      },
      "glider": {
        "add": {
          "component_groups": [
            "glider"
          ]
        }
      },
      "normal:scope": {
        "add": {
          "component_groups": [
            "normal:scope"
          ]
        }
      },
      "sniper:scope": {
        "add": {
          "component_groups": [
            "sniper:scope"
          ]
        }
      },
      "gun:has_equipment": {
        "add": {
          "component_groups": [
            "gun:has_equipment"
          ]
        }
      },
      "ammo:1": {
        "remove": {
          "component_groups": [
            "ammo:1"
          ]
        },
        "add": {
          "component_groups": [
            "ammo:1"
          ]
        }
      },
      "m1887:shoot": {
        "add": {
          "component_groups": [
            "m1887:shoot"
          ]
        }
      },
      "scar:shoot": {
        "add": {
          "component_groups": [
            "scar:shoot"
          ]
        }
      },
      "awm:shoot": {
        "add": {
          "component_groups": [
            "awm:shoot"
          ]
        }
      },
      "ak47:shoot": {
        "add": {
          "component_groups": [
            "ak47:shoot"
          ]
        }
      },
      "m1014:shoot": {
        "add": {
          "component_groups": [
            "m1014:shoot"
          ]
        }
      },
      "mp40:shoot": {
        "add": {
          "component_groups": [
            "mp40:shoot"
          ]
        }
      },
      "m4a1:shoot": {
        "add": {
          "component_groups": [
            "m4a1:shoot"
          ]
        }
      },
      "groza:shoot": {
        "add": {
          "component_groups": [
            "groza:shoot"
          ]
        }
      },
      "svd:shoot": {
        "add": {
          "component_groups": [
            "svd:shoot"
          ]
        }
      },
      "xm8:shoot": {
        "add": {
          "component_groups": [
            "xm8:shoot"
          ]
        }
      },
      "g18:shoot": {
        "add": {
          "component_groups": [
            "g18:shoot"
          ]
        }
      },
      "m500:shoot": {
        "add": {
          "component_groups": [
            "m500:shoot"
          ]
        }
      },
      "desert_eagle:shoot": {
        "add": {
          "component_groups": [
            "desert_eagle:shoot"
          ]
        }
      },
      "an94:shoot": {
        "add": {
          "component_groups": [
            "an94:shoot"
          ]
        }
      },
      "famas:shoot": {
        "add": {
          "component_groups": [
            "famas:shoot"
          ]
        }
      },
      "ump:shoot": {
        "add": {
          "component_groups": [
            "ump:shoot"
          ]
        }
      },
      "m60:shoot": {
        "add": {
          "component_groups": [
            "m60:shoot"
          ]
        }
      }
    }
  }
}