{
  "format_version": "1.13.0",
  "minecraft:entity": {
    "description": {
      "identifier": "ff:tiarap",
      "runtime_identifier": "minecraft:horse",
      "is_spawnable": false,
      "is_summonable": true,
      "is_experimental": false
    },
    "components": {
      "minecraft:type_family": {
        "family": [
          "player"
        ]
      },
      "minecraft:movement": {
        "value": 0.02
      },
      "minecraft:navigation.walk": {
        "can_path_over_water": true,
        "avoid_water": true,
        "avoid_damage_blocks": true
      },
      "minecraft:movement.basic": {},
      "minecraft:jump.static": {},
      "minecraft:nameable": {},
      "minecraft:physics": {},
      "minecraft:pushable": {
        "is_pushable": false,
        "is_pushable_by_piston": false
      },
      "minecraft:is_tamed": {},
      "minecraft:rideable": {
        "priority": 0,
        "seat_count": 1,
        "crouching_skip_interact": false,
        "family_types": [
          "player"
        ],
        "interact_text": "tiarap",
        "seats": {
          "position": [
            0,
            -0.5,
            -0.2
          ]
        },
        "pull_in_entities": true
      },
      "minecraft:collision_box": {
        "width": 0.9,
        "height": 0.9
      },
      "minecraft:is_saddled": {
        "value": true
      },
      "minecraft:input_ground_controlled": {},
      "minecraft:behavior.player_ride_tamed": {
        "value": true
      },
      "minecraft:damage_sensor": {
        "triggers": {
          "cause": "all",
          "deals_damage": false
        }
      },
      "minecraft:health": {
        "value": 1
      },
      "minecraft:environment_sensor": {
        "triggers": [
          {
            "filters": {
              "all_of": [
                {
                  "test": "has_tag",
                  "subject": "self",
                  "value": "kill"
                }
              ]
            },
            "event": "despawn"
          },
          {
            "filters": {
              "all_of": [
                {
                  "test": "distance_to_nearest_player",
                  "subject": "self",
                  "value": 3,
                  "operator": "\u003e\u003d"
                }
              ]
            },
            "event": "despawn"
          }
        ]
      }
    },
    "events": {
      "despawn": {
        "add": {
          "component_groups": [
            "despawn"
          ]
        }
      }
    },
    "component_groups": {
      "despawn": {
        "minecraft:despawn": {}
      }
    }
  }
}