{
  "format_version": "1.10.0",
  "particle_effect": {
    "description": {
      "identifier": "resep:top_criminal_yellow",
      "basic_render_parameters": {
        "material": "particles_alpha",
        "texture": "textures/particle/resep/resep_top_criminal_yellow"
      }
    },
    "components": {
      "minecraft:emitter_rate_instant": {
        "num_particles": 1
      },
      "minecraft:emitter_lifetime_once": {},
      "minecraft:emitter_shape_point": {
        "offset": [
          0,
          1.5,
          0
        ]
      },
      "minecraft:particle_initial_speed": 0.0,
      "minecraft:particle_lifetime_expression": {
        "max_lifetime": "Math.Random(15.0, 15.0)"
      },
      "minecraft:particle_motion_dynamic": {
        "linear_acceleration": [
          0.0,
          0.0,
          0.0
        ],
        "linear_drag_coefficient": 0.49
      },
      "minecraft:particle_appearance_billboard": {
        "size": [
          "(variable.particle_random_0 * 0.5f + 0.5f) * 3",
          "(variable.particle_random_0 * 0.5f + 0.5f) * 3"
        ],
        "facing_camera_mode": "lookat_y",
        "uv": {
          "texture_width": 128,
          "texture_height": 128,
          "flipbook": {
            "base_UV": [
              0,
              0
            ],
            "size_UV": [
              128,
              128
            ],
            "step_UV": [
              0,
              0
            ],
            "frames_per_second": 1,
            "max_frame": 1,
            "stretch_to_lifetime": true,
            "loop": false
          }
        }
      },
      "minecraft:particle_appearance_tinting": {
        "color": []
      },
      "minecraft:particle_appearance_lighting": {}
    }
  }
}