{
  "resource_pack_name": "tirtaajalh_pack",
  "texture_name": "atlas.items",
  "texture_data": {
    "adam": {
      "textures": "textures/ff_player_items/adam"
    },
    "alok": {
      "textures": "textures/ff_player_items/alok"
    },
    "andrew": {
      "textures": "textures/ff_player_items/andrew"
    },
    "budi01": {
      "textures": "textures/ff_player_items/budi01"
    },
    "caroline": {
      "textures": "textures/ff_player_items/caroline"
    },
    "cepcil": {
      "textures": "textures/ff_player_items/cepcil"
    },
    "efdewe": {
      "textures": "textures/ff_player_items/efdewe"
    },
    "eve": {
      "textures": "textures/ff_player_items/eve"
    },
    "ford": {
      "textures": "textures/ff_player_items/ford"
    },
    "frontal": {
      "textures": "textures/ff_player_items/frontal"
    },
    "hayato": {
      "textures": "textures/ff_player_items/hayato"
    },
    "kelly": {
      "textures": "textures/ff_player_items/kelly"
    },
    "kla": {
      "textures": "textures/ff_player_items/kla"
    },
    "letda": {
      "textures": "textures/ff_player_items/letda"
    },
    "maxim": {
      "textures": "textures/ff_player_items/maxim"
    },
    "misha": {
      "textures": "textures/ff_player_items/misha"
    },
    "moco": {
      "textures": "textures/ff_player_items/moco"
    },
    "nikita": {
      "textures": "textures/ff_player_items/nikita"
    },
    "olivia": {
      "textures": "textures/ff_player_items/olivia"
    },
    "tirta": {
      "textures": "textures/ff_player_items/tirta"
    },
    "gloowall": {
      "textures": "textures/items/gloowall"
    },
    "lambo": {
      "textures": "textures/items/lambo"
    },
    "jeep": {
      "textures": "textures/items/jeep"
    },
    "m1887": {
      "textures": "textures/ff_gun/m1887"
    },
    "scar": {
      "textures": "textures/ff_gun/scar"
    },
    "m1014": {
      "textures": "textures/ff_gun/m1014"
    },
    "mp40": {
      "textures": "textures/ff_gun/mp40"
    },
    "awm": {
      "textures": "textures/ff_gun/awm"
    },
    "ak47": {
      "textures": "textures/ff_gun/ak47"
    },
    "m4a1": {
      "textures": "textures/ff_gun/m4a1"
    },
    "groza": {
      "textures": "textures/ff_gun/groza"
    },
    "svd": {
      "textures": "textures/ff_gun/svd"
    },
    "xm8": {
      "textures": "textures/ff_gun/xm8"
    },
    "m500": {
      "textures": "textures/ff_gun/m500"
    },
    "g18": {
      "textures": "textures/ff_gun/g18"
    },
    "famas": {
      "textures": "textures/ff_gun/famas"
    },
    "an94": {
      "textures": "textures/ff_gun/an94"
    },
    "ump": {
      "textures": "textures/ff_gun/ump"
    },
    "m60": {
      "textures": "textures/ff_gun/m60"
    },
    "desert_eagle": {
      "textures": "textures/ff_gun/desert_eagle"
    },
    "youtube": {
      "textures": "textures/sosmed/youtube"
    },
    "instagram": {
      "textures": "textures/sosmed/instagram"
    },
    "voucher_lucky_royal": {
      "textures": "textures/items/voucher_lucky_royal"
    },
    "facebook": {
      "textures": "textures/sosmed/facebook"
    },
    "medkit": {
      "textures": "textures/items/medkit"
    },
    "inhaler": {
      "textures": "textures/items/inhaler"
    },
    "glider": {
      "textures": "textures/items/glider"
    },
    "bundle_money_heist": {
      "textures": "textures/items/bundle/money_heist"
    },
    "bundle_top_criminal_blue": {
      "textures": "textures/items/bundle/top_criminal_blue"
    },
    "bundle_top_criminal_green": {
      "textures": "textures/items/bundle/top_criminal_green"
    },
    "bundle_top_criminal_purple": {
      "textures": "textures/items/bundle/top_criminal_purple"
    },
    "bundle_top_criminal_red": {
      "textures": "textures/items/bundle/top_criminal_red"
    },
    "bundle_top_criminal_yellow": {
      "textures": "textures/items/bundle/top_criminal_yellow"
    },
    "blueprint_top_criminal": {
      "textures": "textures/items/blueprint_top_criminal"
    },
    "evolution_stone": {
      "textures": "textures/items/evolution_stone"
    },
    "magic_cube": {
      "textures": "textures/items/magic_cube"
    }
  }
}