{
  "format_version": "1.8.0",
  "minecraft:entity": {
    "description": {
      "identifier": "minecraft:player",
      "is_spawnable": false,
      "is_summonable": false,
      "is_experimental": false,
      "scripts": {
        "animate": [
          "walk",
          "gun_reload",
          "ammo_out",
          "ak_draco",
          "scar_megalodon",
          "mp40_cobra",
          "ak_draco_hold",
          "scar_megalodon_hold",
          "mp40_cobra_hold"
        ]
      },
      "animations": {
        "walk": "controller.animation.walk",
        "gun_reload": "controller.animation.gun_reload",
        "ammo_out": "controller.animation.ammo_out",
        "ak_draco": "controller.animation.ak_draco",
        "scar_megalodon": "controller.animation.scar_megalodon",
        "mp40_cobra": "controller.animation.mp40_cobra",
        "ak_draco_hold": "controller.animation.ak_draco_hold",
        "scar_megalodon_hold": "controller.animation.scar_megalodon_hold",
        "mp40_cobra_hold": "controller.animation.mp40_cobra_hold"
      }
    },
    "component_groups": {
      "minecraft:normal_player": {
        "minecraft:health": {
          "value": 20,
          "max": 20
        },
        "minecraft:movement": {
          "value": 0.1
        },
        "minecraft:attack": {
          "damage": 1
        },
        "minecraft:mark_variant": {
          "value": 999999
        }
      },
      "ak_draco_bullet": {
        "minecraft:timer": {
          "time": [
            0.1,
            0.1
          ],
          "looping": false,
          "time_down_event": {
            "event": "stop_fire",
            "target": "self"
          }
        },
        "minecraft:spawn_entity": [
          {
            "min_wait_time": 0,
            "max_wait_time": 0,
            "single_use": true,
            "spawn_entity": "ta:ak_draco_bullet",
            "num_to_spawn": 1
          }
        ]
      },
      "scar_megalodon_bullet": {
        "minecraft:timer": {
          "time": [
            0.1,
            0.1
          ],
          "looping": false,
          "time_down_event": {
            "event": "stop_fire",
            "target": "self"
          }
        },
        "minecraft:spawn_entity": [
          {
            "min_wait_time": 0,
            "max_wait_time": 0,
            "single_use": true,
            "spawn_entity": "ta:scar_megalodon_bullet",
            "num_to_spawn": 1
          }
        ]
      },
      "mp40_cobra_bullet": {
        "minecraft:timer": {
          "time": [
            0.1,
            0.1
          ],
          "looping": false,
          "time_down_event": {
            "event": "stop_fire",
            "target": "self"
          }
        },
        "minecraft:spawn_entity": [
          {
            "min_wait_time": 0,
            "max_wait_time": 0,
            "single_use": true,
            "spawn_entity": "ta:mp40_cobra_bullet",
            "num_to_spawn": 1
          }
        ]
      }
    },
    "components": {
      "minecraft:type_family": {
        "family": [
          "player"
        ]
      },
      "minecraft:loot": {
        "table": "loot_tables/empty.json"
      },
      "minecraft:collision_box": {
        "width": 0.6,
        "height": 1.8
      },
      "minecraft:can_climb": {},
      "minecraft:movement": {
        "value": 0.1
      },
      "minecraft:environment_sensor": [
        {
          "on_environment": {
            "filters": {
              "any_of": [
                {
                  "test": "is_family",
                  "subject": "self",
                  "value": "player"
                }
              ]
            },
            "event": "minecraft:normal_player"
          }
        }
      ],
      "minecraft:player.saturation": {
        "value": 20
      },
      "minecraft:player.exhaustion": {
        "value": 0,
        "max": 4
      },
      "minecraft:player.level": {
        "value": 0,
        "max": 24791
      },
      "minecraft:player.experience": {
        "value": 0,
        "max": 1
      },
      "minecraft:breathable": {
        "totalSupply": 15,
        "suffocateTime": -1,
        "inhaleTime": 3.75,
        "generatesBubbles": false
      },
      "minecraft:nameable": {
        "alwaysShow": true,
        "allowNameTagRenaming": false
      },
      "minecraft:physics": {},
      "minecraft:insomnia": {
        "days_until_insomnia": 3
      },
      "minecraft:rideable": {
        "seat_count": 2,
        "family_types": [
          "parrot_tame"
        ],
        "pull_in_entities": true,
        "seats": [
          {
            "position": [
              0.4,
              -0.15,
              0.04
            ],
            "min_rider_count": 0,
            "max_rider_count": 0,
            "lock_rider_rotation": 0
          },
          {
            "position": [
              -0.4,
              -0.15,
              0.04
            ],
            "min_rider_count": 1,
            "max_rider_count": 2,
            "lock_rider_rotation": 0
          }
        ]
      },
      "minecraft:scaffolding_climber": {}
    },
    "events": {
      "ak_draco_bullet": {
        "add": {
          "component_groups": [
            "ak_draco_bullet"
          ]
        }
      },
      "scar_megalodon_bullet": {
        "add": {
          "component_groups": [
            "scar_megalodon_bullet"
          ]
        }
      },
      "mp40_cobra_bullet": {
        "add": {
          "component_groups": [
            "mp40_cobra_bullet"
          ]
        }
      },
      "minecraft:normal_player": {
        "add": {
          "component_groups": [
            "minecraft:normal_player"
          ]
        }
      },
      "minecraft:entity_spawned": {
        "add": {
          "component_groups": [
            "minecraft:normal_player"
          ]
        }
      }
    }
  }
}