{
  "format_version": "1.10.0",
  "render_controllers": {
    "controller.render.freefire": {
      "geometry": "geometry.default",
      "materials": [
        {
          "*": "material.default"
        }
      ],
      "textures": [
        "texture.default"
      ]
    },
    "controller.render.glider": {
      "geometry": "geometry.glider",
      "materials": [
        {
          "*": "material.default"
        }
      ],
      "textures": [
        "texture.glider"
      ]
    },
    "controller.render.m500.scope": {
      "geometry": "geometry.scope",
      "materials": [
        {
          "*": "material.default"
        }
      ],
      "textures": [
        "texture.scope_x2"
      ]
    },
    "controller.render.awm.scope": {
      "geometry": "geometry.scope",
      "materials": [
        {
          "*": "material.default"
        }
      ],
      "textures": [
        "texture.scope_x6"
      ]
    },
    "controller.render.ak47.scope": {
      "geometry": "geometry.scope",
      "materials": [
        {
          "*": "material.default"
        }
      ],
      "textures": [
        "texture.scope_x4"
      ]
    },
    "controller.render.an94.scope": {
      "geometry": "geometry.scope",
      "materials": [
        {
          "*": "material.default"
        }
      ],
      "textures": [
        "texture.scope_x4"
      ]
    },
    "controller.render.famas.scope": {
      "geometry": "geometry.scope",
      "materials": [
        {
          "*": "material.default"
        }
      ],
      "textures": [
        "texture.scope_x4"
      ]
    },
    "controller.render.groza.scope": {
      "geometry": "geometry.scope",
      "materials": [
        {
          "*": "material.default"
        }
      ],
      "textures": [
        "texture.scope_x4"
      ]
    },
    "controller.render.m4a1.scope": {
      "geometry": "geometry.scope",
      "materials": [
        {
          "*": "material.default"
        }
      ],
      "textures": [
        "texture.scope_x4"
      ]
    },
    "controller.render.scar.scope": {
      "geometry": "geometry.scope",
      "materials": [
        {
          "*": "material.default"
        }
      ],
      "textures": [
        "texture.scope_x4"
      ]
    },
    "controller.render.svd.scope": {
      "geometry": "geometry.scope",
      "materials": [
        {
          "*": "material.default"
        }
      ],
      "textures": [
        "texture.scope_x4"
      ]
    },
    "controller.render.xm8.scope": {
      "geometry": "geometry.scope",
      "materials": [
        {
          "*": "material.default"
        }
      ],
      "textures": [
        "texture.scope_x2"
      ]
    },
    "controller.render.ump.scope": {
      "geometry": "geometry.scope",
      "materials": [
        {
          "*": "material.default"
        }
      ],
      "textures": [
        "texture.scope_x2"
      ]
    },
    "controller.render.m60.scope": {
      "geometry": "geometry.scope",
      "materials": [
        {
          "*": "material.default"
        }
      ],
      "textures": [
        "texture.scope_x4"
      ]
    }
  }
}