{
  "format_version": "1.10",
  "minecraft:item": {
    "description": {
      "identifier": "ff:medkit",
      "category": "Items"
    },
    "components": {
      "minecraft:max_stack_size": 100,
      "minecraft:stack_by_data": true,
      "minecraft:food": {
        "nutrition": 999,
        "can_always_eat": true,
        "effects": [
          {
            "name": "regeneration",
            "duration": 1,
            "amplifier": 5,
            "ambient": false,
            "visible": false,
            "display_on_screen_animation": false
          }
        ]
      },
      "minecraft:use_duration": 32
    }
  }
}