{
  "format_version": "1.8.0",
  "minecraft:client_entity": {
    "description": {
      "identifier": "drop:ak_draco",
      "materials": {
        "default": "slime"
      },
      "textures": {
        "default": "textures/freefire/gun/ak_draco"
      },
      "geometry": {
        "default": "geometry.ak_draco_drop"
      },
      "scripts": {
        "scale": "1.25"
      },
      "render_controllers": [
        "controller.render.freefire"
      ]
    }
  }
}
  }
}0"
      },
      "render_controllers": [
        "controller.render.slime"
      ]
    }
  }
}