{
  "format_version": "1.13.0",
  "minecraft:entity": {
    "description": {
      "identifier": "minecraft:iron_golem",
      "is_spawnable": false,
      "is_summonable": true,
      "is_experimental": false
    },
    "component_groups": {
      "minecraft:player_created": {
        "minecraft:behavior.hurt_by_target": {
          "priority": 2,
          "entity_types": {
            "filters": {
              "all_of": [
                {
                  "test": "is_family",
                  "subject": "other",
                  "operator": "!\u003d",
                  "value": "player"
                },
                {
                  "test": "is_family",
                  "subject": "other",
                  "operator": "!\u003d",
                  "value": "creeper"
                }
              ]
            }
          }
        }
      },
      "minecraft:village_created": {
        "minecraft:behavior.defend_village_target": {
          "priority": 1
        },
        "minecraft:dweller": {
          "dwelling_type": "village",
          "dweller_role": "defender",
          "update_interval_base": 60,
          "update_interval_variant": 40,
          "can_find_poi": false,
          "can_migrate": true,
          "first_founding_reward": 0
        }
      }
    },
    "components": {
      "minecraft:type_family": {
        "family": [
          "irongolem"
        ]
      },
      "minecraft:nameable": {
        "alwaysShow": true,
        "allowNameTagRenaming": true
      },
      "minecraft:loot": {
        "table": "loot_tables/entities/iron_golem.json"
      },
      "minecraft:health": {
        "value": 250,
        "max": 250
      },
      "minecraft:hurt_on_condition": {
        "damage_conditions": [
          {
            "filters": {
              "test": "in_lava",
              "subject": "self",
              "operator": "\u003d\u003d",
              "value": true
            },
            "cause": "lava",
            "damage_per_tick": 4
          }
        ]
      },
      "minecraft:movement": {
        "value": 0.35
      },
      "minecraft:scale": {
        "value": 2
      },
      "minecraft:navigation.walk": {
        "can_path_over_water": false,
        "avoid_water": true,
        "avoid_damage_blocks": true
      },
      "minecraft:movement.basic": {},
      "minecraft:jump.static": {},
      "minecraft:can_climb": {},
      "minecraft:attack": {
        "damage": {
          "range_min": 10,
          "range_max": 20
        }
      },
      "minecraft:damage_sensor": {
        "triggers": {
          "cause": "fall",
          "deals_damage": false
        }
      },
      "minecraft:knockback_resistance": {
        "value": 1
      },
      "minecraft:leashable": {
        "soft_distance": 4,
        "hard_distance": 6,
        "max_distance": 10
      },
      "minecraft:balloonable": {},
      "minecraft:preferred_path": {
        "max_fall_blocks": 1,
        "jump_cost": 5,
        "default_block_cost": 1.5,
        "preferred_path_blocks": [
          {
            "cost": 0,
            "blocks": [
              "grass_path"
            ]
          },
          {
            "cost": 1,
            "blocks": [
              "cobblestone",
              "stone",
              "stonebrick",
              "sandstone",
              "mossy_cobblestone",
              "stone_slab",
              "stone_slab2",
              "stone_slab3",
              "stone_slab4",
              "double_stone_slab",
              "double_stone_slab2",
              "double_stone_slab3",
              "double_stone_slab4",
              "wooden_slab",
              "double_wooden_slab",
              "planks",
              "brick_block",
              "nether_brick",
              "red_nether_brick",
              "end_bricks",
              "red_sandstone",
              "stained_glass",
              "glass",
              "glowstone",
              "prismarine",
              "emerald_block",
              "diamond_block",
              "lapis_block",
              "gold_block",
              "redstone_block",
              "purple_glazed_terracotta",
              "white_glazed_terracotta",
              "orange_glazed_terracotta",
              "magenta_glazed_terracotta",
              "light_blue_glazed_terracotta",
              "yellow_glazed_terracotta",
              "lime_glazed_terracotta",
              "pink_glazed_terracotta",
              "gray_glazed_terracotta",
              "silver_glazed_terracotta",
              "cyan_glazed_terracotta",
              "blue_glazed_terracotta",
              "brown_glazed_terracotta",
              "green_glazed_terracotta",
              "red_glazed_terracotta",
              "black_glazed_terracotta"
            ]
          },
          {
            "cost": 50,
            "blocks": [
              "bed",
              "lectern",
              "composter",
              "grindstone",
              "blast_furnace",
              "smoker",
              "fletching_table",
              "cartography_table",
              "brewing_stand",
              "smithing_table",
              "cauldron",
              "barrel",
              "loom",
              "stonecutter"
            ]
          }
        ]
      },
      "minecraft:behavior.target_when_pushed": {
        "priority": 1,
        "percent_chance": 5,
        "entity_types": [
          {
            "filters": {
              "all_of": [
                {
                  "test": "is_family",
                  "subject": "other",
                  "value": "monster"
                },
                {
                  "test": "is_family",
                  "subject": "other",
                  "operator": "!\u003d",
                  "value": "creeper"
                },
                {
                  "test": "is_family",
                  "subject": "other",
                  "operator": "!\u003d",
                  "value": "player"
                }
              ]
            }
          }
        ]
      },
      "minecraft:behavior.melee_attack": {
        "priority": 1,
        "target_dist": 1,
        "track_target": true
      },
      "minecraft:behavior.move_towards_target": {
        "priority": 2,
        "speed_multiplier": 0.9,
        "within_radius": 32
      },
      "minecraft:behavior.move_through_village": {
        "priority": 3,
        "speed_multiplier": 0.6,
        "only_at_night": true
      },
      "minecraft:behavior.move_towards_restriction": {
        "priority": 4,
        "speed_multiplier": 1
      },
      "minecraft:behavior.offer_flower": {
        "priority": 5
      },
      "minecraft:behavior.random_stroll": {
        "priority": 6,
        "speed_multiplier": 1,
        "xz_dist": 16
      },
      "minecraft:behavior.look_at_player": {
        "priority": 7,
        "look_distance": 6,
        "probability": 0.02
      },
      "minecraft:behavior.random_look_around": {
        "priority": 8
      },
      "minecraft:behavior.nearest_attackable_target": {
        "priority": 3,
        "entity_types": [
          {
            "filters": {
              "all_of": [
                {
                  "test": "is_family",
                  "subject": "other",
                  "value": "monster"
                },
                {
                  "test": "is_family",
                  "subject": "other",
                  "operator": "!\u003d",
                  "value": "creeper"
                },
                {
                  "test": "is_family",
                  "subject": "other",
                  "operator": "!\u003d",
                  "value": "player"
                }
              ]
            },
            "within_default": 10
          }
        ],
        "must_see": true,
        "must_reach": true
      },
      "minecraft:behavior.hurt_by_target": {
        "priority": 2,
        "entity_types": {
          "filters": {
            "test": "is_family",
            "subject": "other",
            "operator": "!\u003d",
            "value": "creeper"
          }
        }
      },
      "minecraft:persistent": {},
      "minecraft:physics": {},
      "minecraft:pushable": {
        "is_pushable": true,
        "is_pushable_by_piston": true
      },
      "minecraft:follow_range": {
        "value": 64
      },
      "minecraft:behavior.nearest_prioritized_attackable_target": {
        "priority": 50,
        "reselect_targets": true,
        "entity_types": [
          {
            "filters": {
              "test": "is_family",
              "subject": "other",
              "value": "player"
            },
            "max_dist": 16
          },
          {
            "filters": {
              "test": "is_family",
              "subject": "other",
              "value": "monster"
            },
            "max_dist": 16
          },
          {
            "filters": {
              "test": "is_family",
              "subject": "other",
              "value": "phantom"
            },
            "max_dist": 16
          },
          {
            "filters": {
              "test": "is_family",
              "subject": "other",
              "value": "zombie"
            },
            "max_dist": 16
          },
          {
            "filters": {
              "all_of": [
                {
                  "test": "is_family",
                  "subject": "other",
                  "value": "skeleton"
                },
                {
                  "test": "in_water",
                  "subject": "other",
                  "operator": "!\u003d",
                  "value": true
                }
              ]
            },
            "max_dist": 16
          }
        ],
        "must_see": true
      },
      "minecraft:boss": {
        "should_darken_sky": false,
        "hud_range": 125,
        "name": "§l§•§b» §fGuardian Samurai §b«"
      }
    },
    "events": {
      "minecraft:from_player": {
        "add": {
          "component_groups": [
            "minecraft:player_created"
          ]
        }
      },
      "minecraft:from_village": {
        "add": {
          "component_groups": [
            "minecraft:village_created"
          ]
        }
      }
    }
  }
}