{"minecraft:entity":{"format_version":0.1,"components":{"minecraft:identifier":{"id":"minecraft:thrownenderpearl"},"minecraft:collision_box":{"width":0.10,"height":0.10},"minecraft:projectile":{"particle":"lava","onHit":{"impact_damage":{"damage":7,"knockback":false},"mob_effect":{"effect":"slowness","durationeasy":20,"durationnormal":20,"durationhard":20,"amplifier":1},"particle_on_hit":{"particle_type":"flame","on_other_hit":true},"remove_on_hit":{}},"power":50,"shootSound":"fire","gravity":0.00,"angleoffset":0.0}}}}