{ //createdBy @Tirta ajalh
  "namespace": "common_tabs",

  "tab_image": {
    "type": "image",
	"fill": true,
    "texture": "$tab_texture"
  },

  "freefire_tab_top@common_tabs.base_tab": {
    "$unchecked_default_image": "textures/freefire/ff_tab",
    "$unchecked_hover_image": "textures/freefire/ff_tab",
    "$unchecked_locked_image": "textures/freefire/ff_tab",
    "$unchecked_locked_hover_image": "textures/freefire/ff_tab",

    "$checked_default_image|default": "textures/freefire/ff_tab_front",
    "$checked_hover_image|default": "textures/freefire/ff_tab_front",
    "$checked_locked_image|default": "textures/freefire/ff_tab_front",
    "$checked_locked_hover_image|default": "textures/freefire/ff_tab_front"
  }
}