{
  "format_version": "1.12",
  "minecraft:recipe_shaped": {
    "description": {
      "identifier": "bundle_top_criminal_red_1c3bddeb"
    },
    "tags": [
      "crafting_table"
    ],
    "pattern": [
      "AAA",
      "AAB",
      "B  "
    ],
    "key": {
      "A": {
        "item": "ff:evolution_stone",
        "data": 0
      },
      "B": {
        "item": "ff:blueprint_top_criminal",
        "data": 0
      }
    },
    "result": {
      "item": "ff:bundle_top_criminal_red",
      "count": 1
    }
  }
}