{
	"format_version": "1.8.0",
	"animations": {
		"animation.emote.pirates_flag": {
			"loop": true,
			"animation_length": 5,
			"bones": {
				"root": {
					"rotation": {
						"0.0": [0, 0, 0],
						"0.4": [0, 0, -10],
						"0.8": [0, 0, -10],
						"1.04": [0, 0, 0]
					},
					"position": {
						"0.0": [0, 0, 0],
						"0.4": [0, 1, 0],
						"0.8": [0, 1, 0],
						"1.04": [0, 0, 0]
					}
				},
				"leftArm": {
					"rotation": {
						"0.0": [0, 0, 0],
						"0.4": [0, 0, -110],
						"0.8": [0, 0, -135],
						"1.04": [0, 0, -90],
						"3.72": [0, 0, -90],
						"4.0": [0, 0, 0]
					}
				},
				"rightArm": {
					"rotation": {
						"0.0": [10, 0, 0],
						"0.4": [10, 0, 12.5],
						"1.0": [10, 0, 2.5],
						"1.88": [10, 0, 8.81],
						"2.8": [10, 0, 3.2],
						"3.72": [10, 0, 12.5],
						"4.0": [10, 0, 0]
					}
				},
				"rightItem": {
					"position": [0, -1470, 0]
				},
				"Bendera": {
					"rotation": {
						"0.0": [0, 0, 0],
						"0.24": [0, 0, 40],
						"0.4": [0, 0, -17.5],
						"0.8": [0, 0, -37.5],
						"1.04": [0, 0, 2.5],
						"3.72": [0, 0, 2.5],
						"4.0": [0, 0, 0]
					},
					"position": {
						"0.0": [0, 0, 0],
						"0.24": [-4, 994, -3],
						"0.4": [-9, 1006, -2],
						"0.8": [-11, 1009, -2],
						"1.04": [-4, 1003, -2],
						"3.72": [-4, 1003, -2],
						"4.0": [0, 0, 0]
					}
				},
				"kibar": {
					"rotation": {
						"1.04": [0, 0, 0],
						"1.32": [0, -5, 0],
						"1.64": [0, 0, 0],
						"1.96": [0, -5, 0],
						"2.32": [0, 0, 0],
						"2.64": [0, -5, 0],
						"3.04": [0, 0, 0],
						"3.36": [0, -5, 0],
						"3.72": [0, 0, 0]
					}
				},
				"head": {
					"rotation": {
						"0.0": [0, 0, 0],
						"0.24": [0, -40, 0],
						"0.52": [0, -40, -20],
						"0.8": [0, -40, -20],
						"1.04": [0, 0, 0]
					}
				}
			}
		},
		"animation.emote.ffwc_throne": {
			"loop": true,
			"animation_length": 5,
			"bones": {
				"root": {
					"rotation": {
						"0.0": [0, 0, 0],
						"0.56": [0, 0, 0]
					}
				},
				"leftArm": {
					"rotation": {
						"0.56": [0, 0, 0],
						"0.96": [0, 0, -82.5],
						"1.6": [0, 0, -30],
						"3.12": [0, 0, -30],
						"3.4": [0, 0, 0]
					}
				},
				"rightArm": {
					"rotation": {
						"0.56": [10, 0, 0],
						"0.92": [10, 0, 75],
						"1.6": [10, 0, 32.5],
						"3.12": [10, 0, 32.5],
						"3.44": [10, 0, 0]
					}
				},
				"leftLeg": {
					"rotation": {
						"1.0": [0, 0, 0],
						"1.36": [-70, -17.5, 0],
						"3.12": [-70, -17.5, 0],
						"3.48": [0, 0, 0]
					}
				},
				"rightLeg": {
					"rotation": {
						"1.0": [0, 0, 0],
						"1.36": [-70, 17.5, 0],
						"3.12": [-70, 17.5, 0],
						"3.44": [0, 0, 0]
					}
				},
				"Kursi": {
					"rotation": [0, 5, 0],
					"position": {
						"0.28": [0, 0, 0],
						"0.48": [0, 958, -8],
						"1.36": [0, 1001, -8],
						"3.12": [0, 1001, -8],
						"3.8": [0, 957, -6],
						"4.0": [0, 0, 0]
					}
				},
				"head": {
					"rotation": {
						"0.16": [0, 0, 0],
						"0.48": [45, 0, 0],
						"1.36": [45, 0, 0],
						"1.6": [0, 0, 0],
						"2.56": [0, 0, 0],
						"2.84": [47.5, 0, 0],
						"3.24": [47.5, 0, 0],
						"3.44": [32.5, 0, 0],
						"3.52": [0, 0, 0]
					}
				},
				"rightItem": {
					"position": [0, -909, 0]
				},
				"body": {
					"rotation": {
						"0.48": [0, 0, 0],
						"0.92": [30, 0, 0],
						"1.2": [30, 0, 0],
						"1.44": [0, 0, 0],
						"2.84": [0, 0, 0],
						"3.12": [45, 0, 0],
						"3.4": [47.5, 0, 0],
						"3.64": [0, 0, 0]
					},
					"position": {
						"0.48": [0, 0, 0],
						"0.92": [0, -2, -6],
						"1.2": [0, -2, -6],
						"1.44": [0, 0, 0],
						"2.84": [0, 0, 0],
						"3.12": [0, -3, -6],
						"3.4": [0, -4, -7],
						"3.64": [0, 0, 0]
					}
				}
			}
		},
		"animation.emote.dab": {
			"loop": true,
			"animation_length": 3,
			"bones": {
				"root": {
					"rotation": {
						"0.0": [0, 0, 0],
						"0.24": [0, 0, 7.5],
						"0.44": [0, 0, 7.5],
						"0.64": [0, 0, 0],
						"0.92": [0, 0, -10],
						"1.2": [0, 0, -10],
						"1.52": [0, 0, 0]
					}
				},
				"body": {
					"rotation": {
						"0.0": [0, 0, 0],
						"0.24": [17.5, 12.5, 0],
						"0.44": [17.5, 12.5, 0],
						"0.64": [0, 0, 0],
						"0.92": [17.5, -15, 0],
						"1.2": [17.5, -15, 0],
						"1.52": [0, 0, 0]
					},
					"position": {
						"0.0": [0, 0, 0],
						"0.24": [-1, -1, -4],
						"0.44": [-1, -1, -4],
						"0.64": [0, 0, 0],
						"0.92": [1, -1, -4],
						"1.2": [1, -1, -4],
						"1.52": [0, 0, 0]
					}
				},
				"head": {
					"rotation": {
						"0.0": [0, 0, 0],
						"0.24": [28.93, 2.18, 0],
						"0.44": [28.93, 2.18, 0],
						"0.64": [0, 0, 0],
						"0.92": [35, 0, 0],
						"1.2": [35, 0, 0],
						"1.56": [0, 0, 0]
					}
				},
				"leftArm": {
					"rotation": {
						"0.0": [0, 0, 0],
						"0.24": [-122.5, 25, -50],
						"0.44": [-122.5, 25, -50],
						"0.64": [0, 0, 0],
						"0.92": [-100, -77.5, -10],
						"1.2": [-100, -77.5, -10],
						"1.56": [0, 0, 0]
					}
				},
				"rightArm": {
					"rotation": {
						"0.0": [10, 0, 0],
						"0.24": [-145, 0, -72.5],
						"0.44": [-145, 0, -72.5],
						"0.64": [0, 0, 0],
						"0.92": [-85, -60, 0],
						"1.2": [-85, -60, 0],
						"1.56": [10, 0, 0]
					}
				},
				"leftLeg": {
					"rotation": {
						"0.0": [0, 0, 0],
						"0.24": [0, 12.5, -15],
						"0.44": [0, 12.5, -15],
						"0.64": [0, 0, 0]
					},
					"position": {
						"0.0": [0, 0, 0],
						"0.24": [0, 0, -1],
						"0.44": [0, 0, -1],
						"0.64": [0, 0, 0]
					}
				},
				"rightLeg": {
					"rotation": {
						"0.68": [0, 0, 0],
						"0.92": [0, 0, 15],
						"1.2": [0, 0, 15],
						"1.52": [0, 0, 0]
					},
					"position": {
						"0.68": [0, 0, 0],
						"0.92": [0, 0, 0],
						"1.2": [0, 0, 0],
						"1.52": [0, 0, 0]
					}
				},
				"rightItem": {
					"position": [0, -340, 0]
				}
			}
		},
		"animation.emote.applause": {
			"loop": true,
			"animation_length": 3.44,
			"bones": {
				"head": {
					"rotation": {
						"0.0": [0, 0, 0],
						"0.48": [0, 0, 0],
						"0.72": [15, 0, 0],
						"1.0": [0, 0, 0],
						"1.2": [15, 0, 0],
						"1.44": [0, 0, 0],
						"1.68": [15, 0, 0],
						"1.92": [0, 0, 0],
						"2.4": [0, 0, 0]
					}
				},
				"leftArm": {
					"rotation": {
						"0.0": [0, 0, 0],
						"0.36": [-75, 5, 15],
						"0.52": [-75, 5, 15],
						"0.68": [-75, 37.5, 15],
						"0.84": [-75, 37.5, 15],
						"1.0": [-75, 5, 15],
						"1.2": [-75, 37.5, 15],
						"1.4": [-75, 5, 15],
						"1.68": [-75, 37.5, 15],
						"2.0": [-75, 37.5, 15],
						"2.4": [0, 0, 0]
					}
				},
				"rightArm": {
					"rotation": {
						"0.0": [10, 0, 0],
						"0.36": [-75, -7.5, 0],
						"0.52": [-75, -7.5, 0],
						"0.68": [-72.5, -37.5, 0],
						"0.84": [-72.5, -37.5, 0],
						"1.0": [-62.5, -7.5, 0],
						"1.2": [-72.5, -37.5, 0],
						"1.4": [-62.5, -7.5, 0],
						"1.68": [-72.5, -37.5, 0],
						"2.0": [-72.5, -37.5, 0],
						"2.4": [10, 0, 0]
					}
				},
				"rightItem": {
					"position": [0, -1097, 0]
				}
			}
		},
		"animation.emote.hello": {
			"loop": true,
			"animation_length": 3,
			"bones": {
				"body": {
					"rotation": {
						"0.0": [0, 0, 0],
						"0.52": [15, 0, 0],
						"1.36": [15, 0, 0],
						"1.88": [0, 0, 0]
					},
					"position": {
						"0.0": [0, 0, 0],
						"0.52": [0, -1, -3],
						"1.36": [0, -1, -3],
						"1.88": [0, 0, 0]
					}
				},
				"head": {
					"rotation": {
						"0.0": [0, 0, 0],
						"0.52": [-12.5, 0, 0],
						"1.36": [-12.5, 0, 0],
						"1.88": [0, 0, 0]
					}
				},
				"leftArm": {
					"rotation": {
						"0.0": [0, 0, 0],
						"0.48": [2.5, 0, -17.5],
						"1.44": [2.5, 0, -17.5],
						"1.84": [0, 0, 0]
					}
				},
				"rightArm": {
					"rotation": {
						"0.0": [10, 0, 0],
						"0.52": [-62.5, 57.5, 92.5],
						"0.88": [-62.5, 57.5, 52.5],
						"1.16": [-62.5, 57.5, 92.5],
						"1.44": [-62.5, 57.5, 52.5],
						"1.84": [10, 0, 0]
					}
				},
				"rightItem": {
					"position": [0, -337, 0]
				}
			}
		},
		"animation.emote.dangerous_game": {
			"loop": true,
			"animation_length": 8,
			"bones": {
				"root": {
					"rotation": {
						"4.96": [0, 0, 0],
						"5.24": [0, 0, 12.5],
						"5.6": [0, 0, -15],
						"5.92": [0, 0, 10],
						"6.28": [0, 0, 0]
					},
					"position": {
						"1.84": [0, 0, 0],
						"2.12": [3, 0, 0],
						"2.36": [3, 0, 0],
						"2.48": [0, 0, 0],
						"2.72": [-3, 0, 0],
						"2.92": [-3, 0, 0],
						"3.16": [0, 0, 0],
						"4.96": [0, 0, 0],
						"5.24": [2, 1, 0],
						"5.6": [0, 1, 0],
						"5.92": [1, 0, 0],
						"6.28": [-3.9, 0, 0],
						"6.6": [-3.9, 0, 0],
						"6.92": [0.1, 0, 0]
					}
				},
				"body": {
					"rotation": {
						"0.0": [0, 0, 0],
						"0.64": [112.5, 0, 0],
						"1.44": [112.5, 0, 0],
						"2.16": [47.5, 0, -17.5],
						"2.4": [47.5, 0, -17.5],
						"2.68": [47.5, 0, 17.5],
						"3.24": [47.5, 0, 17.5],
						"3.48": [0, 0, 0],
						"4.96": [0, 0, 0],
						"5.2": [40, 0, 0],
						"5.72": [40, 0, 0],
						"6.04": [0, 0, 0],
						"6.28": [35, 0, 0],
						"6.6": [35, 0, 0],
						"6.92": [0, 0, 0]
					},
					"position": {
						"0.0": [0, 0, 0],
						"0.16": [0, -1.64, -2.57],
						"0.28": [0, -4.11, -7.68],
						"0.4": [0, -6.57, -10.79],
						"0.48": [0, -10.21, -10.86],
						"0.64": [0, -16.5, -9],
						"1.44": [0, -16.5, -9],
						"2.16": [-3, -5, -9],
						"2.4": [-3, -5, -9],
						"2.68": [3, -5, -9],
						"3.24": [3, -5, -9],
						"3.48": [0, 0, 0],
						"4.96": [0, 0, 0],
						"5.2": [0, -3, -8],
						"5.72": [0, -3, -8],
						"6.04": [0, 0, 0],
						"6.28": [0, -3, -7],
						"6.6": [0, -3, -7],
						"6.92": [0, 0, 0]
					}
				},
				"head": {
					"rotation": {
						"0.0": [0, 0, 0],
						"0.44": [0, 0, 0],
						"0.88": [72.5, 0, 0],
						"1.44": [72.5, 0, 0],
						"2.12": [0, 0, 0],
						"2.4": [-20, 0, 0],
						"2.72": [-20, 0, 0],
						"3.48": [-20, 0, 0],
						"3.8": [-20, 0, 35],
						"4.0": [-20, 0, 30],
						"4.2": [-20, 0, 35],
						"4.4": [-20, 0, 30],
						"4.56": [-20, 0, 35],
						"4.92": [-5, 0, 0],
						"6.04": [-5, 0, 0],
						"6.28": [-32.5, 0, 0],
						"6.44": [-20, 0, 0],
						"6.6": [-32.5, 0, 0],
						"6.92": [-5, 0, 0]
					}
				},
				"leftArm": {
					"rotation": {
						"0.0": [0, 0, 0],
						"0.4": [-107.5, 0, 0],
						"1.44": [-107.5, 0, 0],
						"1.72": [-7.5, 0, 0],
						"2.12": [-125, -42.5, 0],
						"2.4": [-125, -42.5, 0],
						"2.64": [-140, 47.5, -7.5],
						"2.96": [-140, 47.5, -7.5],
						"3.24": [-17.5, -7.5, -7.5],
						"3.48": [0, 0, -95],
						"4.16": [-130, 0, -95],
						"4.52": [-130, 0, -95],
						"4.8": [-75, 82.5, -95],
						"4.96": [-75, 82.5, -95],
						"5.2": [-75, -25, -95],
						"5.72": [-75, -25, -95],
						"6.04": [0, 0, 0],
						"6.28": [-130, -25, 0],
						"6.44": [-120, -25, 0],
						"6.6": [-130, -25, 0],
						"6.92": [0, 0, 0]
					}
				},
				"rightArm": {
					"rotation": {
						"0.0": [10, 0, 0],
						"0.44": [-107.5, 0, 0],
						"1.44": [-107.5, 0, 0],
						"1.72": [0, 0, 0],
						"2.12": [-130, -47.5, 0],
						"2.4": [-130, -47.5, 0],
						"2.64": [-130, 57.5, 0],
						"2.96": [-130, 57.5, 0],
						"3.28": [-12.5, 7.5, 0],
						"3.48": [0, 0, 100],
						"4.16": [-117.5, 0, 100],
						"4.52": [-127.5, 0, 100],
						"4.8": [-67.5, -87.5, 100],
						"4.96": [-67.5, -87.5, 100],
						"5.2": [-67.5, 27.5, 100],
						"5.72": [-67.5, 27.5, 100],
						"6.04": [0, 0, 0],
						"6.28": [-135, 17.5, 0],
						"6.44": [-125, 17.5, 0],
						"6.6": [-135, 17.5, 0],
						"6.92": [10, 0, 0]
					}
				},
				"leftLeg": {
					"rotation": {
						"1.84": [0, 0, 0],
						"2.12": [0, 0, -20],
						"2.36": [0, 0, -20],
						"2.48": [0, 0, 0],
						"2.72": [0, 0, -20],
						"2.92": [0, 0, -20],
						"3.16": [0, 0, 0],
						"4.92": [0, 0, 0],
						"5.24": [0, 0, -20],
						"5.72": [0, 0, -20],
						"6.04": [0, 0, 0],
						"6.28": [0, 0, -25],
						"6.6": [0, 0, -25],
						"6.92": [0, 0, 0]
					}
				},
				"rightLeg": {
					"rotation": {
						"1.84": [0, 0, 0],
						"2.12": [0, 0, 15],
						"2.36": [0, 0, 12.86],
						"2.48": [0, 0, 0],
						"2.68": [0, 0, 10],
						"2.92": [0, 0, 10],
						"3.12": [0, 0, 0],
						"4.92": [0, 0, 0],
						"5.24": [0, 0, 20],
						"5.72": [0, 0, 20],
						"6.04": [0, 0, 0],
						"6.28": [0, 0, 25],
						"6.6": [0, 0, 25],
						"6.92": [0, 0, 0]
					}
				},
				"rightItem": {
					"position": [0, -610, 0]
				}
			}
		},
		"animation.emote.selfie": {
			"loop": true,
			"animation_length": 4.04,
			"bones": {
				"root": {
					"position": {
						"0.0": [0, 0, 0],
						"0.32": [0, 0, 5],
						"0.6": [0, 0, 9],
						"2.08": [0, 0, 9],
						"2.64": [0, 0, 3],
						"2.84": [0, 0, 0]
					}
				},
				"head": {
					"rotation": {
						"0.68": [0, 0, 0],
						"1.04": [-20, 25, 0],
						"2.04": [-20, 25, 0],
						"2.6": [0, 0, 0]
					}
				},
				"leftArm": {
					"rotation": {
						"0.68": [0, 0, 0],
						"1.04": [0, 0, -12.5],
						"2.04": [0, 0, -12.5],
						"2.6": [0, 0, 0]
					}
				},
				"rightArm": {
					"rotation": {
						"0.0": [10, 0, 0],
						"0.32": [42.5, 45, 0],
						"0.68": [7.5, 0, 0],
						"1.04": [-97.5, 0, 0],
						"2.04": [-97.5, 0, 0],
						"2.44": [8.25, 26, 0],
						"2.6": [55, 37.5, 0],
						"2.88": [10, 0, 0]
					}
				},
				"rightItem": {
					"position": [0, -1145, -144]
				},
				"leftLeg": {
					"rotation": {
						"0.0": [0, 0, 0],
						"0.32": [-22.5, 0, 0],
						"0.6": [22.5, 0, 0],
						"2.04": [22.5, 0, 0],
						"2.6": [-22.5, 0, 0],
						"2.8": [0, 0, 0]
					}
				},
				"rightLeg": {
					"rotation": {
						"0.0": [0, 0, 0],
						"0.32": [20, 0, 0],
						"0.6": [-20, 0, 0],
						"2.08": [-20, 0, 0],
						"2.64": [20, 0, 0],
						"2.84": [0, 0, 0]
					}
				},
				"handphone": {
					"position": [0, 981, 39]
				},
				"hp": {
					"rotation": {
						"0.4": [107.5, 35, 0],
						"0.48": [107.5, 22.5, 0],
						"0.56": [107.5, 12.5, 0],
						"0.68": [95, 0, 0],
						"0.84": [52.5, 0, 0],
						"0.88": [37.5, 0, 0],
						"1.04": [-7.5, 0, 0],
						"2.04": [-7.5, 0, 0],
						"2.12": [12.5, 5, 0],
						"2.24": [47.5, 15, 5],
						"2.32": [67.5, 15, 5],
						"2.44": [97.5, 22.5, 5],
						"2.56": [132.5, 27.5, 5]
					},
					"position": {
						"0.4": [4, 28, 24],
						"0.48": [3, 28, 24],
						"0.56": [2, 28, 24],
						"0.68": [2, 28, 22],
						"0.84": [2, 32, 15],
						"0.88": [2, 34, 14],
						"0.96": [2, 38, 13],
						"1.04": [2, 42, 14],
						"2.04": [2, 42, 14],
						"2.12": [1, 39, 13],
						"2.24": [0, 33, 13],
						"2.32": [0, 30, 15],
						"2.44": [1, 28, 18],
						"2.56": [4, 30, 22],
						"2.6": [4, -336, 22]
					},
					"scale": {
						"0.4": [0, 0, 0],
						"0.48": [1, 1, 1],
						"2.56": [1, 1, 1],
						"2.64": [1.1, 0, 0]
					}
				},
				"logo": {
					"position": {
						"1.36": [-5, 42, 17],
						"2.04": [-5, 42, 17],
						"2.08": [-5, -126, 17]
					},
					"scale": {
						"1.4": [0, 0, 1],
						"1.64": [1, 1, 1],
						"1.8": [1, 1, 1],
						"2.04": [0, 0, 1]
					}
				}
			}
		},
		"animation.emote.i_heart_you": {
			"loop": true,
			"animation_length": 5.12,
			"bones": {
				"head": {
					"rotation": {
						"0.0": [0, 0, 0],
						"0.36": [40, 0, 0],
						"0.6": [40, 0, 0],
						"0.96": [0, 0, 0],
						"1.56": [0, 0, 0],
						"1.88": [17.5, -37.5, 0],
						"2.28": [0, 0, 0]
					}
				},
				"leftArm": {
					"rotation": {
						"0.0": [0, 0, 0],
						"0.36": [-77.5, 35, 0],
						"0.6": [-77.5, 35, 0],
						"1.0": [-115, 35, 0],
						"1.28": [-115, -10, 0],
						"1.56": [-67.5, -10, 0],
						"1.72": [-40.18, -17.5, 3.75],
						"1.88": [-28.93, -70, -30],
						"2.28": [-68.93, 2.5, 7.5],
						"2.96": [-68.93, 2.5, 7.5],
						"3.48": [0, 0, 0]
					}
				},
				"rightArm": {
					"rotation": {
						"0.0": [12.5, 0, 0],
						"0.36": [-57.5, -30, 0],
						"0.6": [-57.5, -30, 0],
						"1.0": [-97.5, -30, 0],
						"1.28": [-97.5, 2.5, 0],
						"1.56": [-47.5, 37.5, 0],
						"1.84": [12.5, 0, 0]
					}
				},
				"rightItem": {
					"position": [0, -2473, 0]
				},
				"Love1": {
					"position": {
						"0.36": [0, 0, 0],
						"0.72": [2, 31, -4],
						"0.92": [2, 34.91, -4],
						"1.16": [2, 34, -4],
						"1.44": [2, 31, -4],
						"1.68": [2, 31, -4]
					},
					"scale": {
						"0.72": [-0.02, -0.02, 0],
						"0.92": [0.67, 0.67, 0.45],
						"1.16": [1.5, 1.5, 1],
						"1.44": [1.6, 1.6, 1],
						"1.68": [0.4, 0.5, 1],
						"1.88": [0, 0, 0.1]
					}
				},
				"Love2": {
					"position": {
						"1.88": [15, 26, 4],
						"2.24": [3, 28, -2],
						"2.6": [5, 28, -5]
					},
					"scale": {
						"1.72": [0, 0, 1],
						"1.88": [1, 1, 1],
						"2.24": [1.7, 1.8, 1],
						"2.6": [0, 0, 1]
					}
				},
				"Love3": {
					"position": {
						"2.44": [5, 28, 0],
						"2.84": [1, 29, -7],
						"3.4": [5, 28, -2]
					},
					"scale": {
						"2.44": [0, 0, 1],
						"2.84": [1.9, 1.8, 1],
						"3.4": [0, 0, 1]
					}
				},
				"Love": {
					"position": {
						"0.2": [0, 0, 0],
						"0.4": [-2, 975, 3]
					}
				},
				"Love4": {
					"position": {
						"3.04": [4, 29, -7],
						"3.44": [-1, 30, -10],
						"3.92": [4, 29, -7]
					},
					"scale": {
						"3.04": [0, 0, 1],
						"3.44": [1.8, 1.8, 1],
						"3.92": [0, 0, 1]
					}
				}
			}
		},
		"animation.emote.shoot_dance": {
			"loop": true,
			"animation_length": 5.04,
			"bones": {
				"root": {
					"rotation": {
						"0.0": [0, 0, 0],
						"0.24": [0, -72.5, 0],
						"3.24": [0, -72.5, 0],
						"3.52": [0, 0, 0]
					},
					"position": {
						"0.0": [0, 0, 0],
						"0.24": [0, 5, 0],
						"0.48": [0, 0, 0],
						"0.72": [0, 5, 0],
						"0.96": [0, 0, 0],
						"1.2": [0, 5, 0],
						"1.44": [0, 0, 0],
						"1.68": [0, 5, 0],
						"1.96": [0, 0, 0],
						"2.2": [0, 5, 0],
						"2.44": [0, 1, 0],
						"2.72": [0, 5, 0],
						"3.0": [0, 0, 0]
					}
				},
				"body": {
					"rotation": {
						"0.0": [0, 0, 0],
						"0.24": [-22.5, 0, 0],
						"0.48": [20, 0, 0],
						"0.72": [-22.5, 0, 0],
						"0.96": [20, 0, 0],
						"1.2": [-22.5, 0, 0],
						"1.44": [20, 0, 0],
						"1.68": [-22.5, 0, 0],
						"1.96": [20, 0, 0],
						"2.2": [-22.5, 0, 0],
						"2.44": [20, 0, 0],
						"2.72": [-22.5, 0, 0],
						"3.0": [20, 0, 0],
						"3.24": [0, 0, 0]
					},
					"position": {
						"0.0": [0, 0, 0],
						"0.24": [0, 0, 4],
						"0.48": [0, -1, -5],
						"0.72": [0, 0, 4],
						"0.96": [0, -1, -5],
						"1.2": [0, 0, 4],
						"1.44": [0, -1, -5],
						"1.68": [0, 0, 4],
						"1.96": [0, -1, -5],
						"2.2": [0, 0, 4],
						"2.44": [0, -1, -5],
						"2.72": [0, 0, 4],
						"3.0": [0, -1, -5],
						"3.24": [0, 0, 0]
					}
				},
				"leftArm": {
					"rotation": {
						"0.0": [0, 0, 0],
						"0.24": [32.5, -30, 0],
						"3.24": [32.5, -30, 0],
						"3.48": [0, 0, 0]
					}
				},
				"rightArm": {
					"rotation": {
						"0.0": [10, 0, 0],
						"0.24": [-230, 0, 0],
						"0.48": [-95, 0, 0],
						"0.72": [-230, 0, 0],
						"0.96": [-95, 0, 0],
						"1.2": [-230, 0, 0],
						"1.44": [-95, 0, 0],
						"1.68": [-220, 0, 0],
						"1.96": [-95, 0, 0],
						"2.16": [-230, 0, 0],
						"2.44": [-95, 0, 0],
						"2.72": [-230, 0, 0],
						"2.96": [-95, 0, 0],
						"3.24": [10, 0, 0]
					}
				},
				"rightLeg": {
					"rotation": {
						"0.0": [0, 0, 0],
						"0.24": [47.5, 0, 0],
						"0.48": [-55, 0, 0],
						"0.72": [47.5, 0, 0],
						"0.96": [-55, 0, 0],
						"1.2": [47.5, 0, 0],
						"1.44": [-55, 0, 0],
						"1.68": [47.5, 0, 0],
						"1.96": [-55, 0, 0],
						"2.24": [47.5, 0, 0],
						"2.44": [-55, 0, 0],
						"2.72": [47.5, 0, 0],
						"2.96": [-55, 0, 0],
						"3.24": [0, 0, 0]
					}
				},
				"rightItem": {
					"position": [0, -447, 0]
				}
			}
		},
		"animation.emote.top_dj": {
			"loop": true,
			"animation_length": 9.44,
			"bones": {
				"root": {
					"rotation": {
						"6.8": [0, 0, 0],
						"7.2": [0, -40, 0],
						"7.64": [0, 0, 0]
					},
					"position": {
						"0.0": [0, 0, 0],
						"0.24": [0, 6, 0],
						"0.48": [0, 0, 0],
						"6.8": [0, 0, 0],
						"7.2": [4, 0, 0],
						"7.64": [0, 0, 0]
					}
				},
				"body": {
					"rotation": {
						"0.0": [0, 0, 0],
						"0.24": [30, 0, 0],
						"0.52": [0, 0, 0],
						"1.56": [0, 0, 0],
						"1.72": [12.5, 0, 0],
						"1.88": [-0.39, 0, 0],
						"2.04": [11.72, 0, 0],
						"2.2": [-1.17, 0, 0],
						"2.36": [10.94, 0, 0],
						"2.52": [-1.95, 0, 0],
						"2.68": [10.25, 0, 0],
						"2.84": [-2.84, 0, 0],
						"3.04": [9.27, 0, 0],
						"3.2": [-3.62, 0, 0],
						"3.36": [8.49, 0, 0],
						"3.56": [-4.5, 0, 0],
						"3.76": [7.51, 0, 0],
						"3.92": [-0.39, 0, 0],
						"4.12": [6.62, 0, 0],
						"4.32": [-3.87, 0, 0],
						"4.48": [5.73, 0, 0],
						"4.64": [-2.17, 0, 0],
						"4.8": [7.44, 0, 0],
						"5.0": [-0.55, 0, 0],
						"5.16": [4.05, 0, 0],
						"5.36": [-1.35, 0, 0],
						"5.56": [8.06, 0, 0],
						"5.8": [-0.03, 0, 0],
						"6.04": [6.88, 0, 0],
						"6.28": [1.29, 0, 0],
						"6.52": [8.19, 0, 0],
						"6.8": [0, 0, 0],
						"7.2": [62.5, -30, 0],
						"7.36": [62.5, -30, 0],
						"7.64": [0, 0, 0]
					},
					"position": {
						"0.0": [0, 0, 0],
						"0.24": [0, -2, -6],
						"0.52": [0, 0, 0],
						"1.56": [0, 0, 0],
						"1.72": [0, 0, -3],
						"1.88": [0, 0, 0.06],
						"2.04": [0, 0, -2.88],
						"2.2": [0, 0, 0.18],
						"2.36": [0, 0, -2.76],
						"2.52": [0, 0, 0.3],
						"2.68": [0, 0, -2.65],
						"2.84": [0, 0, 0.45],
						"3.04": [0, 0, -2.49],
						"3.2": [0, 0, 0.57],
						"3.36": [0, 0, -2.37],
						"3.56": [0, 0, 0.71],
						"3.76": [0, 0, -2.21],
						"3.92": [0, 0, -0.15],
						"4.12": [0, 0, -2.07],
						"4.32": [0, 0, 1.01],
						"4.48": [0, 0, -1.93],
						"4.64": [0, 0, 0.13],
						"4.8": [0, 0, -1.81],
						"5.0": [0, 0, 0.27],
						"5.16": [0, 0, -0.67],
						"5.36": [0, 0, 0.4],
						"5.56": [0, 0, -1.5],
						"5.8": [0, 0, 0.6],
						"6.04": [0, 0, -1.3],
						"6.28": [0, 0, -0.21],
						"6.52": [0, 0, -2.11],
						"6.8": [0, 0, 0],
						"7.0": [1.5, -2.5, -5],
						"7.2": [4.5, -7.5, -9],
						"7.36": [4.5, -7.5, -9],
						"7.64": [0, 0, 0]
					}
				},
				"head": {
					"rotation": {
						"0.0": [0, 0, 0],
						"0.24": [27.5, 0, 0],
						"0.52": [0, 0, 0],
						"1.2": [0, 0, 0],
						"1.48": [20, 0, 0],
						"6.8": [20, 0, 0],
						"7.2": [37.5, -30, 0],
						"7.36": [37.5, -30, 0],
						"7.64": [0, 0, 0]
					}
				},
				"leftArm": {
					"rotation": {
						"0.0": [0, 0, 0],
						"0.24": [-87.5, 35, 0],
						"0.44": [-110, -16.07, 0],
						"0.72": [-87.5, -62.5, 0],
						"0.96": [-87.5, -62.5, 0],
						"1.24": [-92, 24.79, 0],
						"1.56": [-92, 24.79, 0],
						"1.72": [-81.1, 7.33, 0],
						"1.88": [-100.2, -10.13, 0],
						"2.04": [-79.3, -27.59, 0],
						"2.2": [-98.4, -45.05, 0],
						"2.36": [-87.5, -62.5, 10],
						"2.52": [-87.5, -65.58, -10],
						"2.68": [-87.5, -68.66, 10],
						"2.88": [-87.5, -72.5, -10],
						"3.04": [-87.5, -72.5, 7.5],
						"3.2": [-87.5, -72.5, -10],
						"3.36": [-87.5, -72.5, 10],
						"3.56": [-96.25, -23.75, 0],
						"3.76": [-135, 25, 0],
						"3.92": [-105, 25, 0],
						"4.12": [-125, 25, 0],
						"4.32": [-115, 25, 0],
						"4.48": [-125, 25, 0],
						"4.64": [-115, 25, 0],
						"4.8": [-125, 25, 0],
						"5.0": [-115.13, -0.66, 0],
						"5.16": [-107.24, -21.19, 0],
						"5.32": [-89.34, -41.71, 0],
						"5.56": [-97.5, -72.5, 0],
						"5.8": [-87.5, -72.5, 10],
						"6.04": [-87.5, -72.5, -10],
						"6.28": [-87.5, -72.5, 10],
						"6.52": [-87.5, -72.5, -10],
						"6.84": [-87.5, -72.5, 0],
						"7.2": [-10, 5, -5],
						"7.36": [-10, 5, -5],
						"7.64": [-20, 5, -5],
						"8.0": [-17.5, 5, -5],
						"8.32": [0, 0, 0]
					}
				},
				"rightArm": {
					"rotation": {
						"0.0": [10, 0, 0],
						"0.24": [-77.5, -32.5, 0],
						"0.44": [-110, 14.64, 0],
						"0.72": [-77.5, 57.5, 0],
						"0.96": [-77.5, 57.5, 0],
						"1.28": [-84, -23.07, 0],
						"1.56": [-84, -23.07, 0],
						"1.72": [-72.7, -6.96, 0],
						"1.88": [-91.4, 9.15, 0],
						"2.04": [-70.1, 25.27, 0],
						"2.2": [-88.8, 41.39, 0],
						"2.36": [-77.5, 57.5, -10],
						"2.52": [-77.5, 61.35, 10],
						"2.68": [-77.5, 65.19, -10],
						"2.88": [-77.5, 70, 7.5],
						"3.04": [-77.5, 70, -7.5],
						"3.2": [-77.5, 70, 10],
						"3.36": [-77.5, 70, -10],
						"3.56": [-87.5, 17.5, 0],
						"3.76": [-127.5, -35, 0],
						"3.92": [-100, -35, 0],
						"4.12": [-117.5, -35, 0],
						"4.32": [-107.5, -35, 0],
						"4.48": [-117.5, -35, 0],
						"4.64": [-107.5, -35, 0],
						"4.8": [-117.5, -35, 0],
						"5.0": [-106.97, -7.37, 0],
						"5.16": [-98.55, 14.74, 0],
						"5.32": [-77.63, 36.84, 0],
						"5.56": [-87.5, 70, 0],
						"5.68": [-77.5, 70, -5],
						"5.8": [-77.5, 70, -10],
						"6.04": [-77.5, 70, 10],
						"6.28": [-77.5, 70, -10],
						"6.52": [-77.5, 70, 10],
						"6.84": [-77.5, 70, 0],
						"7.2": [-77.5, -45, 0],
						"7.36": [-77.5, -45, 0],
						"7.64": [-80, 65, 20],
						"8.0": [-87.5, 65, 20],
						"8.32": [10, 0, 0]
					}
				},
				"rightItem": {
					"position": [0, -2768, 0]
				},
				"leftLeg": {
					"rotation": {
						"0.2": [0, 0, 0],
						"0.48": [0, 0, -17.5],
						"6.8": [0, 0, -17.5],
						"7.2": [0, 0, 0]
					}
				},
				"rightLeg": {
					"rotation": {
						"0.24": [0, 0, 0],
						"0.48": [0, 0, 20],
						"6.8": [0, 0, 20],
						"7.2": [0, 0, 2.5]
					}
				},
				"Dj": {
					"rotation": {
						"0.44": [0, 0, 0],
						"0.76": [-12.2, 0, 0],
						"1.08": [3.4, 0, 0],
						"1.36": [-11.22, 0, 0],
						"1.64": [-0.68, 0, 0],
						"1.96": [-10.07, 0, 0],
						"2.28": [0.54, 0, 0],
						"2.64": [1.23, 0, 0],
						"2.96": [-8.15, 0, 0],
						"3.32": [2.54, 0, 0],
						"3.72": [-6.69, 0, 0],
						"4.12": [4.08, 0, 0],
						"4.52": [-5.15, 0, 0],
						"4.96": [5.7, 0, 0],
						"5.4": [-3.46, 0, 0],
						"5.88": [7.46, 0, 0],
						"6.36": [-1.62, 0, 0],
						"6.8": [9.23, 0, 0],
						"7.2": [0, 0, 0],
						"7.36": [0, 0, 0],
						"7.52": [0, 42.5, 0],
						"7.72": [0, 97.5, 0],
						"7.92": [0, 150, 0],
						"8.2": [0, 182.5, 0],
						"8.44": [0, 222.5, 0]
					},
					"position": {
						"0.0": [0, 0, 0],
						"0.24": [0, 1017, 0],
						"0.44": [0, 1013, 0],
						"6.8": [0, 1013, 0],
						"7.2": [0, 1007, 0],
						"7.36": [0, 1007, 0],
						"7.52": [-29, 1013, 6],
						"7.72": [-39, 1013, 34],
						"7.92": [-15, 1009, 60],
						"8.2": [1, 1005, 71],
						"8.44": [50, 966, 66],
						"8.48": [0, 0, 0]
					}
				}
			}
		},
		"animation.emote.lol": {
			"loop": true,
			"animation_length": 3.76,
			"bones": {
				"body": {
					"rotation": {
						"0.2": [0, 0, 0],
						"0.44": [37.5, 0, 0],
						"0.64": [37.5, 0, 0],
						"1.04": [-17.5, 0, 0],
						"2.56": [-22.5, 0, 0],
						"3.04": [0, 0, 0]
					},
					"position": {
						"0.2": [0, 0, 0],
						"0.44": [0, -3, -7],
						"0.64": [0, -3, -7],
						"1.04": [0, -1, 4],
						"1.28": [0, -2, 4],
						"1.52": [0, -1, 4],
						"1.8": [0, -2, 4],
						"2.08": [0, -1, 4],
						"2.28": [0, -2, 4],
						"2.56": [0, -1, 4],
						"3.04": [0, 0, 0]
					}
				},
				"head": {
					"rotation": {
						"0.0": [0, 0, 0],
						"0.44": [40, 0, 0],
						"1.04": [-45, 0, 0],
						"2.56": [-45, 0, 0],
						"3.0": [0, 0, 0]
					}
				},
				"leftArm": {
					"rotation": {
						"0.44": [0, 0, 0],
						"1.04": [-100, 0, 0],
						"2.56": [-100, 0, 0],
						"3.04": [0, 0, 0]
					}
				},
				"rightArm": {
					"rotation": {
						"0.2": [10, 0, 0],
						"0.6": [-35, -57.5, -17.5],
						"2.56": [-35, -57.5, -17.5],
						"3.04": [10, 0, 0]
					}
				},
				"rightItem": {
					"position": [0, -1281, 0]
				}
			}
		},
		"animation.emote.flowers_of_love": {
			"loop": true,
			"animation_length": 3.88,
			"bones": {
				"root": {
					"rotation": {
						"0.0": [0, 0, 0],
						"0.44": [0, 0, 0],
						"2.52": [0, 0, 0],
						"2.96": [0, 0, 0]
					},
					"position": {
						"0.0": [0, 0, 0],
						"0.44": [0, -5, -7],
						"2.52": [0, -5, -7],
						"2.96": [0, 0, 0]
					}
				},
				"head": {
					"rotation": {
						"0.0": [0, 0, 0],
						"0.72": [42.5, 0, 0],
						"1.08": [0, 0, 0],
						"1.52": [0, 0, 0],
						"2.0": [-25, 0, 0],
						"2.52": [-25, 0, 0],
						"2.92": [0, 0, 0]
					}
				},
				"leftArm": {
					"rotation": {
						"0.0": [0, 0, 0],
						"0.44": [40, -35, 0],
						"0.72": [40, -35, 0],
						"1.08": [-75, 22.5, 0],
						"1.52": [-75, 22.5, 0],
						"2.0": [-105, 22.5, 0],
						"2.52": [-105, 22.5, 0],
						"2.92": [0, 0, 0]
					}
				},
				"rightArm": {
					"rotation": {
						"0.0": [0, 0, 0],
						"0.72": [0, 0, 0],
						"1.08": [-65, -32.5, 0],
						"1.52": [-65, -32.5, 0],
						"2.0": [-87.5, -32.5, 0],
						"2.52": [-87.5, -32.5, 0],
						"2.92": [0, 0, 0]
					}
				},
				"rightItem": {
					"position": [-711, -1388, 0]
				},
				"leftLeg": {
					"rotation": {
						"0.0": [0, 0, 0],
						"0.44": [52.5, 0, 0],
						"2.52": [52.5, 0, 0],
						"2.96": [0, 0, 0]
					},
					"position": {
						"0.0": [0, 0, 0],
						"0.44": [0, 1, -1],
						"2.52": [0, 1, -1],
						"2.96": [0, 0, 0]
					},
					"scale": {
						"0.0": [1, 1, 1],
						"0.44": [1, 0.9, 1],
						"2.52": [1, 0.9, 1],
						"2.96": [1, 1, 1]
					}
				},
				"rightLeg": {
					"rotation": {
						"0.0": [0, 0, 0],
						"0.44": [2.5, 0, 0],
						"2.52": [2.5, 0, 0],
						"2.96": [0, 0, 0]
					},
					"position": {
						"0.0": [0, 0, 0],
						"0.44": [-1, 3, -3],
						"2.52": [-1, 3, -3],
						"2.96": [0, 0, 0]
					},
					"scale": {
						"0.0": [1, 1, 1],
						"0.44": [1, 0.9, 1],
						"2.52": [1, 0.9, 1],
						"2.96": [1, 1, 1]
					}
				},
				"Bunga": {
					"rotation": {
						"0.72": [115, -32.5, -5],
						"0.8": [104.72, -11.67, -2.86],
						"0.88": [76.94, -10.33, -3.22],
						"0.96": [51.67, 6, 0.59],
						"1.0": [35.28, 14.17, 2.5],
						"1.08": [12.5, 22.5, 0],
						"1.52": [12.5, 22.5, 0],
						"1.64": [12.5, 22.5, 0],
						"1.84": [-12.78, 22.5, 0],
						"2.0": [-15, 22.5, 0],
						"2.52": [-15, 22.5, 0],
						"2.6": [5, 20, 0],
						"2.68": [30, 12.5, 0],
						"2.76": [45, 12.5, 0],
						"2.84": [60, 12.5, 0],
						"2.92": [87.5, 2.5, 0]
					},
					"position": {
						"0.72": [5, 1005, 5],
						"0.8": [5.91, 1004, 1.7],
						"0.88": [6.41, 1005.8, -1.6],
						"0.96": [5.25, 1008.93, -5.91],
						"1.0": [4.67, 1011, -6.56],
						"1.08": [3, 1014, -5],
						"1.52": [3, 1014, -5],
						"1.64": [3, 1015.25, -4.5],
						"2.0": [3, 1019, -3],
						"2.52": [3, 1019, -3],
						"2.6": [4, 1018, -4],
						"2.68": [4, 1015, -4],
						"2.76": [5, 1013, -2],
						"2.84": [5, 1011, 1],
						"2.92": [6, 1010, 6]
					},
					"scale": {
						"0.68": [1, 0, 0],
						"0.72": [1, 1, 1],
						"2.92": [1, 1, 1],
						"2.96": [0, 0, 0]
					}
				}
			}
		}
	}
}