{
	"format_version": "1.12.0",
	"minecraft:geometry": [
		{
			"description": {
				"identifier": "geometry.humanoid.custom",
				"texture_width": 256,
				"texture_height": 256,
				"visible_bounds_width": 6,
				"visible_bounds_height": 116,
				"visible_bounds_offset": [0, -55, 0]
			},
			"bones": [
				{
					"name": "root",
					"pivot": [0, 0, 0]
				},
				{
					"name": "waist",
					"parent": "root",
					"pivot": [0, 12, 0]
				},
				{
					"name": "body",
					"parent": "waist",
					"pivot": [0, 24, 0],
					"cubes": [
						{"origin": [-4, 12, -2], "size": [8, 12, 4], "uv": [16, 16]}
					]
				},
				{
					"name": "head",
					"parent": "body",
					"pivot": [0, 24, 0],
					"cubes": [
						{"origin": [-4, 24, -4], "size": [8, 8, 8], "uv": [0, 0]}
					]
				},
				{
					"name": "hat",
					"parent": "head",
					"pivot": [0, 24, 0],
					"cubes": [
						{"origin": [-4, 24, -4], "size": [8, 8, 8], "inflate": 0.5, "uv": [32, 0]}
					]
				},
				{
					"name": "cape",
					"parent": "body",
					"pivot": [0, 24, 3]
				},
				{
					"name": "leftArm",
					"parent": "body",
					"pivot": [5, 22, 0],
					"cubes": [
						{"origin": [4, 12, -2], "size": [4, 12, 4], "uv": [32, 48]}
					]
				},
				{
					"name": "leftSleeve",
					"parent": "leftArm",
					"pivot": [5, 22, 0],
					"cubes": [
						{"origin": [4, 12, -2], "size": [4, 12, 4], "inflate": 0.25, "uv": [48, 48]}
					]
				},
				{
					"name": "leftItem",
					"parent": "leftArm",
					"pivot": [6, 15, 1]
				},
				{
					"name": "rightArm",
					"parent": "body",
					"pivot": [-5, 22, 0],
					"cubes": [
						{"origin": [-8, 12, -2], "size": [4, 12, 4], "uv": [40, 16]}
					]
				},
				{
					"name": "rightSleeve",
					"parent": "rightArm",
					"pivot": [-5, 22, 0],
					"cubes": [
						{"origin": [-8, 12, -2], "size": [4, 12, 4], "inflate": 0.25, "uv": [40, 32]}
					]
				},
				{
					"name": "rightItem",
					"parent": "rightArm",
					"pivot": [-6, 15, 1],
					"locators": {
						"lead_hold": [-6, 15, 1]
					}
				},
				{
					"name": "jacket",
					"parent": "body",
					"pivot": [0, 24, 0],
					"cubes": [
						{"origin": [-4, 12, -2], "size": [8, 12, 4], "inflate": 0.25, "uv": [16, 32]}
					]
				},
				{
					"name": "leftLeg",
					"parent": "root",
					"pivot": [1.9, 12, 0],
					"cubes": [
						{"origin": [-0.1, 0, -2], "size": [4, 12, 4], "uv": [16, 48]}
					]
				},
				{
					"name": "leftPants",
					"parent": "leftLeg",
					"pivot": [1.9, 12, 0],
					"cubes": [
						{"origin": [-0.1, 0, -2], "size": [4, 12, 4], "inflate": 0.25, "uv": [0, 48]}
					]
				},
				{
					"name": "rightLeg",
					"parent": "root",
					"pivot": [-1.9, 12, 0],
					"cubes": [
						{"origin": [-3.9, 0, -2], "size": [4, 12, 4], "uv": [0, 16]}
					]
				},
				{
					"name": "rightPants",
					"parent": "rightLeg",
					"pivot": [-1.9, 12, 0],
					"cubes": [
						{"origin": [-3.9, 0, -2], "size": [4, 12, 4], "inflate": 0.25, "uv": [0, 32]}
					]
				},
				{
					"name": "Kursi",
					"pivot": [0, -1000, 11],
					"cubes": [
						{"origin": [-5, -1000, 5], "size": [10, 9, 1], "uv": [8, 102]},
						{"origin": [-5, -991, 15], "size": [10, 9, 1], "uv": [8, 102]},
						{"origin": [-29, -1005, 15], "size": [7, 10, 1], "pivot": [0, -1000, -8], "rotation": [0, 0, 90], "uv": [47, 117]},
						{"origin": [-31, -995, 15], "size": [9, 2, 1], "pivot": [0, -1000, -8], "rotation": [0, 0, 90], "uv": [64, 125]},
						{"origin": [11, -995, -22], "size": [14, 5, 3], "pivot": [0, -1000, -8], "rotation": [0, -90, -90], "uv": [4, 80], "mirror": true},
						{"origin": [-25, -995, -22], "size": [14, 5, 3], "pivot": [0, -1000, -8], "rotation": [0, 90, 90], "uv": [4, 80]},
						{"origin": [-22, -994, -23], "size": [10, 3, 1], "pivot": [0, -1000, -8], "rotation": [0, 90, 90], "uv": [58, 99]},
						{"origin": [12, -994, -23], "size": [10, 3, 1], "pivot": [0, -1000, -8], "rotation": [0, -90, -90], "uv": [58, 99], "mirror": true},
						{"origin": [13, -995, -19], "size": [11, 3, 11], "pivot": [0, -1000, -8], "rotation": [0, -90, -90], "uv": [49, 91], "mirror": true},
						{"origin": [-24, -995, -19], "size": [11, 3, 11], "pivot": [0, -1000, -8], "rotation": [0, 90, 90], "uv": [49, 91]},
						{"origin": [-27, -995, -13], "size": [16, 5, 5], "pivot": [0, -1000, -8], "rotation": [0, 90, 90], "uv": [0, 79]},
						{"origin": [11, -995, -13], "size": [16, 5, 5], "pivot": [0, -1000, -8], "rotation": [0, -90, -90], "uv": [0, 79], "mirror": true},
						{"origin": [-25, -1008, -39], "size": [1, 16, 31], "pivot": [0, -1000, -8], "rotation": [0, 90, 90], "uv": [64, 77]},
						{"origin": [-26, -1009, -39], "size": [1, 18, 30], "pivot": [0, -1000, -8], "rotation": [0, 90, 90], "uv": [64, 39]},
						{"origin": [-28, -1009, -16], "size": [2, 18, 8], "pivot": [0, -1000, -8], "rotation": [0, 90, 90], "uv": [65, 97]},
						{"origin": [-28, -1009, -24], "size": [2, 18, 8], "pivot": [0, -1000, -8], "rotation": [0, 90, 90], "uv": [65, 97]},
						{"origin": [-28, -1009, -40], "size": [2, 18, 8], "pivot": [0, -1000, -8], "rotation": [0, 90, 90], "uv": [65, 97]},
						{"origin": [-28, -1009, -32], "size": [2, 18, 8], "pivot": [0, -1000, -8], "rotation": [0, 90, 90], "uv": [65, 97]},
						{"origin": [-26, -973.3354, -21.90071], "size": [1, 11, 2], "pivot": [0, -1000, -8], "rotation": [50, 90, 90], "uv": [98, 72]},
						{"origin": [25, -973.3354, -21.90071], "size": [1, 11, 2], "pivot": [0, -1000, -8], "rotation": [50, -90, -90], "uv": [98, 72], "mirror": true},
						{"origin": [-26, -980.17308, -18.95979], "size": [1, 14, 2], "pivot": [0, -1000, -8], "rotation": [50, 90, 90], "uv": [99, 70]},
						{"origin": [25, -981.17308, -18.95979], "size": [1, 14, 2], "pivot": [0, -1000, -8], "rotation": [50, -90, -90], "uv": [99, 70], "mirror": true},
						{"origin": [-26, -984.76934, -15.10306], "size": [1, 14, 2], "pivot": [0, -1000, -8], "rotation": [50, 90, 90], "uv": [99, 70]},
						{"origin": [25, -984.76934, -15.10306], "size": [1, 14, 2], "pivot": [0, -1000, -8], "rotation": [50, -90, -90], "uv": [99, 70], "mirror": true},
						{"origin": [-26, -989.36561, -11.24634], "size": [1, 14, 2], "pivot": [0, -1000, -8], "rotation": [50, 90, 90], "uv": [99, 70]},
						{"origin": [25, -989.36561, -11.24636], "size": [1, 14, 2], "pivot": [0, -1000, -8], "rotation": [50, -90, -90], "uv": [99, 70], "mirror": true},
						{"origin": [-2, -1008, 6], "size": [2, 16, 11], "pivot": [0, -1000, -8], "rotation": [0, 0, 90], "uv": [56, 82]},
						{"origin": [-2, -1008, 17], "size": [2, 16, 2], "pivot": [0, -1000, -8], "rotation": [0, 0, 90], "uv": [65, 106]},
						{"origin": [-19.67767, -1011.77817, 15], "size": [3, 2, 1], "pivot": [0, -1000, -8], "rotation": [0, 0, 135], "uv": [64, 125]},
						{"origin": [-24, -995, 15], "size": [3, 2, 1], "pivot": [0, -1000, -8], "rotation": [0, 0, 90], "uv": [64, 125]},
						{"origin": [21, -995, 15], "size": [3, 2, 1], "pivot": [0, -1000, -8], "rotation": [0, 0, -90], "uv": [64, 125], "mirror": true},
						{"origin": [16.67767, -1011.77817, 15], "size": [3, 2, 1], "pivot": [0, -1000, -8], "rotation": [0, 0, -135], "uv": [64, 125], "mirror": true},
						{"origin": [22, -995, 15], "size": [9, 2, 1], "pivot": [0, -1000, -8], "rotation": [0, 0, -90], "uv": [64, 125], "mirror": true},
						{"origin": [9, -995, 15], "size": [10, 2, 1], "pivot": [0, -1000, -8], "rotation": [0, 0, -90], "uv": [64, 125], "mirror": true},
						{"origin": [-19, -995, 15], "size": [10, 2, 1], "pivot": [0, -1000, -8], "rotation": [0, 0, 90], "uv": [64, 125]},
						{"origin": [-31, -1005, 15], "size": [2, 10, 1], "pivot": [0, -1000, -8], "rotation": [0, 0, 90], "uv": [49, 105]},
						{"origin": [-18.72792, -988.27208, 15], "size": [7, 7, 1], "pivot": [0, -1000, -8], "rotation": [0, 0, 45], "uv": [30, 112]},
						{"origin": [-16.6066, -990.3934, 15], "size": [7, 7, 1], "pivot": [0, -1000, -8], "rotation": [0, 0, 45], "uv": [30, 120]},
						{"origin": [-5, -992, 6], "size": [10, 1, 10], "uv": [1, 91]},
						{"origin": [-6.42843, -1000, -8.58579], "size": [7, 0, 7], "pivot": [0, -1000, -8], "rotation": [0, 45, 0], "uv": [5, 121]},
						{"origin": [-5, -1000, -4], "size": [10, 0, 9], "uv": [0, 112]}
					]
				},
				{
					"name": "Bendera",
					"pivot": [18, -977, 0],
					"cubes": [
						{"origin": [17, -957, 0], "size": [1, 5, 1], "uv": [128, 5]},
						{"origin": [13, -957, 0], "size": [1, 4, 1], "uv": [128, 5]},
						{"origin": [21, -957, 0], "size": [1, 4, 1], "uv": [128, 4]},
						{"origin": [16.5, -952, 0], "size": [2, 4, 1], "uv": [127, 3]},
						{"origin": [12.5, -953, 0], "size": [2, 4, 1], "uv": [127, 2]},
						{"origin": [20.5, -953, 0], "size": [2, 4, 1], "uv": [126, 3]},
						{"origin": [17, -1003, 0], "size": [1, 7, 1], "uv": [95, 0]},
						{"origin": [17, -996, 0], "size": [1, 30, 1], "uv": [95, 0]},
						{"origin": [14.5, -964, -3], "size": [6, 4, 6], "uv": [101, 1]},
						{"origin": [11, -960, -5], "size": [13, 2, 10], "uv": [101, 23]},
						{"origin": [13, -958, -2], "size": [9, 1, 7], "uv": [106, 26]},
						{"origin": [13, -958, -5], "size": [9, 3, 3], "uv": [113, 27]},
						{"origin": [11, -963, -1], "size": [3, 3, 2], "uv": [108, 1]},
						{"origin": [21, -963, -1], "size": [3, 3, 2], "uv": [108, 1]},
						{"origin": [8.5, -961, -0.5], "size": [19, 1, 1], "uv": [101, 0]},
						{"origin": [11.5, -965, -1], "size": [2, 2, 2], "uv": [106, 14]},
						{"origin": [21.5, -965, -1], "size": [2, 2, 2], "uv": [105, 16]},
						{"origin": [15.5, -967, -2], "size": [4, 3, 4], "uv": [101, 13]}
					]
				},
				{
					"name": "kibar",
					"parent": "Bendera",
					"pivot": [3, 48, 0],
					"cubes": [
						{"origin": [19.5, -981, -2], "size": [5, 16, 1], "uv": [134, 39]},
						{"origin": [10.5, -981, -2], "size": [5, 16, 1], "uv": [99, 39]},
						{"origin": [15.5, -983, -2], "size": [4, 16, 1], "uv": [118, 40]}
					]
				},
				{
					"name": "Dj",
					"pivot": [-1, -1002, -13],
					"cubes": [
						{"origin": [-11, -1001, -15], "size": [21, 1, 9], "uv": [120, 12]},
						{"origin": [-6, -1000, -15], "size": [10, 1, 2], "uv": [157, 3]},
						{"origin": [-6, -999, -15], "size": [10, 1, 2], "uv": [99, 73]},
						{"origin": [-8, -1000, -18], "size": [2, 1, 3], "pivot": [-11, -999, -14], "rotation": [0, -47.5, 0], "uv": [99, 73]},
						{"origin": [4, -1000, -18], "size": [2, 1, 3], "pivot": [9, -999, -14], "rotation": [0, 42.5, 0], "uv": [99, 73], "mirror": true},
						{"origin": [-11, -1003, -15], "size": [21, 2, 9], "uv": [119, 11]},
						{"origin": [-4, -1004, -17], "size": [6, 4, 2], "uv": [131, 14]},
						{"origin": [10, -1002, -15], "size": [7, 1, 9], "uv": [142, 0]},
						{"origin": [13, -1000.9, -14.5], "size": [1, 1, 2], "uv": [146, 7]},
						{"origin": [-15, -1000.9, -14.5], "size": [1, 1, 2], "uv": [146, 7], "mirror": true},
						{"origin": [11, -1000.9, -14.5], "size": [1, 1, 2], "uv": [146, 7]},
						{"origin": [-13, -1000.9, -14.5], "size": [1, 1, 2], "uv": [146, 7], "mirror": true},
						{"origin": [15, -1000.9, -14.5], "size": [1, 1, 2], "uv": [146, 7]},
						{"origin": [-17, -1000.9, -14.5], "size": [1, 1, 2], "uv": [146, 7], "mirror": true},
						{"origin": [-18, -1000.9, -12], "size": [35, 1, 5], "uv": [136, 3]},
						{"origin": [-11, -1000.8, -12], "size": [5, 1, 5], "uv": [139, 25]},
						{"origin": [4, -1000.8, -12], "size": [5, 1, 5], "uv": [139, 25]},
						{"origin": [-6, -998.9, -13], "size": [10, 1, 3], "pivot": [-1, -998, -14], "rotation": [-22.5, 0, 0], "uv": [135, 13]},
						{"origin": [-9, -1004, -15], "size": [17, 1, 9], "uv": [142, 0]},
						{"origin": [-18, -1002, -15], "size": [7, 1, 9], "uv": [142, 0]},
						{"origin": [-10, -1002, -16], "size": [6, 1, 1], "uv": [152, 5]},
						{"origin": [-10, -1002, -6], "size": [6, 1, 1], "uv": [152, 5]},
						{"origin": [2, -1002, -6], "size": [6, 1, 1], "uv": [152, 5], "mirror": true},
						{"origin": [2, -1002, -16], "size": [6, 1, 1], "uv": [152, 5], "mirror": true},
						{"origin": [-20, -1002, -15], "size": [2, 2, 9], "uv": [70, 74]},
						{"origin": [17, -1002, -15], "size": [2, 2, 9], "uv": [70, 74]},
						{"origin": [-18, -1001, -15], "size": [7, 1, 9], "uv": [120, 12]},
						{"origin": [10, -1001, -15], "size": [7, 1, 9], "uv": [120, 12], "mirror": true}
					]
				},
				{
					"name": "Love",
					"pivot": [0, -985, -13]
				},
				{
					"name": "Love1",
					"parent": "Love",
					"pivot": [0, -984, -10],
					"cubes": [
						{"origin": [-1, -989, -10], "size": [1, 1, 1], "uv": [144, 106]},
						{"origin": [-2, -988, -10], "size": [3, 1, 1], "uv": [144, 106]},
						{"origin": [-3, -987, -10], "size": [5, 1, 1], "uv": [144, 106]},
						{"origin": [-4, -986, -10], "size": [7, 1, 1], "uv": [144, 106]},
						{"origin": [-5, -985, -10], "size": [9, 2, 1], "uv": [144, 106]},
						{"origin": [-4, -983, -10], "size": [3, 1, 1], "uv": [144, 106]},
						{"origin": [0, -983, -10], "size": [3, 1, 1], "uv": [144, 106]}
					]
				},
				{
					"name": "Love2",
					"parent": "Love",
					"pivot": [0, -983, -12],
					"cubes": [
						{"origin": [-1, -987, -12], "size": [2, 1, 1], "uv": [144, 106]},
						{"origin": [-2, -986, -12], "size": [4, 1, 1], "uv": [144, 106]},
						{"origin": [-3, -985, -12], "size": [6, 1, 1], "uv": [144, 106]},
						{"origin": [-4, -984, -12], "size": [8, 2, 1], "uv": [144, 106]},
						{"origin": [-3, -982, -12], "size": [2, 1, 1], "uv": [144, 106]},
						{"origin": [1, -982, -12], "size": [2, 1, 1], "uv": [144, 106]}
					]
				},
				{
					"name": "Love3",
					"parent": "Love",
					"pivot": [0, -983, -14],
					"cubes": [
						{"origin": [0, -986, -14], "size": [1, 1, 1], "uv": [144, 106]},
						{"origin": [-1, -985, -14], "size": [3, 1, 1], "uv": [144, 106]},
						{"origin": [-2, -984, -14], "size": [5, 1, 1], "uv": [144, 106]},
						{"origin": [-3, -983, -14], "size": [7, 2, 1], "uv": [144, 106]},
						{"origin": [-2, -981, -14], "size": [2, 1, 1], "uv": [144, 106]},
						{"origin": [1, -981, -14], "size": [2, 1, 1], "uv": [144, 106]}
					]
				},
				{
					"name": "Love4",
					"parent": "Love",
					"pivot": [0, -983, -14],
					"cubes": [
						{"origin": [0, -986, -14], "size": [1, 1, 1], "uv": [144, 106]},
						{"origin": [-1, -985, -14], "size": [3, 1, 1], "uv": [144, 106]},
						{"origin": [-2, -984, -14], "size": [5, 1, 1], "uv": [144, 106]},
						{"origin": [-3, -983, -14], "size": [7, 2, 1], "uv": [144, 106]},
						{"origin": [-2, -981, -14], "size": [2, 1, 1], "uv": [144, 106]},
						{"origin": [1, -981, -14], "size": [2, 1, 1], "uv": [144, 106]}
					]
				},
				{
					"name": "handphone",
					"pivot": [-4, -993, -52]
				},
				{
					"name": "hp",
					"parent": "handphone",
					"pivot": [-7, -997, -53],
					"cubes": [
						{"origin": [-9, -998, -53], "size": [3, 5, 1], "uv": [100, 60]}
					]
				},
				{
					"name": "logo",
					"parent": "handphone",
					"pivot": [0, -990, -52],
					"cubes": [
						{"origin": [3, -991, -52], "size": [1, 5, 0], "uv": [128, 71], "mirror": true},
						{"origin": [-4, -991, -52], "size": [1, 5, 0], "uv": [128, 71]},
						{"origin": [-3, -991, -52], "size": [6, 5, 0], "uv": [111, 60]},
						{"origin": [-5.5, -985.7, -52.1], "size": [5, 5, 0], "pivot": [-2, -987, -52], "rotation": [0, 0, 42.5], "uv": [125, 60]},
						{"origin": [-1.8, -990.5, -52.1], "size": [5, 5, 0], "pivot": [2, -992, -55], "rotation": [0, 0, 42.5], "uv": [134, 69]},
						{"origin": [-3, -990.9, -52.1], "size": [5, 5, 0], "pivot": [-2, -992, -55], "rotation": [0, 0, -47.5], "uv": [134, 69], "mirror": true},
						{"origin": [-5.5, -992.3, -52.1], "size": [5, 5, 0], "pivot": [-2, -994, -55], "rotation": [0, 0, 42.5], "uv": [138, 60]},
						{"origin": [-5, -992.7, -51.9], "size": [5, 5, 0], "pivot": [-2, -994, -52], "rotation": [0, 0, 42.5], "uv": [112, 59]}
					]
				},
				{
					"name": "Bunga",
					"pivot": [0, -996, -10],
					"cubes": [
						{"origin": [-1.7, -993, -11.8], "size": [2.5, 1, 2.5], "uv": [155, 39]},
						{"origin": [-1, -999, -11], "size": [1, 6, 1], "uv": [150, 33]},
						{"origin": [0, -996, -11], "size": [2, 2, 1], "uv": [156, 39]},
						{"origin": [-2, -992.5, -12], "size": [3, 2, 3], "uv": [110, 59]}
					]
				}
			]
		}
	]
}