{
	"format_version": "1.12.0",
	"minecraft:geometry": [
		{
			"description": {
				"identifier": "geometry.airdrop",
				"texture_width": 256,
				"texture_height": 256,
				"visible_bounds_width": 9,
				"visible_bounds_height": 6.5,
				"visible_bounds_offset": [0, 0.75, 0]
			},
			"bones": [
				{
					"name": "unknown_bone",
					"pivot": [0, 0, 0],
					"cubes": [
						{"origin": [-8, 0, -8], "size": [16, 16, 16], "uv": [0, 0]},
						{"origin": [7, 15, 7], "size": [1, 26, 1], "pivot": [8, 15, 7], "rotation": [-30, 40, 0], "uv": [0, 32]},
						{"origin": [-9, 15, 7], "size": [1, 26, 1], "pivot": [-8, 15, 7], "rotation": [-30, -40, 0], "uv": [0, 32]},
						{"origin": [-7, 15, -7], "size": [1, 26, 1], "pivot": [-6, 15, -7], "rotation": [30, 40, 0], "uv": [0, 32]},
						{"origin": [6, 15, -7], "size": [1, 26, 1], "pivot": [7, 15, -7], "rotation": [30, -40, 0], "uv": [0, 32]},
						{"origin": [-17, 32, 15], "size": [34, 5.5, 20], "pivot": [0, -6, 43], "rotation": [-17.5, 0, 0], "uv": [0, 65]},
						{"origin": [-17, 32, -35], "size": [34, 5.5, 20], "pivot": [0, -6, -43], "rotation": [17.5, 0, 0], "uv": [0, 65]},
						{"origin": [-17, 25, 13], "size": [34, 5.5, 16], "pivot": [0, -13, 41], "rotation": [-40, 0, 0], "uv": [0, 65]},
						{"origin": [-17, 25, -29], "size": [34, 5.5, 16], "pivot": [0, -13, -41], "rotation": [40, 0, 0], "uv": [0, 65]},
						{"origin": [-17, 25, 13], "size": [34, 5.5, 16], "pivot": [0, -13, 41], "rotation": [-40, 0, 0], "uv": [0, 65], "mirror": true},
						{"origin": [-17, 38, -29], "size": [34, 6, 58], "uv": [0, 65]}
					]
				}
			]
		}
	]
}