{
  "format_version": "1.12.0",
  "minecraft:geometry": [
    {
      "description": {
        "identifier": "geometry.armor_stand",
        "texture_width": 128,
        "texture_height": 128,
        "visible_bounds_width": 3,
        "visible_bounds_height": 4.5,
        "visible_bounds_offset": [
          0,
          0.75,
          0
        ]
      },
      "bones": [
        {
          "name": "root",
          "pivot": [
            0,
            0,
            0
          ]
        },
        {
          "name": "waist",
          "parent": "root",
          "pivot": [
            0,
            12,
            0
          ]
        },
        {
          "name": "body",
          "parent": "waist",
          "pivot": [
            0,
            24,
            0
          ],
          "cubes": [
            {
              "origin": [
                -4,
                12,
                -2
              ],
              "size": [
                8,
                12,
                4
              ],
              "uv": [
                16,
                16
              ]
            }
          ]
        },
        {
          "name": "head",
          "parent": "body",
          "pivot": [
            0,
            24,
            0
          ],
          "cubes": [
            {
              "origin": [
                -4,
                24,
                -4
              ],
              "size": [
                8,
                8,
                8
              ],
              "uv": [
                0,
                0
              ]
            }
          ]
        },
        {
          "name": "hat",
          "parent": "head",
          "pivot": [
            0,
            24,
            0
          ]
        },
        {
          "name": "cape",
          "parent": "body",
          "pivot": [
            0,
            24,
            3
          ]
        },
        {
          "name": "leftArm",
          "parent": "body",
          "pivot": [
            5,
            22,
            0
          ],
          "cubes": [
            {
              "origin": [
                4,
                14,
                -2
              ],
              "size": [
                4,
                10,
                4
              ],
              "uv": [
                32,
                48
              ]
            },
            {
              "origin": [
                7,
                13,
                -2
              ],
              "size": [
                1,
                1,
                1
              ],
              "uv": [
                44,
                62
              ]
            },
            {
              "origin": [
                4,
                13,
                -2
              ],
              "size": [
                1,
                1,
                1
              ],
              "uv": [
                44,
                62
              ]
            },
            {
              "origin": [
                3.9,
                12.2,
                -2
              ],
              "size": [
                1,
                1,
                1
              ],
              "pivot": [
                4.5,
                13.5,
                -1.5
              ],
              "rotation": [
                0,
                0,
                -15
              ],
              "uv": [
                44,
                62
              ]
            },
            {
              "origin": [
                7,
                13,
                -1
              ],
              "size": [
                1,
                1,
                1
              ],
              "uv": [
                44,
                62
              ]
            },
            {
              "origin": [
                7,
                13,
                0
              ],
              "size": [
                1,
                1,
                1
              ],
              "uv": [
                44,
                62
              ]
            },
            {
              "origin": [
                7,
                13,
                1
              ],
              "size": [
                1,
                1,
                1
              ],
              "uv": [
                44,
                62
              ]
            },
            {
              "origin": [
                7,
                11.2,
                1
              ],
              "size": [
                1,
                2,
                1
              ],
              "pivot": [
                7.5,
                13,
                1.5
              ],
              "rotation": [
                0,
                0,
                10
              ],
              "uv": [
                32,
                61
              ]
            },
            {
              "origin": [
                7,
                11.2,
                -1
              ],
              "size": [
                1,
                2,
                1
              ],
              "pivot": [
                7.5,
                13,
                -0.5
              ],
              "rotation": [
                0,
                0,
                20
              ],
              "uv": [
                32,
                61
              ]
            },
            {
              "origin": [
                7,
                11.2,
                -2
              ],
              "size": [
                1,
                2,
                1
              ],
              "pivot": [
                7.5,
                13,
                -1.5
              ],
              "rotation": [
                0,
                0,
                25
              ],
              "uv": [
                32,
                61
              ]
            },
            {
              "origin": [
                7,
                11.2,
                0
              ],
              "size": [
                1,
                2,
                1
              ],
              "pivot": [
                7.5,
                13,
                0.5
              ],
              "rotation": [
                0,
                0,
                15
              ],
              "uv": [
                32,
                61
              ]
            }
          ]
        },
        {
          "name": "leftSleeve",
          "parent": "leftArm",
          "pivot": [
            5,
            22,
            0
          ]
        },
        {
          "name": "leftItem",
          "parent": "leftArm",
          "pivot": [
            6,
            15,
            1
          ]
        },
        {
          "name": "rightArm",
          "parent": "body",
          "pivot": [
            -5,
            22,
            0
          ],
          "cubes": [
            {
              "origin": [
                -7.9,
                11.2,
                -1
              ],
              "size": [
                1,
                2,
                1
              ],
              "pivot": [
                -7.5,
                13,
                -0.5
              ],
              "rotation": [
                0,
                0,
                -20
              ],
              "uv": [
                52,
                29
              ]
            },
            {
              "origin": [
                -7.9,
                11.2,
                0
              ],
              "size": [
                1,
                2,
                1
              ],
              "pivot": [
                -7.5,
                13,
                0.5
              ],
              "rotation": [
                0,
                0,
                -15
              ],
              "uv": [
                52,
                29
              ]
            },
            {
              "origin": [
                -7.9,
                11.2,
                1
              ],
              "size": [
                1,
                2,
                1
              ],
              "pivot": [
                -7.5,
                13,
                1.5
              ],
              "rotation": [
                0,
                0,
                -10
              ],
              "uv": [
                52,
                29
              ]
            },
            {
              "origin": [
                -7.9,
                11.2,
                -2
              ],
              "size": [
                1,
                2,
                1
              ],
              "pivot": [
                -7.5,
                13,
                -1.5
              ],
              "rotation": [
                0,
                0,
                -25
              ],
              "uv": [
                52,
                29
              ]
            },
            {
              "origin": [
                -5,
                13,
                -2
              ],
              "size": [
                1,
                1,
                1
              ],
              "uv": [
                52,
                29
              ]
            },
            {
              "origin": [
                -4.8,
                12,
                -2
              ],
              "size": [
                1,
                1,
                1
              ],
              "pivot": [
                -3.5,
                13.5,
                -1.5
              ],
              "rotation": [
                0,
                0,
                15
              ],
              "uv": [
                52,
                29
              ]
            },
            {
              "origin": [
                -8,
                13,
                -2
              ],
              "size": [
                1,
                1,
                1
              ],
              "uv": [
                52,
                29
              ]
            },
            {
              "origin": [
                -8,
                13,
                0
              ],
              "size": [
                1,
                1,
                1
              ],
              "uv": [
                52,
                29
              ]
            },
            {
              "origin": [
                -8,
                13,
                1
              ],
              "size": [
                1,
                1,
                1
              ],
              "uv": [
                52,
                29
              ]
            },
            {
              "origin": [
                -8,
                13,
                -1
              ],
              "size": [
                1,
                1,
                1
              ],
              "uv": [
                52,
                29
              ]
            },
            {
              "origin": [
                -8,
                14,
                -2
              ],
              "size": [
                4,
                10,
                4
              ],
              "uv": [
                40,
                16
              ]
            }
          ]
        },
        {
          "name": "rightSleeve",
          "parent": "rightArm",
          "pivot": [
            -5,
            22,
            0
          ]
        },
        {
          "name": "rightItem",
          "parent": "rightArm",
          "pivot": [
            -6,
            15,
            1
          ],
          "locators": {
            "lead_hold": [
              -6,
              15,
              1
            ]
          }
        },
        {
          "name": "jacket",
          "parent": "body",
          "pivot": [
            0,
            24,
            0
          ]
        },
        {
          "name": "leftLeg",
          "parent": "root",
          "pivot": [
            1.9,
            12,
            0
          ],
          "cubes": [
            {
              "origin": [
                -0.1,
                0,
                -2
              ],
              "size": [
                4,
                12,
                4
              ],
              "uv": [
                16,
                48
              ]
            }
          ]
        },
        {
          "name": "leftPants",
          "parent": "leftLeg",
          "pivot": [
            1.9,
            12,
            0
          ]
        },
        {
          "name": "rightLeg",
          "parent": "root",
          "pivot": [
            -1.9,
            12,
            0
          ],
          "cubes": [
            {
              "origin": [
                -3.9,
                0,
                -2
              ],
              "size": [
                4,
                12,
                4
              ],
              "uv": [
                0,
                16
              ]
            }
          ]
        },
        {
          "name": "rightPants",
          "parent": "rightLeg",
          "pivot": [
            -1.9,
            12,
            0
          ]
        }
      ]
    }
  ]
}