{
	"format_version": "1.12.0",
	"minecraft:geometry": [
		{
			"description": {
				"identifier": "geometry.budi01",
				"texture_width": 128,
				"texture_height": 128,
				"visible_bounds_width": 3,
				"visible_bounds_height": 3,
				"visible_bounds_offset": [0, 0, 0]
			},
			"bones": [
				{
					"name": "root",
					"pivot": [0, 0, 0]
				},
				{
					"name": "waist",
					"parent": "root",
					"pivot": [0, 12, 0]
				},
				{
					"name": "body",
					"parent": "waist",
					"pivot": [0, 24, 0],
					"cubes": [
						{"origin": [-4, 12, -2], "size": [8, 12, 4], "uv": [16, 16]}
					]
				},
				{
					"name": "head",
					"parent": "body",
					"pivot": [0, 24, 0],
					"cubes": [
						{"origin": [2, 34, 3], "size": [2, 3, 2], "pivot": [6, 10, 7], "rotation": [17.5, 0, -15], "uv": [0, 38]},
						{"origin": [-4, 34, 3], "size": [2, 3, 2], "pivot": [-6, 10, 7], "rotation": [17.5, 0, 15], "uv": [0, 38], "mirror": true},
						{"origin": [-5, 32.5, -6.8], "size": [1.5, 2, 1.5], "pivot": [1, 9, -6], "rotation": [-5, 0, 2.5], "uv": [0, 38]},
						{"origin": [3.5, 32.5, -6.8], "size": [1.5, 2, 1.5], "pivot": [-1, 9, -6], "rotation": [-5, 0, -2.5], "uv": [0, 38], "mirror": true},
						{"origin": [-4.5, 34.5, -6.4], "size": [1, 2, 1], "pivot": [1, 11, -6], "rotation": [-5, 0, 2.5], "uv": [0, 38]},
						{"origin": [3, 27, -4.5], "size": [1, 2, 0.5], "uv": [16, 8]},
						{"origin": [-4, 27, -4.5], "size": [1, 2, 0.5], "uv": [16, 8], "mirror": true},
						{"origin": [1, 28, -4.5], "size": [3, 1, 0.5], "uv": [16, 8]},
						{"origin": [-4, 28, -4.5], "size": [3, 1, 0.5], "uv": [16, 8], "mirror": true},
						{"origin": [-4, 29, -4.5], "size": [8, 3, 0.5], "uv": [15, 9]},
						{"origin": [-4, 24, -4], "size": [8, 8, 8], "uv": [0, 0]},
						{"origin": [-1, 19, 2], "size": [2, 1, 1], "uv": [14, 8]},
						{"origin": [-2, 20, 2], "size": [4, 1, 1], "uv": [14, 8]},
						{"origin": [-3, 21, 2], "size": [6, 1, 1], "uv": [14, 8]},
						{"origin": [4, 22, -2.5], "size": [1, 2, 5], "uv": [20, 7]},
						{"origin": [-5, 22, -2.5], "size": [1, 2, 5], "uv": [20, 7], "mirror": true},
						{"origin": [-4, 22, 2], "size": [8, 2, 1], "uv": [14, 8]},
						{"origin": [-4.5, 24, -4.3], "size": [0.5, 2, 8.3], "uv": [16, 20]},
						{"origin": [4, 24, -4.3], "size": [0.5, 2, 8.3], "uv": [16, 20], "mirror": true},
						{"origin": [2.5, 24, -4.3], "size": [1.5, 2, 0.3], "uv": [28, 16], "mirror": true},
						{"origin": [-4, 24, -4.3], "size": [1.5, 2, 0.3], "uv": [28, 16]},
						{"origin": [-4.5, 24, -4.3], "size": [1.5, 2, 0.3], "uv": [28, 16]}
					]
				},
				{
					"name": "hat",
					"parent": "head",
					"pivot": [0, 24, 0]
				},
				{
					"name": "cape",
					"parent": "body",
					"pivot": [0, 24, 3]
				},
				{
					"name": "leftArm",
					"parent": "body",
					"pivot": [5, 22, 0],
					"cubes": [
						{"origin": [4.1, 19, -2.2], "size": [4.3, 5, 4.3], "uv": [32, 48]},
						{"origin": [4, 15, -2.1], "size": [4.2, 1, 4.2], "uv": [16, 25]},
						{"origin": [4, 13, -2], "size": [4, 11, 4], "uv": [32, 48]},
						{"origin": [7, 12, -2], "size": [1, 1, 1], "uv": [44, 62]},
						{"origin": [4, 12, -2], "size": [1, 1, 1], "uv": [44, 62]},
						{"origin": [3.9, 11.2, -2], "size": [1, 1, 1], "pivot": [4.5, 12.5, -1.5], "rotation": [0, 0, -15], "uv": [44, 62]},
						{"origin": [7, 12, -1], "size": [1, 1, 1], "uv": [44, 62]},
						{"origin": [7, 12, 0], "size": [1, 1, 1], "uv": [44, 62]},
						{"origin": [7, 12, 1], "size": [1, 1, 1], "uv": [44, 62]},
						{"origin": [7, 10.2, 1], "size": [1, 2, 1], "pivot": [7.5, 12, 1.5], "rotation": [0, 0, 10], "uv": [41, 61]},
						{"origin": [7, 10.2, -1], "size": [1, 2, 1], "pivot": [7.5, 12, -0.5], "rotation": [0, 0, 20], "uv": [38, 61]},
						{"origin": [7, 10.2, -2], "size": [1, 2, 1], "pivot": [7.5, 12, -1.5], "rotation": [0, 0, 25], "uv": [40, 61]},
						{"origin": [7, 10.2, 0], "size": [1, 2, 1], "pivot": [7.5, 12, 0.5], "rotation": [0, 0, 15], "uv": [41, 61]}
					]
				},
				{
					"name": "leftSleeve",
					"parent": "leftArm",
					"pivot": [5, 22, 0]
				},
				{
					"name": "leftItem",
					"parent": "leftArm",
					"pivot": [6, 15, 1]
				},
				{
					"name": "rightArm",
					"parent": "body",
					"pivot": [-5, 22, 0],
					"cubes": [
						{"origin": [-7.9, 10.2, -1], "size": [1, 2, 1], "pivot": [-7.5, 12, -0.5], "rotation": [0, 0, -20], "uv": [52, 29]},
						{"origin": [-7.9, 10.2, 0], "size": [1, 2, 1], "pivot": [-7.5, 12, 0.5], "rotation": [0, 0, -15], "uv": [52, 29]},
						{"origin": [-7.9, 10.2, 1], "size": [1, 2, 1], "pivot": [-7.5, 12, 1.5], "rotation": [0, 0, -10], "uv": [52, 29]},
						{"origin": [-7.9, 10.2, -2], "size": [1, 2, 1], "pivot": [-7.5, 12, -1.5], "rotation": [0, 0, -25], "uv": [52, 29]},
						{"origin": [-5, 12, -2], "size": [1, 1, 1], "uv": [52, 29]},
						{"origin": [-4.8, 11, -2], "size": [1, 1, 1], "pivot": [-3.5, 12.5, -1.5], "rotation": [0, 0, 15], "uv": [52, 29]},
						{"origin": [-8, 12, -2], "size": [1, 1, 1], "uv": [52, 29]},
						{"origin": [-8, 12, 0], "size": [1, 1, 1], "uv": [52, 29]},
						{"origin": [-8, 12, 1], "size": [1, 1, 1], "uv": [52, 29]},
						{"origin": [-8, 12, -1], "size": [1, 1, 1], "uv": [52, 29]},
						{"origin": [-8.3, 19, -2], "size": [4.3, 5, 4.3], "uv": [40, 16]},
						{"origin": [-8.2, 15, -2.1], "size": [4.2, 1, 4.2], "uv": [18, 24]},
						{"origin": [-8, 13, -2], "size": [4, 11, 4], "uv": [40, 16]}
					]
				},
				{
					"name": "rightSleeve",
					"parent": "rightArm",
					"pivot": [-5, 22, 0]
				},
				{
					"name": "rightItem",
					"parent": "rightArm",
					"pivot": [-6, 15, 1],
					"locators": {
						"lead_hold": [-6, 15, 1]
					}
				},
				{
					"name": "jacket",
					"parent": "body",
					"pivot": [0, 24, 0]
				},
				{
					"name": "leftLeg",
					"parent": "root",
					"pivot": [1.9, 12, 0],
					"cubes": [
						{"origin": [-0.1, 0, -2], "size": [4, 12, 4], "uv": [16, 48]}
					]
				},
				{
					"name": "leftPants",
					"parent": "leftLeg",
					"pivot": [1.9, 12, 0]
				},
				{
					"name": "rightLeg",
					"parent": "root",
					"pivot": [-1.9, 12, 0],
					"cubes": [
						{"origin": [-3.9, 0, -2], "size": [4, 12, 4], "uv": [0, 16]}
					]
				},
				{
					"name": "rightPants",
					"parent": "rightLeg",
					"pivot": [-1.9, 12, 0]
				}
			]
		}
	]
}