{
	"format_version": "1.12.0",
	"minecraft:geometry": [
		{
			"description": {
				"identifier": "geometry.frontal",
				"texture_width": 128,
				"texture_height": 128,
				"visible_bounds_width": 3,
				"visible_bounds_height": 3,
				"visible_bounds_offset": [0, 0, 0]
			},
			"bones": [
				{
					"name": "root",
					"pivot": [0, 0, 0]
				},
				{
					"name": "waist",
					"parent": "root",
					"pivot": [0, 12, 0]
				},
				{
					"name": "body",
					"parent": "waist",
					"pivot": [0, 24, 0],
					"cubes": [
						{"origin": [-4, 12, -2], "size": [8, 12, 4], "uv": [16, 16]},
						{"origin": [-4, 12, -3], "size": [2, 12, 1], "uv": [27, 19]},
						{"origin": [2, 12, -3], "size": [2, 12, 1], "uv": [27, 19]},
						{"origin": [-4, 12, 2], "size": [8, 6, 1], "uv": [27, 19]},
						{"origin": [-4.5, 21, 2], "size": [9, 3.8, 3], "uv": [30, 21]},
						{"origin": [-4.5, 18, -3], "size": [9, 3.8, 3], "pivot": [0, 10, 1], "rotation": [-22.5, 0, 0], "uv": [30, 21]}
					]
				},
				{
					"name": "head",
					"parent": "body",
					"pivot": [0, 24, 0],
					"cubes": [
						{"origin": [-4.5, 25, -0.5], "size": [0.5, 5, 1.5], "uv": [2, 36]},
						{"origin": [4, 25, -0.5], "size": [0.5, 5, 1.5], "uv": [2, 36], "mirror": true},
						{"origin": [2.5, 30.5, -2], "size": [2, 3, 2], "pivot": [6, 6, 3], "rotation": [0, 0, -17.5], "uv": [32, 35]},
						{"origin": [-4.5, 30.5, -2], "size": [2, 3, 2], "pivot": [-6, 6, 3], "rotation": [0, 0, 17.5], "uv": [32, 35], "mirror": true},
						{"origin": [-7, 31, -1.8], "size": [1.5, 2.5, 1.5], "pivot": [-4, 6, 3], "rotation": [0, 0, 2.5], "uv": [34, 36]},
						{"origin": [5.5, 31, -1.8], "size": [1.5, 2.5, 1.5], "pivot": [4, 6, 3], "rotation": [0, 0, -2.5], "uv": [34, 37], "mirror": true},
						{"origin": [-9.3, 27, -1.5], "size": [1, 3, 1], "pivot": [-22, 40, 72], "rotation": [0, 0, -22.5], "uv": [34, 35]},
						{"origin": [8.3, 27, -1.5], "size": [1, 3, 1], "pivot": [22, 40, 72], "rotation": [0, 0, 22.5], "uv": [34, 35], "mirror": true},
						{"origin": [-4.5, 24.5, -2], "size": [0.5, 6, 1.5], "uv": [2, 36]},
						{"origin": [4, 24.5, -2], "size": [0.5, 6, 1.5], "uv": [2, 36], "mirror": true},
						{"origin": [-3, 29, -4.3], "size": [2, 1, 0.4], "uv": [22, 37]},
						{"origin": [-4, 30, -4.3], "size": [1, 2, 0.4], "uv": [22, 37]},
						{"origin": [3, 30, -4.3], "size": [1, 2, 0.4], "uv": [22, 37], "mirror": true},
						{"origin": [1, 29, -4.3], "size": [2, 1, 0.4], "uv": [22, 37], "mirror": true},
						{"origin": [-1, 27, -3.5], "size": [2, 4, 0.3], "uv": [14, 36]},
						{"origin": [-4.5, 24, -4], "size": [0.5, 7, 2], "uv": [2, 36]},
						{"origin": [4, 24, -4], "size": [0.5, 7, 2], "uv": [2, 36], "mirror": true},
						{"origin": [-4, 24, -4], "size": [8, 8, 8], "uv": [0, 0]},
						{"origin": [-4, 24, -5], "size": [8, 5, 2], "uv": [58, 19]},
						{"origin": [-1.5, 31, -6], "size": [3, 4, 3], "pivot": [0, 7, -2], "rotation": [-17.5, 0, 0], "uv": [58, 0]},
						{"origin": [-1.7, 34, -6.4], "size": [3.5, 2.5, 3.5], "pivot": [0, 7, -2], "rotation": [-17.5, 0, 0], "uv": [58, 0]},
						{"origin": [-1.7, 32.5, -5.3], "size": [3.5, 1, 3.5], "pivot": [0, 10, -1], "rotation": [-17.5, 0, 0], "uv": [58, 12]}
					]
				},
				{
					"name": "hat",
					"parent": "head",
					"pivot": [0, 24, 0]
				},
				{
					"name": "cape",
					"parent": "body",
					"pivot": [0, 24, 3]
				},
				{
					"name": "leftArm",
					"parent": "body",
					"pivot": [5, 22, 0],
					"cubes": [
						{"origin": [4, 13, -2], "size": [4, 11, 4], "uv": [32, 48]},
						{"origin": [7, 12, -2], "size": [1, 1, 1], "uv": [44, 62]},
						{"origin": [4, 12, -2], "size": [1, 1, 1], "uv": [44, 62]},
						{"origin": [3.9, 11.2, -2], "size": [1, 1, 1], "pivot": [4.5, 12.5, -1.5], "rotation": [0, 0, -15], "uv": [44, 62]},
						{"origin": [7, 12, -1], "size": [1, 1, 1], "uv": [44, 62]},
						{"origin": [7, 12, 0], "size": [1, 1, 1], "uv": [44, 62]},
						{"origin": [7, 12, 1], "size": [1, 1, 1], "uv": [44, 62]},
						{"origin": [7, 10.2, 1], "size": [1, 2, 1], "pivot": [7.5, 12, 1.5], "rotation": [0, 0, 10], "uv": [32, 61]},
						{"origin": [7, 10.2, -1], "size": [1, 2, 1], "pivot": [7.5, 12, -0.5], "rotation": [0, 0, 20], "uv": [32, 61]},
						{"origin": [7, 10.2, -2], "size": [1, 2, 1], "pivot": [7.5, 12, -1.5], "rotation": [0, 0, 25], "uv": [32, 61]},
						{"origin": [7, 10.2, 0], "size": [1, 2, 1], "pivot": [7.5, 12, 0.5], "rotation": [0, 0, 15], "uv": [32, 61]}
					]
				},
				{
					"name": "leftSleeve",
					"parent": "leftArm",
					"pivot": [5, 22, 0]
				},
				{
					"name": "leftItem",
					"parent": "leftArm",
					"pivot": [6, 15, 1]
				},
				{
					"name": "rightArm",
					"parent": "body",
					"pivot": [-5, 22, 0],
					"cubes": [
						{"origin": [-7.9, 10.2, -1], "size": [1, 2, 1], "pivot": [-7.5, 12, -0.5], "rotation": [0, 0, -20], "uv": [39, 60]},
						{"origin": [-7.9, 10.2, 0], "size": [1, 2, 1], "pivot": [-7.5, 12, 0.5], "rotation": [0, 0, -15], "uv": [34, 60]},
						{"origin": [-7.9, 10.2, 1], "size": [1, 2, 1], "pivot": [-7.5, 12, 1.5], "rotation": [0, 0, -10], "uv": [34, 60]},
						{"origin": [-7.9, 10.2, -2], "size": [1, 2, 1], "pivot": [-7.5, 12, -1.5], "rotation": [0, 0, -25], "uv": [34, 60]},
						{"origin": [-5, 12, -2], "size": [1, 1, 1], "uv": [52, 29]},
						{"origin": [-4.8, 11, -2], "size": [1, 1, 1], "pivot": [-3.5, 12.5, -1.5], "rotation": [0, 0, 15], "uv": [34, 61]},
						{"origin": [-8, 12, -2], "size": [1, 1, 1], "uv": [52, 29]},
						{"origin": [-8, 12, 0], "size": [1, 1, 1], "uv": [52, 29]},
						{"origin": [-8, 12, 1], "size": [1, 1, 1], "uv": [52, 29]},
						{"origin": [-8, 12, -1], "size": [1, 1, 1], "uv": [52, 29]},
						{"origin": [-8, 13, -2], "size": [4, 11, 4], "uv": [40, 16]}
					]
				},
				{
					"name": "rightSleeve",
					"parent": "rightArm",
					"pivot": [-5, 22, 0]
				},
				{
					"name": "rightItem",
					"parent": "rightArm",
					"pivot": [-6, 15, 1],
					"locators": {
						"lead_hold": [-6, 15, 1]
					}
				},
				{
					"name": "jacket",
					"parent": "body",
					"pivot": [0, 24, 0]
				},
				{
					"name": "leftLeg",
					"parent": "root",
					"pivot": [1.9, 12, 0],
					"cubes": [
						{"origin": [-0.1, 0, -2], "size": [4, 12, 4], "uv": [16, 48]}
					]
				},
				{
					"name": "leftPants",
					"parent": "leftLeg",
					"pivot": [1.9, 12, 0]
				},
				{
					"name": "rightLeg",
					"parent": "root",
					"pivot": [-1.9, 12, 0],
					"cubes": [
						{"origin": [-3.9, 0, -2], "size": [4, 12, 4], "uv": [0, 16]}
					]
				},
				{
					"name": "rightPants",
					"parent": "rightLeg",
					"pivot": [-1.9, 12, 0]
				}
			]
		}
	]
}