{
  "format_version": "1.10.0",
  "geometry.gloowall": {
    "texturewidth": 128,
    "textureheight": 128,
    "visible_bounds_width": 6,
    "visible_bounds_height": 4,
    "visible_bounds_offset": [
      0,
      1,
      0
    ],
    "bones": [
      {
        "name": "chair",
        "pivot": [
          0,
          0,
          0
        ],
        "cubes": [
          {
            "origin": [
              24,
              1,
              1
            ],
            "size": [
              7,
              32,
              5
            ],
            "uv": [
              40,
              40
            ]
          },
          {
            "origin": [
              -29,
              1,
              1
            ],
            "size": [
              7,
              32,
              5
            ],
            "uv": [
              0,
              41
            ]
          },
          {
            "origin": [
              27,
              1,
              0
            ],
            "size": [
              7,
              32,
              4
            ],
            "uv": [
              40,
              43
            ]
          },
          {
            "origin": [
              -32,
              1,
              0
            ],
            "size": [
              7,
              32,
              4
            ],
            "uv": [
              1,
              42
            ]
          },
          {
            "origin": [
              30,
              1,
              -1
            ],
            "size": [
              6,
              32,
              2
            ],
            "uv": [
              41,
              44
            ]
          },
          {
            "origin": [
              -34,
              1,
              -1
            ],
            "size": [
              6,
              32,
              2
            ],
            "uv": [
              45,
              44
            ]
          },
          {
            "origin": [
              32,
              1,
              -2
            ],
            "size": [
              5,
              32,
              2
            ],
            "uv": [
              46,
              84
            ]
          },
          {
            "origin": [
              -35,
              1,
              -2
            ],
            "size": [
              5,
              32,
              2
            ],
            "uv": [
              1,
              45
            ]
          },
          {
            "origin": [
              -26,
              1,
              1
            ],
            "size": [
              54,
              32,
              6
            ],
            "uv": [
              0,
              0
            ]
          }
        ]
      },
      {
        "name": "seat",
        "parent": "chair",
        "pivot": [
          0,
          10,
          3
        ],
        "rotation": [
          -10,
          0,
          0
        ]
      },
      {
        "name": "legs",
        "parent": "chair",
        "pivot": [
          0,
          0,
          0
        ]
      }
    ]
  }
}