{
  "format_version": "1.12.0",
  "minecraft:geometry": [
    {
      "description": {
        "identifier": "geometry.irongolem",
        "texture_width": 128,
        "texture_height": 128,
        "visible_bounds_width": 3,
        "visible_bounds_height": 4.5,
        "visible_bounds_offset": [
          0,
          0.75,
          0
        ]
      },
      "bones": [
        {
          "name": "root",
          "pivot": [
            0,
            0,
            0
          ]
        },
        {
          "name": "waist",
          "parent": "root",
          "pivot": [
            0,
            12,
            0
          ]
        },
        {
          "name": "body",
          "parent": "waist",
          "pivot": [
            0,
            24,
            0
          ],
          "cubes": [
            {
              "origin": [
                -4,
                12,
                -2
              ],
              "size": [
                8,
                12,
                4
              ],
              "uv": [
                16,
                16
              ]
            },
            {
              "origin": [
                3,
                12,
                2
              ],
              "size": [
                2,
                12,
                1
              ],
              "pivot": [
                1,
                0,
                4
              ],
              "rotation": [
                0,
                0,
                -17.5
              ],
              "uv": [
                0,
                46
              ]
            },
            {
              "origin": [
                -1,
                20,
                2
              ],
              "size": [
                1,
                8,
                1
              ],
              "pivot": [
                -4,
                10,
                4
              ],
              "rotation": [
                0,
                0,
                -17.5
              ],
              "uv": [
                0,
                46
              ]
            },
            {
              "origin": [
                -2,
                24,
                2
              ],
              "size": [
                1,
                7,
                1
              ],
              "pivot": [
                -5,
                10,
                4
              ],
              "rotation": [
                0,
                0,
                -17.5
              ],
              "uv": [
                0,
                46
              ]
            },
            {
              "origin": [
                -8,
                30,
                2
              ],
              "size": [
                2,
                5,
                1
              ],
              "pivot": [
                -10,
                11,
                4
              ],
              "rotation": [
                0,
                0,
                -5
              ],
              "uv": [
                0,
                46
              ]
            },
            {
              "origin": [
                -4.5,
                13,
                -2.5
              ],
              "size": [
                9,
                1,
                5
              ],
              "uv": [
                48,
                36
              ]
            },
            {
              "origin": [
                -2,
                6,
                -2.5
              ],
              "size": [
                4,
                7,
                0.5
              ],
              "uv": [
                37,
                39
              ]
            },
            {
              "origin": [
                -2,
                6,
                2
              ],
              "size": [
                4,
                7,
                0.5
              ],
              "uv": [
                37,
                39
              ]
            },
            {
              "origin": [
                -4.4,
                8,
                -2
              ],
              "size": [
                0.5,
                6,
                4
              ],
              "uv": [
                24,
                36
              ]
            },
            {
              "origin": [
                3.9,
                8,
                -2
              ],
              "size": [
                0.5,
                6,
                4
              ],
              "uv": [
                24,
                36
              ],
              "mirror": true
            }
          ]
        },
        {
          "name": "head",
          "parent": "body",
          "pivot": [
            0,
            24,
            0
          ],
          "cubes": [
            {
              "origin": [
                -0.7,
                30,
                -5
              ],
              "size": [
                1,
                2,
                1
              ],
              "pivot": [
                -3,
                6,
                -1
              ],
              "rotation": [
                0,
                0,
                -7.5
              ],
              "uv": [
                0,
                0
              ]
            },
            {
              "origin": [
                -5.2,
                25,
                -4.5
              ],
              "size": [
                0.5,
                1.5,
                0.5
              ],
              "pivot": [
                -8,
                1,
                -1
              ],
              "rotation": [
                0,
                0,
                7.5
              ],
              "uv": [
                0,
                2
              ]
            },
            {
              "origin": [
                -5.2,
                25,
                -4.5
              ],
              "size": [
                0.5,
                1.5,
                0.5
              ],
              "pivot": [
                -8,
                1,
                -1
              ],
              "rotation": [
                0,
                0,
                7.5
              ],
              "uv": [
                0,
                2
              ]
            },
            {
              "origin": [
                -5.2,
                25,
                -4.5
              ],
              "size": [
                0.5,
                1.5,
                0.5
              ],
              "pivot": [
                -8,
                1,
                -1
              ],
              "rotation": [
                0,
                0,
                7.5
              ],
              "uv": [
                0,
                2
              ]
            },
            {
              "origin": [
                4.7,
                25,
                -4.5
              ],
              "size": [
                0.5,
                1.5,
                0.5
              ],
              "pivot": [
                8,
                1,
                -1
              ],
              "rotation": [
                0,
                0,
                -7.5
              ],
              "uv": [
                0,
                2
              ],
              "mirror": true
            },
            {
              "origin": [
                4.7,
                25,
                -4.5
              ],
              "size": [
                0.5,
                1.5,
                0.5
              ],
              "pivot": [
                8,
                1,
                -1
              ],
              "rotation": [
                0,
                0,
                -7.5
              ],
              "uv": [
                0,
                2
              ],
              "mirror": true
            },
            {
              "origin": [
                4.7,
                25,
                -4.5
              ],
              "size": [
                0.5,
                1.5,
                0.5
              ],
              "pivot": [
                8,
                1,
                -1
              ],
              "rotation": [
                0,
                0,
                -7.5
              ],
              "uv": [
                0,
                2
              ],
              "mirror": true
            },
            {
              "origin": [
                -0.2,
                30,
                -5
              ],
              "size": [
                1,
                2,
                1
              ],
              "pivot": [
                4,
                6,
                -1
              ],
              "rotation": [
                0,
                0,
                7.5
              ],
              "uv": [
                0,
                0
              ],
              "mirror": true
            },
            {
              "origin": [
                5.3,
                30,
                -5
              ],
              "size": [
                1,
                2,
                1.5
              ],
              "pivot": [
                6,
                5,
                0
              ],
              "rotation": [
                0,
                0,
                -20
              ],
              "uv": [
                0,
                4
              ]
            },
            {
              "origin": [
                -6.3,
                30,
                -5
              ],
              "size": [
                1,
                2,
                1.5
              ],
              "pivot": [
                -6,
                5,
                0
              ],
              "rotation": [
                0,
                0,
                20
              ],
              "uv": [
                0,
                4
              ],
              "mirror": true
            },
            {
              "origin": [
                -2.9,
                31,
                -4
              ],
              "size": [
                2,
                3,
                1
              ],
              "pivot": [
                1,
                7,
                0
              ],
              "rotation": [
                0,
                0,
                12.5
              ],
              "uv": [
                26,
                0
              ]
            },
            {
              "origin": [
                0.9,
                31,
                -4
              ],
              "size": [
                2,
                3,
                1
              ],
              "pivot": [
                -1,
                7,
                0
              ],
              "rotation": [
                0,
                0,
                -12.5
              ],
              "uv": [
                26,
                0
              ],
              "mirror": true
            },
            {
              "origin": [
                3,
                33,
                -4
              ],
              "size": [
                2,
                2,
                1
              ],
              "uv": [
                26,
                0
              ]
            },
            {
              "origin": [
                -5,
                33,
                -4
              ],
              "size": [
                2,
                2,
                1
              ],
              "uv": [
                26,
                0
              ],
              "mirror": true
            },
            {
              "origin": [
                -4,
                24,
                -4
              ],
              "size": [
                8,
                8,
                8
              ],
              "uv": [
                0,
                0
              ]
            },
            {
              "origin": [
                -7.5,
                24,
                -2
              ],
              "size": [
                1,
                8,
                5
              ],
              "pivot": [
                -10,
                0,
                -1
              ],
              "rotation": [
                0,
                0,
                5
              ],
              "uv": [
                63,
                1
              ]
            },
            {
              "origin": [
                6.5,
                24,
                -2
              ],
              "size": [
                1,
                8,
                5
              ],
              "pivot": [
                10,
                0,
                -1
              ],
              "rotation": [
                0,
                0,
                -5
              ],
              "uv": [
                63,
                1
              ],
              "mirror": true
            },
            {
              "origin": [
                4,
                24,
                -4
              ],
              "size": [
                0.5,
                5,
                5
              ],
              "uv": [
                3,
                34
              ]
            },
            {
              "origin": [
                -4.5,
                24,
                -4
              ],
              "size": [
                0.5,
                5,
                5
              ],
              "uv": [
                3,
                34
              ],
              "mirror": true
            },
            {
              "origin": [
                -4.5,
                23.5,
                5
              ],
              "size": [
                9,
                8.5,
                0.5
              ],
              "pivot": [
                0,
                0,
                15
              ],
              "rotation": [
                2.5,
                0,
                0
              ],
              "uv": [
                39,
                5
              ]
            }
          ]
        },
        {
          "name": "hat",
          "parent": "head",
          "pivot": [
            0,
            24,
            0
          ]
        },
        {
          "name": "cape",
          "parent": "body",
          "pivot": [
            0,
            24,
            3
          ]
        },
        {
          "name": "leftArm",
          "parent": "body",
          "pivot": [
            5,
            22,
            0
          ],
          "cubes": [
            {
              "origin": [
                4,
                14,
                -2
              ],
              "size": [
                4,
                10,
                4
              ],
              "uv": [
                32,
                48
              ]
            },
            {
              "origin": [
                5.7,
                14,
                -2.2
              ],
              "size": [
                2.5,
                5,
                4.5
              ],
              "uv": [
                58,
                21
              ]
            },
            {
              "origin": [
                7,
                13,
                -2
              ],
              "size": [
                1,
                1,
                1
              ],
              "uv": [
                38,
                50
              ]
            },
            {
              "origin": [
                4,
                13,
                -2
              ],
              "size": [
                1,
                1,
                1
              ],
              "uv": [
                38,
                50
              ]
            },
            {
              "origin": [
                3.9,
                12.2,
                -2
              ],
              "size": [
                1,
                1,
                1
              ],
              "pivot": [
                4.5,
                13.5,
                -1.5
              ],
              "rotation": [
                0,
                0,
                -15
              ],
              "uv": [
                22,
                18
              ]
            },
            {
              "origin": [
                7,
                13,
                -1
              ],
              "size": [
                1,
                1,
                1
              ],
              "uv": [
                37,
                50
              ]
            },
            {
              "origin": [
                7,
                13,
                0
              ],
              "size": [
                1,
                1,
                1
              ],
              "uv": [
                38,
                50
              ]
            },
            {
              "origin": [
                7,
                13,
                1
              ],
              "size": [
                1,
                1,
                1
              ],
              "uv": [
                38,
                50
              ]
            },
            {
              "origin": [
                7,
                11.2,
                1
              ],
              "size": [
                1,
                2,
                1
              ],
              "pivot": [
                7.5,
                13,
                1.5
              ],
              "rotation": [
                0,
                0,
                10
              ],
              "uv": [
                22,
                18
              ]
            },
            {
              "origin": [
                7,
                11.2,
                -1
              ],
              "size": [
                1,
                2,
                1
              ],
              "pivot": [
                7.5,
                13,
                -0.5
              ],
              "rotation": [
                0,
                0,
                20
              ],
              "uv": [
                21,
                17
              ]
            },
            {
              "origin": [
                7,
                11.2,
                -2
              ],
              "size": [
                1,
                2,
                1
              ],
              "pivot": [
                7.5,
                13,
                -1.5
              ],
              "rotation": [
                0,
                0,
                25
              ],
              "uv": [
                22,
                18
              ]
            },
            {
              "origin": [
                7,
                11.2,
                0
              ],
              "size": [
                1,
                2,
                1
              ],
              "pivot": [
                7.5,
                13,
                0.5
              ],
              "rotation": [
                0,
                0,
                15
              ],
              "uv": [
                22,
                17
              ]
            }
          ]
        },
        {
          "name": "leftSleeve",
          "parent": "leftArm",
          "pivot": [
            5,
            22,
            0
          ]
        },
        {
          "name": "leftItem",
          "parent": "leftArm",
          "pivot": [
            6,
            15,
            1
          ]
        },
        {
          "name": "rightArm",
          "parent": "body",
          "pivot": [
            -5,
            22,
            0
          ],
          "cubes": [
            {
              "origin": [
                -7.9,
                11.2,
                -1
              ],
              "size": [
                1,
                2,
                1
              ],
              "pivot": [
                -7.5,
                13,
                -0.5
              ],
              "rotation": [
                0,
                0,
                -20
              ],
              "uv": [
                22,
                19
              ]
            },
            {
              "origin": [
                -7.9,
                11.2,
                0
              ],
              "size": [
                1,
                2,
                1
              ],
              "pivot": [
                -7.5,
                13,
                0.5
              ],
              "rotation": [
                0,
                0,
                -15
              ],
              "uv": [
                22,
                18
              ]
            },
            {
              "origin": [
                -7.9,
                11.2,
                1
              ],
              "size": [
                1,
                2,
                1
              ],
              "pivot": [
                -7.5,
                13,
                1.5
              ],
              "rotation": [
                0,
                0,
                -10
              ],
              "uv": [
                22,
                18
              ]
            },
            {
              "origin": [
                -7.9,
                11.2,
                -2
              ],
              "size": [
                1,
                2,
                1
              ],
              "pivot": [
                -7.5,
                13,
                -1.5
              ],
              "rotation": [
                0,
                0,
                -25
              ],
              "uv": [
                22,
                19
              ]
            },
            {
              "origin": [
                -5,
                13,
                -2
              ],
              "size": [
                1,
                1,
                1
              ],
              "uv": [
                47,
                18
              ]
            },
            {
              "origin": [
                -4.8,
                12,
                -2
              ],
              "size": [
                1,
                1,
                1
              ],
              "pivot": [
                -3.5,
                13.5,
                -1.5
              ],
              "rotation": [
                0,
                0,
                15
              ],
              "uv": [
                46,
                17
              ]
            },
            {
              "origin": [
                -8,
                13,
                -2
              ],
              "size": [
                1,
                1,
                1
              ],
              "uv": [
                47,
                17
              ]
            },
            {
              "origin": [
                -8,
                13,
                0
              ],
              "size": [
                1,
                1,
                1
              ],
              "uv": [
                45,
                17
              ]
            },
            {
              "origin": [
                -8,
                13,
                1
              ],
              "size": [
                1,
                1,
                1
              ],
              "uv": [
                46,
                17
              ]
            },
            {
              "origin": [
                -8,
                13,
                -1
              ],
              "size": [
                1,
                1,
                1
              ],
              "uv": [
                46,
                18
              ]
            },
            {
              "origin": [
                -8,
                14,
                -2
              ],
              "size": [
                4,
                10,
                4
              ],
              "uv": [
                40,
                16
              ]
            },
            {
              "origin": [
                -8.5,
                14,
                -2.2
              ],
              "size": [
                2.5,
                5,
                4.5
              ],
              "uv": [
                58,
                21
              ]
            },
            {
              "origin": [
                -7,
                12,
                -4.8
              ],
              "size": [
                2,
                2,
                7
              ],
              "uv": [
                50,
                50
              ],
              "mirror": true
            },
            {
              "origin": [
                -6.8,
                12.3,
                -15.2
              ],
              "size": [
                1.5,
                1.5,
                11
              ],
              "uv": [
                63,
                45
              ]
            },
            {
              "origin": [
                -6.7,
                12.8,
                -22.2
              ],
              "size": [
                1.2,
                1.2,
                7
              ],
              "pivot": [
                -2,
                -3,
                -18
              ],
              "rotation": [
                -5,
                0,
                0
              ],
              "uv": [
                68,
                49
              ]
            },
            {
              "origin": [
                -6.6,
                14.5,
                -27.2
              ],
              "size": [
                1,
                1,
                3
              ],
              "pivot": [
                -2,
                -1,
                -27
              ],
              "rotation": [
                -15,
                0,
                0
              ],
              "uv": [
                72,
                53
              ]
            }
          ]
        },
        {
          "name": "rightSleeve",
          "parent": "rightArm",
          "pivot": [
            -5,
            22,
            0
          ]
        },
        {
          "name": "rightItem",
          "parent": "rightArm",
          "pivot": [
            -6,
            15,
            1
          ],
          "locators": {
            "lead_hold": [
              -6,
              15,
              1
            ]
          }
        },
        {
          "name": "jacket",
          "parent": "body",
          "pivot": [
            0,
            24,
            0
          ]
        },
        {
          "name": "leftLeg",
          "parent": "root",
          "pivot": [
            1.9,
            12,
            0
          ],
          "cubes": [
            {
              "origin": [
                -0.1,
                0,
                -2
              ],
              "size": [
                4,
                12,
                4
              ],
              "uv": [
                16,
                48
              ]
            }
          ]
        },
        {
          "name": "leftPants",
          "parent": "leftLeg",
          "pivot": [
            1.9,
            12,
            0
          ]
        },
        {
          "name": "rightLeg",
          "parent": "root",
          "pivot": [
            -1.9,
            12,
            0
          ],
          "cubes": [
            {
              "origin": [
                -3.9,
                0,
                -2
              ],
              "size": [
                4,
                12,
                4
              ],
              "uv": [
                0,
                16
              ]
            }
          ]
        },
        {
          "name": "rightPants",
          "parent": "rightLeg",
          "pivot": [
            -1.9,
            12,
            0
          ]
        }
      ]
    }
  ]
}