{
	"format_version": "1.12.0",
	"minecraft:geometry": [
		{
			"description": {
				"identifier": "geometry.jeep",
				"texture_width": 256,
				"texture_height": 256,
				"visible_bounds_width": 11,
				"visible_bounds_height": 5.5,
				"visible_bounds_offset": [0, 1.25, 0]
			},
			"bones": [
				{
					"name": "jeep",
					"pivot": [0, 0, 0],
					"rotation": [0, 180, 0]
				},
				{
					"name": "wheels",
					"parent": "jeep",
					"pivot": [20, 0, 0]
				},
				{
					"name": "wheel5",
					"parent": "wheels",
					"pivot": [8, 14, -73],
					"rotation": [0, -90, 0]
				},
				{
					"name": "tyre5",
					"parent": "wheel5",
					"pivot": [8, 14, -73],
					"cubes": [
						{"origin": [5, 14, -75], "size": [4, 5, 4], "uv": [233, 6]},
						{"origin": [5, 14, -75], "size": [4, 5, 4], "pivot": [8, 24, -73], "rotation": [-20, 0, 0], "uv": [233, 6]},
						{"origin": [5, 14, -75], "size": [4, 5, 4], "pivot": [8, 24, -73], "rotation": [-40, 0, 0], "uv": [233, 6]},
						{"origin": [5, 14, -75], "size": [4, 5, 4], "pivot": [8, 24, -73], "rotation": [-60, 0, 0], "uv": [233, 6]},
						{"origin": [5, 14, -75], "size": [4, 5, 4], "pivot": [8, 24, -73], "rotation": [-80, 0, 0], "uv": [233, 6]},
						{"origin": [5, 14, -75], "size": [4, 5, 4], "pivot": [8, 24, -73], "rotation": [-100, 0, 0], "uv": [233, 6]},
						{"origin": [5, 14, -75], "size": [4, 5, 4], "pivot": [8, 24, -73], "rotation": [-120, 0, 0], "uv": [233, 6]},
						{"origin": [5, 14, -75], "size": [4, 5, 4], "pivot": [8, 24, -73], "rotation": [-140, 0, 0], "uv": [233, 6]},
						{"origin": [5, 29, -75], "size": [4, 5, 4], "uv": [233, 6]},
						{"origin": [5, 29, -75], "size": [4, 5, 4], "pivot": [8, 24, -73], "rotation": [-120, 0, 0], "uv": [233, 6]},
						{"origin": [5, 29, -75], "size": [4, 5, 4], "pivot": [8, 24, -73], "rotation": [-40, 0, 0], "uv": [233, 6]},
						{"origin": [5, 29, -75], "size": [4, 5, 4], "pivot": [8, 24, -73], "rotation": [-80, 0, 0], "uv": [233, 6]},
						{"origin": [5, 29, -75], "size": [4, 5, 4], "pivot": [8, 24, -73], "rotation": [-20, 0, 0], "uv": [233, 6]},
						{"origin": [5, 29, -75], "size": [4, 5, 4], "pivot": [8, 24, -73], "rotation": [-60, 0, 0], "uv": [233, 6]},
						{"origin": [5, 29, -75], "size": [4, 5, 4], "pivot": [8, 24, -73], "rotation": [-100, 0, 0], "uv": [233, 6]},
						{"origin": [5, 29, -75], "size": [4, 5, 4], "pivot": [8, 24, -73], "rotation": [-140, 0, 0], "uv": [233, 6]},
						{"origin": [5, 29, -75], "size": [4, 5, 4], "pivot": [8, 24, -73], "rotation": [-160, 0, 0], "uv": [233, 6]},
						{"origin": [5, 14, -75], "size": [4, 5, 4], "pivot": [8, 24, -73], "rotation": [-160, 0, 0], "uv": [233, 6]}
					]
				},
				{
					"name": "rim5",
					"parent": "wheel5",
					"pivot": [8, 14, -73],
					"cubes": [
						{"origin": [6, 19, -75], "size": [2, 10, 4], "pivot": [8, 24, -73], "rotation": [-140, 0, 0], "uv": [233, 16]},
						{"origin": [6, 19, -75], "size": [2, 10, 4], "pivot": [8, 24, -73], "rotation": [-50, 0, 0], "uv": [233, 16]},
						{"origin": [6, 19, -75], "size": [2, 10, 4], "pivot": [8, 24, -73], "rotation": [-5, 0, 0], "uv": [233, 16]},
						{"origin": [6, 19, -75], "size": [2, 10, 4], "pivot": [8, 24, -73], "rotation": [-95, 0, 0], "uv": [233, 16]}
					]
				},
				{
					"name": "front",
					"parent": "wheels",
					"pivot": [20, 10, 0]
				},
				{
					"name": "wheel1",
					"parent": "front",
					"pivot": [20, 0, 0]
				},
				{
					"name": "tyre",
					"parent": "wheel1",
					"pivot": [20, 0, 0],
					"cubes": [
						{"origin": [17, 0, -2], "size": [4, 5, 4], "uv": [233, 6]},
						{"origin": [17, 0, -2], "size": [4, 5, 4], "pivot": [20, 10, 0], "rotation": [-20, 0, 0], "uv": [233, 6]},
						{"origin": [17, 0, -2], "size": [4, 5, 4], "pivot": [20, 10, 0], "rotation": [-40, 0, 0], "uv": [233, 6]},
						{"origin": [17, 0, -2], "size": [4, 5, 4], "pivot": [20, 10, 0], "rotation": [-60, 0, 0], "uv": [233, 6]},
						{"origin": [17, 0, -2], "size": [4, 5, 4], "pivot": [20, 10, 0], "rotation": [-80, 0, 0], "uv": [233, 6]},
						{"origin": [17, 0, -2], "size": [4, 5, 4], "pivot": [20, 10, 0], "rotation": [-100, 0, 0], "uv": [233, 6]},
						{"origin": [17, 0, -2], "size": [4, 5, 4], "pivot": [20, 10, 0], "rotation": [-120, 0, 0], "uv": [233, 6]},
						{"origin": [17, 0, -2], "size": [4, 5, 4], "pivot": [20, 10, 0], "rotation": [-140, 0, 0], "uv": [233, 6]},
						{"origin": [17, 15, -2], "size": [4, 5, 4], "uv": [233, 6]},
						{"origin": [17, 15, -2], "size": [4, 5, 4], "pivot": [20, 10, 0], "rotation": [-120, 0, 0], "uv": [233, 6]},
						{"origin": [17, 15, -2], "size": [4, 5, 4], "pivot": [20, 10, 0], "rotation": [-40, 0, 0], "uv": [233, 6]},
						{"origin": [17, 15, -2], "size": [4, 5, 4], "pivot": [20, 10, 0], "rotation": [-80, 0, 0], "uv": [233, 6]},
						{"origin": [17, 15, -2], "size": [4, 5, 4], "pivot": [20, 10, 0], "rotation": [-20, 0, 0], "uv": [233, 6]},
						{"origin": [17, 15, -2], "size": [4, 5, 4], "pivot": [20, 10, 0], "rotation": [-60, 0, 0], "uv": [233, 6]},
						{"origin": [17, 15, -2], "size": [4, 5, 4], "pivot": [20, 10, 0], "rotation": [-100, 0, 0], "uv": [233, 6]},
						{"origin": [17, 15, -2], "size": [4, 5, 4], "pivot": [20, 10, 0], "rotation": [-140, 0, 0], "uv": [233, 6]},
						{"origin": [17, 15, -2], "size": [4, 5, 4], "pivot": [20, 10, 0], "rotation": [-160, 0, 0], "uv": [233, 6]},
						{"origin": [17, 0, -2], "size": [4, 5, 4], "pivot": [20, 10, 0], "rotation": [-160, 0, 0], "uv": [233, 6]}
					]
				},
				{
					"name": "rim",
					"parent": "wheel1",
					"pivot": [20, 0, 0],
					"cubes": [
						{"origin": [18, 5, -2], "size": [2, 10, 4], "pivot": [20, 10, 0], "rotation": [-140, 0, 0], "uv": [233, 16]},
						{"origin": [18, 5, -2], "size": [2, 10, 4], "pivot": [20, 10, 0], "rotation": [-50, 0, 0], "uv": [233, 16]},
						{"origin": [18, 5, -2], "size": [2, 10, 4], "pivot": [20, 10, 0], "rotation": [-5, 0, 0], "uv": [233, 16]},
						{"origin": [18, 5, -2], "size": [2, 10, 4], "pivot": [20, 10, 0], "rotation": [-95, 0, 0], "uv": [233, 16]}
					]
				},
				{
					"name": "wheel2",
					"parent": "front",
					"pivot": [-20, 0, 0]
				},
				{
					"name": "tyre2",
					"parent": "wheel2",
					"pivot": [-20, 0, 0],
					"cubes": [
						{"origin": [-23, 0, -2], "size": [4, 5, 4], "uv": [233, 6]},
						{"origin": [-23, 0, -2], "size": [4, 5, 4], "pivot": [-20, 10, 0], "rotation": [-20, 0, 0], "uv": [233, 6]},
						{"origin": [-23, 0, -2], "size": [4, 5, 4], "pivot": [-20, 10, 0], "rotation": [-40, 0, 0], "uv": [233, 6]},
						{"origin": [-23, 0, -2], "size": [4, 5, 4], "pivot": [-20, 10, 0], "rotation": [-60, 0, 0], "uv": [233, 6]},
						{"origin": [-23, 0, -2], "size": [4, 5, 4], "pivot": [-20, 10, 0], "rotation": [-80, 0, 0], "uv": [233, 6]},
						{"origin": [-23, 0, -2], "size": [4, 5, 4], "pivot": [-20, 10, 0], "rotation": [-100, 0, 0], "uv": [233, 6]},
						{"origin": [-23, 0, -2], "size": [4, 5, 4], "pivot": [-20, 10, 0], "rotation": [-120, 0, 0], "uv": [233, 6]},
						{"origin": [-23, 0, -2], "size": [4, 5, 4], "pivot": [-20, 10, 0], "rotation": [-140, 0, 0], "uv": [233, 6]},
						{"origin": [-23, 15, -2], "size": [4, 5, 4], "uv": [233, 6]},
						{"origin": [-23, 15, -2], "size": [4, 5, 4], "pivot": [-20, 10, 0], "rotation": [-120, 0, 0], "uv": [233, 6]},
						{"origin": [-23, 15, -2], "size": [4, 5, 4], "pivot": [-20, 10, 0], "rotation": [-40, 0, 0], "uv": [233, 6]},
						{"origin": [-23, 15, -2], "size": [4, 5, 4], "pivot": [-20, 10, 0], "rotation": [-80, 0, 0], "uv": [233, 6]},
						{"origin": [-23, 15, -2], "size": [4, 5, 4], "pivot": [-20, 10, 0], "rotation": [-20, 0, 0], "uv": [233, 6]},
						{"origin": [-23, 15, -2], "size": [4, 5, 4], "pivot": [-20, 10, 0], "rotation": [-60, 0, 0], "uv": [233, 6]},
						{"origin": [-23, 15, -2], "size": [4, 5, 4], "pivot": [-20, 10, 0], "rotation": [-100, 0, 0], "uv": [233, 6]},
						{"origin": [-23, 15, -2], "size": [4, 5, 4], "pivot": [-20, 10, 0], "rotation": [-140, 0, 0], "uv": [233, 6]},
						{"origin": [-23, 15, -2], "size": [4, 5, 4], "pivot": [-20, 10, 0], "rotation": [-160, 0, 0], "uv": [233, 6]},
						{"origin": [-23, 0, -2], "size": [4, 5, 4], "pivot": [-20, 10, 0], "rotation": [-160, 0, 0], "uv": [233, 6]}
					]
				},
				{
					"name": "rim2",
					"parent": "wheel2",
					"pivot": [-20, 0, 0],
					"cubes": [
						{"origin": [-22, 5, -2], "size": [2, 10, 4], "pivot": [-20, 10, 0], "rotation": [-140, 0, 0], "uv": [233, 16]},
						{"origin": [-22, 5, -2], "size": [2, 10, 4], "pivot": [-20, 10, 0], "rotation": [-50, 0, 0], "uv": [233, 16]},
						{"origin": [-22, 5, -2], "size": [2, 10, 4], "pivot": [-20, 10, 0], "rotation": [-5, 0, 0], "uv": [233, 16]},
						{"origin": [-22, 5, -2], "size": [2, 10, 4], "pivot": [-20, 10, 0], "rotation": [-95, 0, 0], "uv": [233, 16]}
					]
				},
				{
					"name": "back",
					"parent": "wheels",
					"pivot": [20, 10, -57]
				},
				{
					"name": "wheel3",
					"parent": "back",
					"pivot": [-20, 0, -57]
				},
				{
					"name": "tyre3",
					"parent": "wheel3",
					"pivot": [-20, 0, -57],
					"cubes": [
						{"origin": [-23, 0, -59], "size": [4, 5, 4], "uv": [233, 6]},
						{"origin": [-23, 0, -59], "size": [4, 5, 4], "pivot": [-20, 10, -57], "rotation": [-20, 0, 0], "uv": [233, 6]},
						{"origin": [-23, 0, -59], "size": [4, 5, 4], "pivot": [-20, 10, -57], "rotation": [-40, 0, 0], "uv": [233, 6]},
						{"origin": [-23, 0, -59], "size": [4, 5, 4], "pivot": [-20, 10, -57], "rotation": [-60, 0, 0], "uv": [233, 6]},
						{"origin": [-23, 0, -59], "size": [4, 5, 4], "pivot": [-20, 10, -57], "rotation": [-80, 0, 0], "uv": [233, 6]},
						{"origin": [-23, 0, -59], "size": [4, 5, 4], "pivot": [-20, 10, -57], "rotation": [-100, 0, 0], "uv": [233, 6]},
						{"origin": [-23, 0, -59], "size": [4, 5, 4], "pivot": [-20, 10, -57], "rotation": [-120, 0, 0], "uv": [233, 6]},
						{"origin": [-23, 0, -59], "size": [4, 5, 4], "pivot": [-20, 10, -57], "rotation": [-140, 0, 0], "uv": [233, 6]},
						{"origin": [-23, 15, -59], "size": [4, 5, 4], "uv": [233, 6]},
						{"origin": [-23, 15, -59], "size": [4, 5, 4], "pivot": [-20, 10, -57], "rotation": [-120, 0, 0], "uv": [233, 6]},
						{"origin": [-23, 15, -59], "size": [4, 5, 4], "pivot": [-20, 10, -57], "rotation": [-40, 0, 0], "uv": [233, 6]},
						{"origin": [-23, 15, -59], "size": [4, 5, 4], "pivot": [-20, 10, -57], "rotation": [-80, 0, 0], "uv": [233, 6]},
						{"origin": [-23, 15, -59], "size": [4, 5, 4], "pivot": [-20, 10, -57], "rotation": [-20, 0, 0], "uv": [233, 6]},
						{"origin": [-23, 15, -59], "size": [4, 5, 4], "pivot": [-20, 10, -57], "rotation": [-60, 0, 0], "uv": [233, 6]},
						{"origin": [-23, 15, -59], "size": [4, 5, 4], "pivot": [-20, 10, -57], "rotation": [-100, 0, 0], "uv": [233, 6]},
						{"origin": [-23, 15, -59], "size": [4, 5, 4], "pivot": [-20, 10, -57], "rotation": [-140, 0, 0], "uv": [233, 6]},
						{"origin": [-23, 15, -59], "size": [4, 5, 4], "pivot": [-20, 10, -57], "rotation": [-160, 0, 0], "uv": [233, 6]},
						{"origin": [-23, 0, -59], "size": [4, 5, 4], "pivot": [-20, 10, -57], "rotation": [-160, 0, 0], "uv": [233, 6]}
					]
				},
				{
					"name": "rim3",
					"parent": "wheel3",
					"pivot": [-20, 0, -57],
					"cubes": [
						{"origin": [-22, 5, -59], "size": [2, 10, 4], "pivot": [-20, 10, -57], "rotation": [-140, 0, 0], "uv": [233, 16]},
						{"origin": [-22, 5, -59], "size": [2, 10, 4], "pivot": [-20, 10, -57], "rotation": [-50, 0, 0], "uv": [233, 16]},
						{"origin": [-22, 5, -59], "size": [2, 10, 4], "pivot": [-20, 10, -57], "rotation": [-5, 0, 0], "uv": [233, 16]},
						{"origin": [-22, 5, -59], "size": [2, 10, 4], "pivot": [-20, 10, -57], "rotation": [-95, 0, 0], "uv": [233, 16]}
					]
				},
				{
					"name": "wheel4",
					"parent": "back",
					"pivot": [20, 0, -57]
				},
				{
					"name": "tyre4",
					"parent": "wheel4",
					"pivot": [20, 0, -57],
					"cubes": [
						{"origin": [17, 0, -59], "size": [4, 5, 4], "uv": [233, 6], "mirror": true},
						{"origin": [17, 0, -59], "size": [4, 5, 4], "pivot": [20, 10, -57], "rotation": [-20, 0, 0], "uv": [233, 6], "mirror": true},
						{"origin": [17, 0, -59], "size": [4, 5, 4], "pivot": [20, 10, -57], "rotation": [-40, 0, 0], "uv": [233, 6], "mirror": true},
						{"origin": [17, 0, -59], "size": [4, 5, 4], "pivot": [20, 10, -57], "rotation": [-60, 0, 0], "uv": [233, 6], "mirror": true},
						{"origin": [17, 0, -59], "size": [4, 5, 4], "pivot": [20, 10, -57], "rotation": [-80, 0, 0], "uv": [233, 6], "mirror": true},
						{"origin": [17, 0, -59], "size": [4, 5, 4], "pivot": [20, 10, -57], "rotation": [-100, 0, 0], "uv": [233, 6], "mirror": true},
						{"origin": [17, 0, -59], "size": [4, 5, 4], "pivot": [20, 10, -57], "rotation": [-120, 0, 0], "uv": [233, 6], "mirror": true},
						{"origin": [17, 0, -59], "size": [4, 5, 4], "pivot": [20, 10, -57], "rotation": [-140, 0, 0], "uv": [233, 6], "mirror": true},
						{"origin": [17, 15, -59], "size": [4, 5, 4], "uv": [233, 6], "mirror": true},
						{"origin": [17, 15, -59], "size": [4, 5, 4], "pivot": [20, 10, -57], "rotation": [-120, 0, 0], "uv": [233, 6], "mirror": true},
						{"origin": [17, 15, -59], "size": [4, 5, 4], "pivot": [20, 10, -57], "rotation": [-40, 0, 0], "uv": [233, 6], "mirror": true},
						{"origin": [17, 15, -59], "size": [4, 5, 4], "pivot": [20, 10, -57], "rotation": [-80, 0, 0], "uv": [233, 6], "mirror": true},
						{"origin": [17, 15, -59], "size": [4, 5, 4], "pivot": [20, 10, -57], "rotation": [-20, 0, 0], "uv": [233, 6], "mirror": true},
						{"origin": [17, 15, -59], "size": [4, 5, 4], "pivot": [20, 10, -57], "rotation": [-60, 0, 0], "uv": [233, 6], "mirror": true},
						{"origin": [17, 15, -59], "size": [4, 5, 4], "pivot": [20, 10, -57], "rotation": [-100, 0, 0], "uv": [233, 6], "mirror": true},
						{"origin": [17, 15, -59], "size": [4, 5, 4], "pivot": [20, 10, -57], "rotation": [-140, 0, 0], "uv": [233, 6], "mirror": true},
						{"origin": [17, 15, -59], "size": [4, 5, 4], "pivot": [20, 10, -57], "rotation": [-160, 0, 0], "uv": [233, 6], "mirror": true},
						{"origin": [17, 0, -59], "size": [4, 5, 4], "pivot": [20, 10, -57], "rotation": [-160, 0, 0], "uv": [233, 6], "mirror": true}
					]
				},
				{
					"name": "rim4",
					"parent": "wheel4",
					"pivot": [20, 0, -57],
					"cubes": [
						{"origin": [18, 5, -59], "size": [2, 10, 4], "pivot": [20, 10, -57], "rotation": [-140, 0, 0], "uv": [233, 16], "mirror": true},
						{"origin": [18, 5, -59], "size": [2, 10, 4], "pivot": [20, 10, -57], "rotation": [-50, 0, 0], "uv": [233, 16], "mirror": true},
						{"origin": [18, 5, -59], "size": [2, 10, 4], "pivot": [20, 10, -57], "rotation": [-5, 0, 0], "uv": [233, 16], "mirror": true},
						{"origin": [18, 5, -59], "size": [2, 10, 4], "pivot": [20, 10, -57], "rotation": [-95, 0, 0], "uv": [233, 16], "mirror": true}
					]
				},
				{
					"name": "body",
					"parent": "jeep",
					"pivot": [0, 0, 0]
				},
				{
					"name": "base",
					"parent": "body",
					"pivot": [0, 0, 0],
					"cubes": [
						{"origin": [-21, 12, 13], "size": [40, 4, 2], "uv": [0, 168]},
						{"origin": [-14, 12, 8], "size": [26, 3, 5], "uv": [136, 141]},
						{"origin": [8, 11, -15], "size": [2, 10, 23], "uv": [160, 221], "mirror": true},
						{"origin": [8, 21, -15], "size": [2, 2, 22], "uv": [144, 106], "mirror": true},
						{"origin": [-12, 21, -15], "size": [2, 2, 22], "uv": [144, 106], "mirror": true},
						{"origin": [7, 11, -15], "size": [1, 12, 23], "uv": [160, 221], "mirror": true},
						{"origin": [10, 11, -15], "size": [2, 12, 23], "uv": [160, 221], "mirror": true},
						{"origin": [-9, 11, -15], "size": [16, 5, 23], "uv": [69, 0]},
						{"origin": [6, 16, 7], "size": [1, 1, 1], "uv": [69, 0]},
						{"origin": [-9, 16, 7], "size": [1, 1, 1], "uv": [69, 0]},
						{"origin": [6, 16, -15], "size": [1, 11, 22], "uv": [29, 29]},
						{"origin": [5, 16, -15], "size": [1, 11, 23], "uv": [69, 0]},
						{"origin": [1, 16, -15], "size": [1, 11, 23], "uv": [69, 0]},
						{"origin": [-2, 16, -15], "size": [2, 11, 23], "uv": [69, 0]},
						{"origin": [-8, 16, -15], "size": [1, 11, 23], "uv": [69, 0]},
						{"origin": [-6, 16, -15], "size": [1, 11, 23], "uv": [69, 0]},
						{"origin": [-4, 16, -15], "size": [1, 11, 23], "uv": [69, 0]},
						{"origin": [3, 16, -15], "size": [1, 11, 23], "uv": [69, 0]},
						{"origin": [4, 16, -15], "size": [1, 11, 22], "uv": [29, 29], "mirror": true},
						{"origin": [2, 16, -15], "size": [1, 11, 22], "uv": [29, 29]},
						{"origin": [0, 16, -15], "size": [1, 11, 22], "uv": [29, 29]},
						{"origin": [-3, 16, -15], "size": [1, 11, 22], "uv": [29, 29]},
						{"origin": [-9, 16, -15], "size": [1, 11, 22], "uv": [29, 29]},
						{"origin": [-7, 16, -15], "size": [1, 11, 22], "uv": [29, 29]},
						{"origin": [-5, 16, -15], "size": [1, 11, 22], "uv": [29, 29]},
						{"origin": [-14, 11, -15], "size": [2, 12, 23], "uv": [160, 221]},
						{"origin": [-10, 11, -15], "size": [1, 12, 23], "uv": [160, 221], "mirror": true},
						{"origin": [-12, 11, -15], "size": [2, 10, 23], "uv": [160, 221]},
						{"origin": [-14, 11, -46], "size": [26, 1, 25], "uv": [80, 111]},
						{"origin": [-14, 11, -21], "size": [26, 3, 6], "uv": [77, 204]},
						{"origin": [-16, 11, -70], "size": [30, 1, 24], "uv": [27, 69]},
						{"origin": [-19, 11, -46], "size": [5, 1, 23], "uv": [45, 97]},
						{"origin": [12, 11, -46], "size": [5, 1, 23], "uv": [45, 97]},
						{"origin": [-23, 22, -10], "size": [9, 1, 14], "uv": [151, 202]},
						{"origin": [-23, 11, -20], "size": [9, 1, 3], "uv": [161, 8]},
						{"origin": [12, 11, -20], "size": [9, 1, 3], "uv": [161, 8]},
						{"origin": [-23, 22, -24], "size": [9, 1, 14], "pivot": [-21, 23, -10], "rotation": [55, 0, 0], "uv": [181, 11]},
						{"origin": [-21, 11, -23], "size": [7, 1, 3], "uv": [52, 223]},
						{"origin": [12, 11, -23], "size": [7, 1, 3], "uv": [52, 223], "mirror": true},
						{"origin": [12, 22, -10], "size": [9, 1, 14], "uv": [149, 203]},
						{"origin": [12, 22, -24], "size": [9, 1, 14], "pivot": [20, 23, -10], "rotation": [55, 0, 0], "uv": [181, 11]},
						{"origin": [-20, 22, 4], "size": [6, 1, 3], "uv": [106, 104]},
						{"origin": [12, 22, 4], "size": [6, 1, 3], "uv": [159, 207]},
						{"origin": [-10, 27, -7], "size": [18, 0, 15], "uv": [190, 222]},
						{"origin": [-9, 27, -7], "size": [16, 1, 15], "uv": [1, 176]},
						{"origin": [-5.5255, 28, -2.64774], "size": [7, 0.5, 7], "pivot": [0, 0, 0], "rotation": [0, -47.5, 0], "uv": [48, 12]},
						{"origin": [-5.5255, 28.3, -2.64774], "size": [6, 0.5, 6], "pivot": [0, 0, 0], "rotation": [0, -47.5, 0], "uv": [4, 16]},
						{"origin": [-7, 28, -9], "size": [10, 0.5, 8], "uv": [48, 12]},
						{"origin": [-5.9, 28.3, -8], "size": [8, 0.5, 7], "uv": [1, 7]},
						{"origin": [7, 23, -7], "size": [5, 5, 9], "uv": [160, 185]},
						{"origin": [-14, 23, -7], "size": [5, 5, 9], "uv": [159, 185]},
						{"origin": [-11, 23, 2], "size": [2, 5, 6], "uv": [200, 162]},
						{"origin": [7, 23, 2], "size": [2, 5, 6], "uv": [200, 162]},
						{"origin": [-16, 26, -21], "size": [30, 2, 14], "uv": [133, 202]},
						{"origin": [-3, 14, -28], "size": [1, 10, 1], "pivot": [-3, 15, -27], "rotation": [15, 0, 0], "uv": [252, 131]},
						{"origin": [-4, 14, -29], "size": [3, 4, 3], "pivot": [-3, 15, -27], "rotation": [15, 0, 0], "uv": [119, 151]},
						{"origin": [-16, 22, -22], "size": [30, 6, 1], "uv": [78, 190]},
						{"origin": [14, 22, -22], "size": [2, 6, 1], "uv": [168, 169]},
						{"origin": [-18, 22, -22], "size": [2, 6, 1], "uv": [168, 169]}
					]
				},
				{
					"name": "axels",
					"parent": "base",
					"pivot": [0, 11, -60]
				},
				{
					"name": "axel1",
					"parent": "axels",
					"pivot": [0, 10, -57],
					"cubes": [
						{"origin": [-20, 9, -57.5], "size": [38, 2, 1], "uv": [21, 253]},
						{"origin": [-20, 9, -57.5], "size": [38, 2, 1], "pivot": [0, 10, -57], "rotation": [-135, 0, 0], "uv": [21, 253]},
						{"origin": [-20, 9, -57.5], "size": [38, 2, 1], "pivot": [0, 10, -57], "rotation": [180, 0, 0], "uv": [21, 253]},
						{"origin": [-20, 9, -57.5], "size": [38, 2, 1], "pivot": [0, 10, -57], "rotation": [135, 0, 0], "uv": [21, 253]},
						{"origin": [-20, 9, -57.5], "size": [38, 2, 1], "pivot": [0, 10, -57], "rotation": [-90, 0, 0], "uv": [21, 253]},
						{"origin": [-20, 9, -57.5], "size": [38, 2, 1], "pivot": [0, 10, -57], "rotation": [-90, 0, 0], "uv": [21, 253]}
					]
				},
				{
					"name": "axel2",
					"parent": "axels",
					"pivot": [0, 10, 0],
					"cubes": [
						{"origin": [-20, 9, -0.5], "size": [38, 2, 1], "uv": [21, 253]},
						{"origin": [-20, 9, -0.5], "size": [38, 2, 1], "pivot": [0, 10, 0], "rotation": [-135, 0, 0], "uv": [21, 253]},
						{"origin": [-20, 9, -0.5], "size": [38, 2, 1], "pivot": [0, 10, 0], "rotation": [180, 0, 0], "uv": [21, 253]},
						{"origin": [-20, 9, -0.5], "size": [38, 2, 1], "pivot": [0, 10, 0], "rotation": [135, 0, 0], "uv": [21, 253]},
						{"origin": [-20, 9, -0.5], "size": [38, 2, 1], "pivot": [0, 10, 0], "rotation": [-90, 0, 0], "uv": [21, 253]},
						{"origin": [-20, 9, -0.5], "size": [38, 2, 1], "pivot": [0, 10, 0], "rotation": [-90, 0, 0], "uv": [21, 253]}
					]
				},
				{
					"name": "axel3",
					"parent": "axels",
					"pivot": [0, 10, 0],
					"cubes": [
						{"origin": [-12, 9, -0.5], "size": [22, 2, 1], "inflate": 1, "uv": [21, 249]},
						{"origin": [-12, 9, -0.5], "size": [22, 2, 1], "inflate": 1, "pivot": [0, 10, 0], "rotation": [-135, 0, 0], "uv": [21, 249]},
						{"origin": [-12, 9, -0.5], "size": [22, 2, 1], "inflate": 1, "pivot": [0, 10, 0], "rotation": [180, 0, 0], "uv": [21, 249]},
						{"origin": [-12, 9, -0.5], "size": [22, 2, 1], "inflate": 1, "pivot": [0, 10, 0], "rotation": [135, 0, 0], "uv": [21, 249]},
						{"origin": [-12, 9, -0.5], "size": [22, 2, 1], "inflate": 1, "pivot": [0, 10, 0], "rotation": [-90, 0, 0], "uv": [21, 249]},
						{"origin": [-12, 9, -0.5], "size": [22, 2, 1], "inflate": 1, "pivot": [0, 10, 0], "rotation": [-90, 0, 0], "uv": [21, 249]}
					]
				},
				{
					"name": "axel4",
					"parent": "axels",
					"pivot": [0, 10, -57],
					"cubes": [
						{"origin": [-13, 9, -57.5], "size": [24, 2, 1], "inflate": 1, "uv": [21, 249]},
						{"origin": [-13, 9, -57.5], "size": [24, 2, 1], "inflate": 1, "pivot": [0, 10, -57], "rotation": [-135, 0, 0], "uv": [21, 249]},
						{"origin": [-13, 9, -57.5], "size": [24, 2, 1], "inflate": 1, "pivot": [0, 10, -57], "rotation": [180, 0, 0], "uv": [21, 249]},
						{"origin": [-13, 9, -57.5], "size": [24, 2, 1], "inflate": 1, "pivot": [0, 10, -57], "rotation": [135, 0, 0], "uv": [21, 249]},
						{"origin": [-13, 9, -57.5], "size": [24, 2, 1], "inflate": 1, "pivot": [0, 10, -57], "rotation": [-90, 0, 0], "uv": [21, 249]},
						{"origin": [-13, 9, -57.5], "size": [24, 2, 1], "inflate": 1, "pivot": [0, 10, -57], "rotation": [-90, 0, 0], "uv": [21, 249]}
					]
				},
				{
					"name": "bone",
					"parent": "base",
					"pivot": [-20.5, 22, 4.5],
					"cubes": [
						{"origin": [-21, 22, 2], "size": [1, 1, 5], "uv": [151, 206]},
						{"origin": [-21, 22, 2], "size": [1, 1, 5], "pivot": [-20.5, 22, 4.5], "rotation": [0, -20, 0], "uv": [148, 211]},
						{"origin": [-21, 22, 2], "size": [1, 1, 5], "pivot": [-20.5, 22, 4.5], "rotation": [0, -40, 0], "uv": [151, 209]},
						{"origin": [-21, 22, 2], "size": [1, 1, 5], "pivot": [-20.5, 22, 4.5], "rotation": [0, -60, 0], "uv": [152, 209]},
						{"origin": [-21, 22, 2], "size": [1, 1, 5], "pivot": [-20.5, 22, 4.5], "rotation": [0, -80, 0], "uv": [152, 210]},
						{"origin": [-21, 22, 2], "size": [1, 1, 5], "pivot": [-20.5, 22, 4.5], "rotation": [0, -100, 0], "uv": [149, 204]},
						{"origin": [-21, 22, 2], "size": [1, 1, 5], "pivot": [-20.5, 22, 4.5], "rotation": [0, -120, 0], "uv": [150, 206]},
						{"origin": [-21, 22, 2], "size": [1, 1, 5], "pivot": [-20.5, 22, 4.5], "rotation": [0, -140, 0], "uv": [149, 208]},
						{"origin": [-21, 22, 2], "size": [1, 1, 5], "pivot": [-20.5, 22, 4.5], "rotation": [0, -160, 0], "uv": [153, 209]}
					]
				},
				{
					"name": "bone3",
					"parent": "base",
					"pivot": [-20.5, 11, -20.5],
					"cubes": [
						{"origin": [-21, 11, -23], "size": [1, 1, 5], "uv": [32, 221], "mirror": true},
						{"origin": [-21, 11, -23], "size": [1, 1, 5], "pivot": [-20.5, 11, -20.5], "rotation": [0, -20, 0], "uv": [32, 221], "mirror": true},
						{"origin": [-21, 11, -23], "size": [1, 1, 5], "pivot": [-20.5, 11, -20.5], "rotation": [0, -40, 0], "uv": [32, 221], "mirror": true},
						{"origin": [-21, 11, -23], "size": [1, 1, 5], "pivot": [-20.5, 11, -20.5], "rotation": [0, -60, 0], "uv": [32, 221], "mirror": true},
						{"origin": [-21, 11, -23], "size": [1, 1, 5], "pivot": [-20.5, 11, -20.5], "rotation": [0, -80, 0], "uv": [32, 221], "mirror": true},
						{"origin": [-21, 11, -23], "size": [1, 1, 5], "pivot": [-20.5, 11, -20.5], "rotation": [0, -100, 0], "uv": [32, 221], "mirror": true},
						{"origin": [-21, 11, -23], "size": [1, 1, 5], "pivot": [-20.5, 11, -20.5], "rotation": [0, -140, 0], "uv": [32, 221], "mirror": true},
						{"origin": [-21, 11, -23], "size": [1, 1, 5], "pivot": [-20.5, 11, -20.5], "rotation": [0, -120, 0], "uv": [32, 221], "mirror": true},
						{"origin": [-21, 11, -23], "size": [1, 1, 5], "pivot": [-20.5, 11, -20.5], "rotation": [0, -160, 0], "uv": [32, 221], "mirror": true}
					]
				},
				{
					"name": "bone5",
					"parent": "base",
					"pivot": [17.5, 11, -20.5],
					"cubes": [
						{"origin": [18, 11, -23], "size": [1, 1, 5], "uv": [32, 221]},
						{"origin": [18, 11, -23], "size": [1, 1, 5], "pivot": [18.5, 11, -20.5], "rotation": [0, -20, 0], "uv": [32, 221]},
						{"origin": [18, 11, -23], "size": [1, 1, 5], "pivot": [18.5, 11, -20.5], "rotation": [0, -40, 0], "uv": [32, 221]},
						{"origin": [18, 11, -23], "size": [1, 1, 5], "pivot": [18.5, 11, -20.5], "rotation": [0, -60, 0], "uv": [32, 221]},
						{"origin": [18, 11, -23], "size": [1, 1, 5], "pivot": [18.5, 11, -20.5], "rotation": [0, -80, 0], "uv": [32, 221]},
						{"origin": [18, 11, -23], "size": [1, 1, 5], "pivot": [18.5, 11, -20.5], "rotation": [0, -100, 0], "uv": [32, 221]},
						{"origin": [18, 11, -23], "size": [1, 1, 5], "pivot": [18.5, 11, -20.5], "rotation": [0, -120, 0], "uv": [32, 221]},
						{"origin": [18, 11, -23], "size": [1, 1, 5], "pivot": [18.5, 11, -20.5], "rotation": [0, -140, 0], "uv": [32, 221]},
						{"origin": [18, 11, -23], "size": [1, 1, 5], "pivot": [18.5, 11, -20.5], "rotation": [0, -160, 0], "uv": [32, 221]}
					]
				},
				{
					"name": "bone2",
					"parent": "base",
					"pivot": [18.5, 22, 4.5],
					"cubes": [
						{"origin": [18, 22, 2], "size": [1, 1, 5], "uv": [163, 207]},
						{"origin": [18, 22, 2], "size": [1, 1, 5], "pivot": [18.5, 22, 4.5], "rotation": [0, -20, 0], "uv": [161, 204]},
						{"origin": [18, 22, 2], "size": [1, 1, 5], "pivot": [18.5, 22, 4.5], "rotation": [0, -40, 0], "uv": [154, 204]},
						{"origin": [18, 22, 2], "size": [1, 1, 5], "pivot": [18.5, 22, 4.5], "rotation": [0, -60, 0], "uv": [151, 206]},
						{"origin": [18, 22, 2], "size": [1, 1, 5], "pivot": [18.5, 22, 4.5], "rotation": [0, -80, 0], "uv": [157, 205]},
						{"origin": [18, 22, 2], "size": [1, 1, 5], "pivot": [18.5, 22, 4.5], "rotation": [0, -100, 0], "uv": [152, 205]},
						{"origin": [18, 22, 2], "size": [1, 1, 5], "pivot": [18.5, 22, 4.5], "rotation": [0, -120, 0], "uv": [163, 204]},
						{"origin": [18, 22, 2], "size": [1, 1, 5], "pivot": [18.5, 22, 4.5], "rotation": [0, -140, 0], "uv": [163, 206]},
						{"origin": [18, 22, 2], "size": [1, 1, 5], "pivot": [18.5, 22, 4.5], "rotation": [0, -160, 0], "uv": [157, 206]}
					]
				},
				{
					"name": "bt",
					"parent": "base",
					"pivot": [18, 23, -15],
					"rotation": [0, -12.7, 0],
					"cubes": [
						{"origin": [14, 26, -15], "size": [2, 2, 18], "uv": [187, 180]},
						{"origin": [14, 23, -15], "size": [2, 5, 18], "pivot": [15, 25.5, -9], "rotation": [0, 0, 45], "uv": [16, 196]},
						{"origin": [14, 23, -15], "size": [2, 5, 18], "pivot": [15, 25.5, -9], "rotation": [0, 0, 90], "uv": [0, 1]},
						{"origin": [16, 23, -15], "size": [3, 5, 5], "pivot": [15, 25.5, -9], "rotation": [0, 0, 90], "uv": [0, 13]},
						{"origin": [19, 23, -12], "size": [2, 5, 1], "pivot": [15, 25.5, -9], "rotation": [0, 0, 90], "uv": [0, 0]},
						{"origin": [19, 23, -15], "size": [3, 5, 3], "pivot": [15, 25.5, -9], "rotation": [0, 0, 90], "uv": [0, 0]},
						{"origin": [22, 23, -15], "size": [3, 5, 1], "pivot": [15, 25.5, -9], "rotation": [0, 0, 90], "uv": [0, 0]},
						{"origin": [22, 23, -14], "size": [1, 5, 1], "pivot": [15, 25.5, -9], "rotation": [0, 0, 90], "uv": [0, 0]},
						{"origin": [14, 27, -10], "size": [2, 1, 13], "pivot": [15, 25.5, -9], "rotation": [0, 0, 135], "uv": [4, 147]}
					]
				},
				{
					"name": "bt2",
					"parent": "base",
					"pivot": [-20, 23, -15],
					"rotation": [0, 12.7, 0],
					"cubes": [
						{"origin": [-18, 27, -15], "size": [2, 1, 18], "uv": [94, 126]},
						{"origin": [-18, 23, -10], "size": [2, 1, 13], "pivot": [-17, 25.5, -9], "rotation": [0, 0, 45], "uv": [19, 145]},
						{"origin": [-18, 23, -15], "size": [2, 5, 18], "pivot": [-17, 25.5, -9], "rotation": [0, 0, 90], "uv": [0, 1]},
						{"origin": [-16, 23, -15], "size": [3, 5, 5], "pivot": [-17, 25.5, -9], "rotation": [0, 0, 90], "uv": [0, 0]},
						{"origin": [-13, 23, -15], "size": [3, 5, 3], "pivot": [-17, 25.5, -9], "rotation": [0, 0, 90], "uv": [0, 0]},
						{"origin": [-13, 23, -12], "size": [2, 5, 1], "pivot": [-17, 25.5, -9], "rotation": [0, 0, 90], "uv": [0, 0]},
						{"origin": [-10, 23, -15], "size": [3, 5, 1], "pivot": [-17, 25.5, -9], "rotation": [0, 0, 90], "uv": [0, 0]},
						{"origin": [-10, 23, -14], "size": [1, 5, 1], "pivot": [-17, 25.5, -9], "rotation": [0, 0, 90], "uv": [0, 0]},
						{"origin": [-18, 23, -15], "size": [2, 5, 18], "pivot": [-17, 25.5, -9], "rotation": [0, 0, 135], "uv": [16, 196]}
					]
				},
				{
					"name": "body3",
					"parent": "base",
					"pivot": [16, 26, -16],
					"cubes": [
						{"origin": [14, 26, -21], "size": [2, 2, 6], "uv": [202, 153]},
						{"origin": [14, 26, -21], "size": [2, 2, 6], "pivot": [15, 25.5, -15], "rotation": [0, 0, 45], "uv": [11, 202]},
						{"origin": [14, 26, -22], "size": [2, 2, 1], "pivot": [15, 25.5, -16], "rotation": [0, 0, 45], "uv": [0, 0]},
						{"origin": [14, 23, -21], "size": [12, 5, 6], "pivot": [15, 25.5, -15], "rotation": [0, 0, 90], "uv": [138, 93]},
						{"origin": [26, 23, -21], "size": [3, 5, 4], "pivot": [15, 25.5, -15], "rotation": [0, 0, 90], "uv": [215, 180]},
						{"origin": [26, 23, -17], "size": [1, 5, 1], "pivot": [15, 25.5, -15], "rotation": [0, 0, 90], "uv": [0, 0]}
					]
				},
				{
					"name": "body2",
					"parent": "base",
					"pivot": [4, 26, -16],
					"cubes": [
						{"origin": [-18, 26, -21], "size": [2, 2, 6], "uv": [202, 153]},
						{"origin": [-18, 23, -21], "size": [12, 5, 6], "pivot": [-17, 25.5, -15], "rotation": [0, 0, 90], "uv": [138, 93]},
						{"origin": [-14, 28, -21], "size": [7, 27, 1], "pivot": [-17, 25.5, -21], "rotation": [0, 0, 90], "uv": [1, 82]},
						{"origin": [-9, 20, -21], "size": [3, 5, 4], "pivot": [-17, 22.5, -15], "rotation": [0, 0, 90], "uv": [215, 180]},
						{"origin": [-10, 21, -46], "size": [3, 36, 25], "pivot": [-17, 22.5, -19], "rotation": [0, 0, 90], "uv": [139, 27]},
						{"origin": [-10, 24, -71], "size": [4, 29, 25], "pivot": [-17, 22.5, -42], "rotation": [0, 0, 90], "uv": [198, 34]},
						{"origin": [-13, 45, -43], "size": [4, 10, 12], "pivot": [-17, 23.5, -19], "rotation": [0, 0, 90], "uv": [224, 197]},
						{"origin": [-34, 45, -43], "size": [4, 10, 12], "pivot": [-38, 23.5, -19], "rotation": [0, 0, 90], "uv": [224, 197]},
						{"origin": [4, 8, -67], "size": [4, 29, 12], "pivot": [0, 23.5, -46], "rotation": [0, 0, 90], "uv": [224, 132]},
						{"origin": [-13, 8, -67], "size": [13, 29, 4], "pivot": [-4, 19.5, -63], "rotation": [0, -15, 90], "uv": [222, 96]},
						{"origin": [6, 9, -43], "size": [9, 10, 3], "pivot": [15, 19.5, -40], "rotation": [0, -15, 90], "uv": [232, 179]},
						{"origin": [-15, 9, -43], "size": [9, 10, 3], "pivot": [-6, 19.5, -40], "rotation": [0, -15, 90], "uv": [232, 179]},
						{"origin": [-22, 54, -70], "size": [15, 1, 24], "pivot": [-18, 22.5, -44], "rotation": [0, 0, 90], "uv": [79, 220]},
						{"origin": [-20, 22, -66], "size": [15, 1, 24], "pivot": [-16, 22.5, -56], "rotation": [180, 0, 90], "uv": [79, 220]},
						{"origin": [-10, 60, -32], "size": [4, 1, 10], "pivot": [-17, 26.5, -19], "rotation": [0, 0, 90], "uv": [126, 153]},
						{"origin": [-9, 62, -23], "size": [1, 1, 1], "pivot": [-17, 28.5, -19], "rotation": [0, 0, 90], "uv": [0, 0]},
						{"origin": [-19, 17, -24], "size": [1, 1, 4], "pivot": [-18, 18.5, -24], "rotation": [0, -40, 90], "uv": [0, 0]},
						{"origin": [17.01256, 21, -25.46045], "size": [1, 1, 4], "pivot": [17, 21.5, -22], "rotation": [-20, -40, 95], "uv": [0, 0]},
						{"origin": [17.01256, 21, -25.46045], "size": [1, 1, 4], "pivot": [17, 21.5, -22], "rotation": [0, -40, 90], "uv": [0, 0]},
						{"origin": [-18.98744, 21, -25.46045], "size": [1, 1, 4], "pivot": [-19, 21.5, -22], "rotation": [20, -40, 85], "uv": [0, 0]},
						{"origin": [-10, 24, -32], "size": [4, 1, 10], "pivot": [-17, 26.5, -19], "rotation": [0, 0, 90], "uv": [126, 153]},
						{"origin": [-11, 24, -23], "size": [1, 1, 1], "pivot": [-17, 26.5, -19], "rotation": [0, 0, 90], "uv": [0, 0]},
						{"origin": [24, 24, -46], "size": [8, 2, 3], "pivot": [17, 26.5, -19], "rotation": [0, 0, 90], "uv": [0, 0]},
						{"origin": [-6, 21, -46], "size": [8, 2, 3], "pivot": [-13, 26.5, -19], "rotation": [0, 0, 90], "uv": [0, 0]},
						{"origin": [-11, 21, -46], "size": [8, 5, 14], "pivot": [-18, 26.5, -19], "rotation": [0, 0, 90], "uv": [176, 30], "mirror": true},
						{"origin": [12, 10, -46], "size": [8, 5, 14], "pivot": [16, 15.5, -39], "rotation": [180, 0, 90], "uv": [176, 30], "mirror": true},
						{"origin": [-24, 11, -46], "size": [6, 7, 4], "pivot": [-18, 16.5, -46], "rotation": [0, -45, 90], "uv": [0, 0]},
						{"origin": [13, 12, -46], "size": [6, 7, 4], "pivot": [19, 16.5, -46], "rotation": [0, -45, 90], "uv": [0, 0]},
						{"origin": [20, 16, -32], "size": [8, 1, 13], "pivot": [22, 17.5, -32], "rotation": [-20, 0, 90], "uv": [120, 172]},
						{"origin": [19, 16, -22], "size": [1, 1, 3], "pivot": [22, 17.5, -32], "rotation": [-20, 0, 90], "uv": [0, 0]},
						{"origin": [14, 17, -21], "size": [6, 1, 2], "pivot": [22, 18.5, -32], "rotation": [-20, 0, 90], "uv": [0, 0]},
						{"origin": [20, 15, -32], "size": [8, 1, 9], "pivot": [22, 17.5, -32], "rotation": [-20, 0, 90], "uv": [84, 156]},
						{"origin": [20, 14, -31], "size": [8, 1, 5], "pivot": [22, 17.5, -32], "rotation": [-20, 0, 90], "uv": [86, 149]},
						{"origin": [20, 13, -31], "size": [8, 1, 2], "pivot": [22, 17.5, -32], "rotation": [-20, 0, 90], "uv": [128, 167]},
						{"origin": [-26, 18, -32], "size": [8, 1, 13], "pivot": [-24, 17.5, -32], "rotation": [20, 0, 90], "uv": [120, 172]},
						{"origin": [-27, 18, -22], "size": [1, 1, 3], "pivot": [-24, 17.5, -32], "rotation": [20, 0, 90], "uv": [0, 0]},
						{"origin": [-32, 19, -21], "size": [6, 1, 2], "pivot": [-24, 18.5, -32], "rotation": [20, 0, 90], "uv": [0, 0]},
						{"origin": [-26, 19, -32], "size": [8, 1, 9], "pivot": [-24, 17.5, -32], "rotation": [20, 0, 90], "uv": [84, 156]},
						{"origin": [-26, 20, -31], "size": [8, 1, 5], "pivot": [-24, 17.5, -32], "rotation": [20, 0, 90], "uv": [86, 149]},
						{"origin": [-26, 21, -31], "size": [8, 1, 2], "pivot": [-24, 17.5, -32], "rotation": [20, 0, 90], "uv": [128, 167]},
						{"origin": [-23, 14, -46], "size": [7, 5, 3], "pivot": [-17, 20.5, -24], "rotation": [0, 0, 90], "uv": [152, 228]},
						{"origin": [13, 18, -46], "size": [7, 5, 3], "pivot": [19, 20.5, -24], "rotation": [0, 0, 90], "uv": [152, 228]},
						{"origin": [-23, 14, -71], "size": [4, 7, 25], "pivot": [-17, 20.5, -27], "rotation": [0, 0, 90], "uv": [9, 99]},
						{"origin": [-20, 19, -71], "size": [2, 1, 24], "pivot": [-17, 25.5, -27], "rotation": [0, 0, 90], "uv": [2, 51]},
						{"origin": [-19, 19, -71], "size": [2, 43, 1], "pivot": [-16, 25.5, -27], "rotation": [0, 0, 90], "uv": [113, 99]},
						{"origin": [24, 19, -71], "size": [3, 1, 24], "pivot": [27, 25.5, -27], "rotation": [0, 0, 90], "uv": [5, 50]},
						{"origin": [-23, 10, -67], "size": [1, 1, 21], "pivot": [-17, 16.5, -27], "rotation": [0, 0, 90], "uv": [0, 0]},
						{"origin": [21, 10, -67], "size": [1, 1, 21], "pivot": [27, 16.5, -27], "rotation": [0, 0, 90], "uv": [0, 0]},
						{"origin": [-18, 16, -57], "size": [2, 7, 8], "pivot": [-17, 22.5, -57], "rotation": [0, 10, 90], "uv": [0, 0]},
						{"origin": [19, 18, -57], "size": [2, 6, 8], "pivot": [20, 22.5, -57], "rotation": [0, 10, 90], "uv": [0, 0]},
						{"origin": [-18, 16, -65], "size": [2, 7, 8], "pivot": [-17, 22.5, -57], "rotation": [0, -10, 90], "uv": [0, 0]},
						{"origin": [17, 20, -65], "size": [2, 6, 8], "pivot": [18, 22.5, -57], "rotation": [0, -10, 90], "uv": [0, 0]},
						{"origin": [13, 16, -71], "size": [4, 7, 25], "pivot": [19, 20.5, -27], "rotation": [0, 0, 90], "uv": [9, 99]},
						{"origin": [-30, 16, -71], "size": [6, 10, 4], "pivot": [-24, 15.5, -67], "rotation": [0, 30, 90], "uv": [0, 0]},
						{"origin": [5, 16, -71], "size": [6, 10, 4], "pivot": [11, 15.5, -67], "rotation": [0, 30, 90], "uv": [0, 0]},
						{"origin": [-22, 11, -71], "size": [7, 7, 4], "pivot": [-17, 17.5, -28], "rotation": [0, 0, 90], "uv": [0, 0]},
						{"origin": [14, 10, -71], "size": [7, 10, 4], "pivot": [19, 17.5, -28], "rotation": [0, 0, 90], "uv": [0, 0]},
						{"origin": [1, -9, -71], "size": [11, 32, 1], "pivot": [10, 17.5, -28], "rotation": [0, 0, 90], "uv": [0, 42]},
						{"origin": [-1, -8, -75], "size": [9, 8, 4], "pivot": [10, 17.5, -29], "rotation": [0, 0, 90], "uv": [170, 152]},
						{"origin": [6, -9, -76], "size": [3, 10, 5], "pivot": [10, 17.5, -29], "rotation": [0, 0, 90], "uv": [202, 131]},
						{"origin": [2, 3, -75], "size": [7, 1, 4], "pivot": [10, 20.5, -29], "rotation": [0, 0, 90], "uv": [140, 220]},
						{"origin": [-2, -5, -75], "size": [1, 5, 4], "pivot": [10, 18.5, -29], "rotation": [0, 0, 90], "uv": [237, 37]},
						{"origin": [-3, -1, -75], "size": [2, 1, 4], "pivot": [10, 17.5, -29], "rotation": [0, 0, 90], "uv": [244, 33]},
						{"origin": [-15.5, 29, -75], "size": [1, 3, 4], "pivot": [-16, 29, -74], "rotation": [0, 0, 50], "uv": [246, 48]},
						{"origin": [0, 11, -73], "size": [5, 13, 2], "pivot": [8, 17.5, -30], "rotation": [0, 0, 90], "uv": [82, 224]},
						{"origin": [19, 17, -46], "size": [5, 5, 10], "pivot": [19, 19.5, -36], "rotation": [0, 45, 90], "uv": [84, 168]},
						{"origin": [-21, 17, -46], "size": [5, 5, 10], "pivot": [-21, 19.5, -36], "rotation": [0, 45, 90], "uv": [17, 176]},
						{"origin": [-17, 13, -46], "size": [5, 5, 10], "pivot": [-17, 19.5, -36], "rotation": [0, 45, 90], "uv": [0, 0]},
						{"origin": [-9, 20, -17], "size": [1, 5, 1], "pivot": [-17, 22.5, -14], "rotation": [0, 0, 90], "uv": [0, 0]},
						{"origin": [-18, 23, -21], "size": [2, 2, 6], "pivot": [-17, 25.5, -15], "rotation": [0, 0, 135], "uv": [12, 203]},
						{"origin": [-18, 23, -22], "size": [2, 2, 1], "pivot": [-17, 25.5, -16], "rotation": [0, 0, 135], "uv": [0, 0]},
						{"origin": [3, 26, -16], "size": [1, 1, 1], "uv": [0, 0]}
					]
				},
				{
					"name": "steering",
					"parent": "body2",
					"pivot": [-12, 15.5, -22],
					"rotation": [30, 0, 0],
					"cubes": [
						{"origin": [-24, 15, -22], "size": [13, 1, 2], "pivot": [-12, 15.5, -21], "rotation": [0, 0, 90], "uv": [104, 253]},
						{"origin": [-24, 15, -20], "size": [1, 1, 2], "pivot": [-12, 15.5, -21], "rotation": [0, 0, 90], "uv": [111, 249]},
						{"origin": [-24, 15, -22], "size": [13, 1, 2], "pivot": [-12, 15.5, -21], "rotation": [-60, 0, 90], "uv": [104, 253]},
						{"origin": [-24, 15, -24], "size": [1, 1, 2], "pivot": [-12, 15.5, -21], "rotation": [-60, 0, 90], "uv": [111, 249]},
						{"origin": [-24, 15, -22], "size": [13, 1, 2], "pivot": [-12, 15.5, -21], "rotation": [-115, 0, 90], "uv": [104, 253]},
						{"origin": [-24, 15, -20], "size": [1, 1, 2], "pivot": [-12, 15.5, -21], "rotation": [-115, 0, 90], "uv": [111, 249]}
					]
				},
				{
					"name": "wheel",
					"parent": "steering",
					"pivot": [-12, 15.5, -22],
					"cubes": [
						{"origin": [-24, 18, -22], "size": [1, 1, 2], "pivot": [-12, 15.5, -21], "rotation": [-120, 0, 90], "uv": [104, 249]},
						{"origin": [-24, 12, -22], "size": [1, 1, 2], "pivot": [-12, 15.5, -21], "rotation": [-120, 0, 90], "uv": [104, 249]},
						{"origin": [-24, 18, -22], "size": [1, 1, 2], "pivot": [-12, 15.5, -21], "rotation": [-150, 0, 90], "uv": [104, 249]},
						{"origin": [-24, 12, -22], "size": [1, 1, 2], "pivot": [-12, 15.5, -21], "rotation": [-150, 0, 90], "uv": [104, 249]},
						{"origin": [-24, 18, -22], "size": [1, 1, 2], "pivot": [-12, 15.5, -21], "rotation": [180, 0, 90], "uv": [104, 249]},
						{"origin": [-24, 12, -22], "size": [1, 1, 2], "pivot": [-12, 15.5, -21], "rotation": [180, 0, 90], "uv": [104, 249]},
						{"origin": [-24, 12, -22], "size": [1, 1, 2], "pivot": [-12, 15.5, -21], "rotation": [90, 0, 90], "uv": [104, 249]},
						{"origin": [-24, 18, -22], "size": [1, 1, 2], "pivot": [-12, 15.5, -21], "rotation": [90, 0, 90], "uv": [104, 249]},
						{"origin": [-24, 18, -22], "size": [1, 1, 2], "pivot": [-12, 15.5, -21], "rotation": [150, 0, 90], "uv": [104, 249]},
						{"origin": [-24, 12, -22], "size": [1, 1, 2], "pivot": [-12, 15.5, -21], "rotation": [150, 0, 90], "uv": [104, 249]},
						{"origin": [-24, 12, -22], "size": [1, 1, 2], "pivot": [-12, 15.5, -21], "rotation": [120, 0, 90], "uv": [104, 249]},
						{"origin": [-24, 18, -22], "size": [1, 1, 2], "pivot": [-12, 15.5, -21], "rotation": [120, 0, 90], "uv": [104, 249]}
					]
				},
				{
					"name": "handbrake",
					"parent": "base",
					"pivot": [0, 26, -9],
					"cubes": [
						{"origin": [-4, 25, -24], "size": [1, 1, 4], "uv": [246, 226]},
						{"origin": [-4, 23, -24], "size": [1, 2, 1], "uv": [246, 226]}
					]
				},
				{
					"name": "glass",
					"parent": "base",
					"pivot": [-18, 25, -17],
					"rotation": [15, 0, 0],
					"cubes": [
						{"origin": [-20, 28.67423, -20.12132], "size": [38, 3, 1], "uv": [178, 0]},
						{"origin": [-1, 31.67423, -20.12132], "size": [18, 13, 1], "uv": [0, 230]},
						{"origin": [-19, 31.67423, -20.12132], "size": [18, 13, 1], "uv": [0, 230], "mirror": true},
						{"origin": [16, 23.67423, -20.12132], "size": [2, 5, 1], "pivot": [0, 28.53622, -20.45602], "rotation": [40, 0, 0], "uv": [0, 124]},
						{"origin": [-20, 23.67423, -20.12132], "size": [2, 5, 1], "pivot": [0, 28.53622, -20.45602], "rotation": [40, 0, 0], "uv": [0, 124]},
						{"origin": [-20, 31.67423, -20.12132], "size": [1, 14, 1], "uv": [0, 0]},
						{"origin": [-19, 44.30062, -20.35882], "size": [36, 1.4, 1], "uv": [39, 64]},
						{"origin": [-20, 19.66679, -76.12116], "size": [38, 18, 1], "pivot": [0, 0, 0], "rotation": [-17.5, 0, 0], "uv": [48, 0]},
						{"origin": [-19, 17.62927, -75.01124], "size": [2, 20, 22], "pivot": [0, 0, 0], "rotation": [-17.5, 0, 0], "uv": [51, 2]},
						{"origin": [15, 17.62927, -75.01124], "size": [2, 20, 22], "pivot": [0, 0, 0], "rotation": [-17.5, 0, 0], "uv": [52, 3]},
						{"origin": [-19.5, 37.67233, -77.20856], "size": [37, 1, 45], "pivot": [0, 0, 0], "rotation": [-17.5, 0, 0], "uv": [2, 0]},
						{"origin": [3, 38.67138, -77.25218], "size": [11, 1, 45], "pivot": [0, 0, 0], "rotation": [-17.5, 0, 0], "uv": [60, 99]},
						{"origin": [-15, 38.67138, -77.25218], "size": [11, 1, 45], "pivot": [0, 0, 0], "rotation": [-17.5, 0, 0], "uv": [58, 99]},
						{"origin": [-15, 19.62317, -78.12021], "size": [11, 19, 1], "pivot": [0, 0, 0], "rotation": [-17.5, 0, 0], "uv": [3, 3]},
						{"origin": [3, 19.62317, -78.12021], "size": [11, 19, 1], "pivot": [0, 0, 0], "rotation": [-17.5, 0, 0], "uv": [4, 3]},
						{"origin": [17, 31.67423, -20.12132], "size": [1, 14, 1], "uv": [0, 0]}
					]
				},
				{
					"name": "lamps",
					"parent": "body",
					"pivot": [0, 26, -6]
				},
				{
					"name": "lamp1",
					"parent": "lamps",
					"pivot": [0, 26, -6],
					"cubes": [
						{"origin": [9, 23, 2], "size": [3, 1, 6], "uv": [7, 7]},
						{"origin": [9, 27, 2], "size": [3, 1, 6], "uv": [165, 191]},
						{"origin": [10, 23, 2], "size": [2, 1, 6], "pivot": [11, 25.5, 8], "rotation": [0, 0, 45], "uv": [9, 10]},
						{"origin": [10, 27, 2], "size": [2, 1, 6], "pivot": [11, 25.5, 8], "rotation": [0, 0, 45], "uv": [11, 202]},
						{"origin": [10, 27, 2], "size": [2, 1, 6], "pivot": [11, 25.5, 8], "rotation": [0, 0, 90], "uv": [4, 4]},
						{"origin": [6, 27, 2], "size": [2, 1, 6], "pivot": [7, 25.5, 8], "rotation": [0, 0, 90], "uv": [0, 0]},
						{"origin": [10, 23, 2], "size": [2, 1, 6], "pivot": [11, 25.5, 8], "rotation": [0, 0, 135], "uv": [7, 10]},
						{"origin": [10, 27, 2], "size": [2, 1, 6], "pivot": [11, 25.5, 8], "rotation": [0, 0, 135], "uv": [104, 118]}
					]
				},
				{
					"name": "lamp3",
					"parent": "lamps",
					"pivot": [0, 26, -6],
					"cubes": [
						{"origin": [9, 23, 2], "size": [4, 5, 6], "inflate": -1, "uv": [0, 245]},
						{"origin": [9, 23, 2], "size": [4, 5, 6], "inflate": -1, "pivot": [11, 25.5, 8], "rotation": [0, 0, 90], "uv": [0, 245]}
					]
				},
				{
					"name": "lamp4",
					"parent": "lamps",
					"pivot": [-12, 26, -6],
					"cubes": [
						{"origin": [-15, 23, 2], "size": [4, 5, 6], "inflate": -1, "uv": [0, 245]},
						{"origin": [-15, 23, 2], "size": [4, 5, 6], "inflate": -1, "pivot": [-13, 25.5, 8], "rotation": [0, 0, 90], "uv": [0, 245]}
					]
				},
				{
					"name": "lamp5",
					"parent": "lamps",
					"pivot": [-20, 18, -81],
					"cubes": [
						{"origin": [-23, 15, -73], "size": [4, 5, 6], "inflate": -1, "uv": [0, 245]},
						{"origin": [-23, 15, -73], "size": [4, 5, 6], "inflate": -1, "pivot": [-21, 17.5, -67], "rotation": [0, 0, 90], "uv": [0, 245]}
					]
				},
				{
					"name": "lamp6",
					"parent": "lamps",
					"pivot": [20, 18, -81],
					"cubes": [
						{"origin": [17, 15, -73], "size": [4, 5, 6], "inflate": -1, "uv": [0, 245]},
						{"origin": [17, 15, -73], "size": [4, 5, 6], "inflate": -1, "pivot": [19, 17.5, -67], "rotation": [0, 0, 90], "uv": [0, 245]}
					]
				},
				{
					"name": "lamp2",
					"parent": "lamps",
					"pivot": [-12, 26, -6],
					"cubes": [
						{"origin": [-14, 23, 2], "size": [3, 1, 6], "uv": [5, 7]},
						{"origin": [-14, 27, 2], "size": [3, 1, 6], "uv": [165, 190]},
						{"origin": [-14, 27, 2], "size": [2, 1, 6], "pivot": [-13, 25.5, 8], "rotation": [0, 0, 45], "uv": [4, 9]},
						{"origin": [-14, 23, 2], "size": [2, 1, 6], "pivot": [-13, 25.5, 8], "rotation": [0, 0, 45], "uv": [21, 179]},
						{"origin": [-14, 27, 2], "size": [2, 1, 6], "pivot": [-13, 25.5, 8], "rotation": [0, 0, 90], "uv": [6, 6]},
						{"origin": [-14, 23, 2], "size": [2, 1, 6], "pivot": [-13, 25.5, 8], "rotation": [0, 0, 90], "uv": [5, 4]},
						{"origin": [-14, 23, 2], "size": [2, 1, 6], "pivot": [-13, 25.5, 8], "rotation": [0, 0, 135], "uv": [11, 202]},
						{"origin": [-14, 27, 2], "size": [2, 1, 6], "pivot": [-13, 25.5, 8], "rotation": [0, 0, 135], "uv": [7, 4]}
					]
				}
			]
		}
	]
}