{
  "format_version": "1.12.0",
  "minecraft:geometry": [
    {
      "description": {
        "identifier": "geometry.lambo",
        "texture_width": 600,
        "texture_height": 600,
        "visible_bounds_width": 12,
        "visible_bounds_height": 5,
        "visible_bounds_offset": [
          0,
          0.5,
          0
        ]
      },
      "bones": [
        {
          "name": "bone18",
          "pivot": [
            0,
            0,
            0
          ]
        },
        {
          "name": "bone14",
          "parent": "bone18",
          "pivot": [
            0,
            0,
            0
          ],
          "cubes": [
            {
              "origin": [
                -28,
                23,
                -20
              ],
              "size": [
                50,
                2,
                7
              ],
              "uv": [
                0,
                0
              ]
            }
          ]
        },
        {
          "name": "bone9",
          "parent": "bone18",
          "pivot": [
            0,
            -6,
            1
          ],
          "rotation": [
            5,
            0,
            0
          ],
          "cubes": [
            {
              "origin": [
                -18,
                24.70954,
                -59.51058
              ],
              "size": [
                29,
                3,
                44
              ],
              "uv": [
                1,
                124
              ]
            },
            {
              "origin": [
                -28,
                19.71335,
                -20.59774
              ],
              "size": [
                50,
                7,
                5
              ],
              "uv": [
                0,
                0
              ]
            }
          ]
        },
        {
          "name": "bone10",
          "parent": "bone9",
          "pivot": [
            -6,
            -6,
            6
          ],
          "rotation": [
            0,
            -15,
            0
          ],
          "cubes": [
            {
              "origin": [
                -33.47219,
                23.71335,
                -53.35071
              ],
              "size": [
                16,
                3,
                40
              ],
              "uv": [
                308,
                0
              ]
            }
          ]
        },
        {
          "name": "bone13",
          "parent": "bone9",
          "pivot": [
            19,
            -6,
            0
          ],
          "rotation": [
            0,
            15,
            0
          ],
          "cubes": [
            {
              "origin": [
                10.47219,
                23.71335,
                -59.35071
              ],
              "size": [
                16,
                3,
                40
              ],
              "uv": [
                247,
                0
              ]
            }
          ]
        },
        {
          "name": "bone12",
          "parent": "bone18",
          "pivot": [
            -5,
            0,
            0
          ]
        },
        {
          "name": "bone5",
          "parent": "bone12",
          "pivot": [
            -23,
            -23,
            -20
          ],
          "rotation": [
            -80,
            35,
            5
          ],
          "cubes": [
            {
              "origin": [
                -12.97876,
                -50.21342,
                -68.04004
              ],
              "size": [
                15,
                4,
                3
              ],
              "uv": [
                0,
                0
              ]
            },
            {
              "origin": [
                -5.97876,
                -47.21342,
                -68.04004
              ],
              "size": [
                8,
                4,
                3
              ],
              "uv": [
                0,
                0
              ]
            },
            {
              "origin": [
                -7.97876,
                -47.21342,
                -68.04004
              ],
              "size": [
                3,
                3,
                3
              ],
              "uv": [
                0,
                0
              ]
            }
          ]
        },
        {
          "name": "bone",
          "parent": "bone12",
          "pivot": [
            -5,
            0,
            0
          ],
          "rotation": [
            0,
            35,
            0
          ],
          "cubes": [
            {
              "origin": [
                5.66379,
                13,
                -60.22354
              ],
              "size": [
                14,
                5,
                2
              ],
              "uv": [
                0,
                587
              ]
            },
            {
              "origin": [
                4.66379,
                6,
                -61.22354
              ],
              "size": [
                16,
                7,
                3
              ],
              "uv": [
                0,
                454
              ]
            },
            {
              "origin": [
                4.66379,
                3,
                -61.22354
              ],
              "size": [
                16,
                1,
                3
              ],
              "uv": [
                0,
                0
              ]
            },
            {
              "origin": [
                4.66379,
                4,
                -61.22354
              ],
              "size": [
                6,
                3,
                3
              ],
              "uv": [
                0,
                0
              ]
            },
            {
              "origin": [
                9.66379,
                4,
                -60.22354
              ],
              "size": [
                8,
                2,
                2
              ],
              "uv": [
                572,
                0
              ]
            },
            {
              "origin": [
                17.66379,
                4,
                -61.22354
              ],
              "size": [
                3,
                2,
                3
              ],
              "uv": [
                0,
                0
              ]
            },
            {
              "origin": [
                5.09021,
                8,
                -60.40439
              ],
              "size": [
                15,
                1,
                2
              ],
              "uv": [
                0,
                0
              ]
            },
            {
              "origin": [
                5.09021,
                9,
                -60.40439
              ],
              "size": [
                15,
                1,
                2
              ],
              "uv": [
                0,
                0
              ]
            }
          ]
        },
        {
          "name": "bone11",
          "parent": "bone12",
          "pivot": [
            1,
            0,
            0
          ]
        },
        {
          "name": "bone6",
          "parent": "bone11",
          "pivot": [
            12,
            -24,
            -8
          ],
          "rotation": [
            -85,
            -35,
            -5
          ],
          "cubes": [
            {
              "origin": [
                -16.77978,
                -67.5986,
                -55.61242
              ],
              "size": [
                15,
                9.5,
                3
              ],
              "uv": [
                0,
                0
              ]
            }
          ]
        },
        {
          "name": "bone3",
          "parent": "bone11",
          "pivot": [
            10,
            0,
            7
          ],
          "rotation": [
            0,
            -35,
            0
          ],
          "cubes": [
            {
              "origin": [
                -28.48294,
                13,
                -51.64997
              ],
              "size": [
                14,
                5,
                2
              ],
              "uv": [
                0,
                587
              ]
            },
            {
              "origin": [
                -29.66379,
                3,
                -53.22354
              ],
              "size": [
                17,
                1,
                3
              ],
              "uv": [
                0,
                0
              ]
            },
            {
              "origin": [
                -29.66379,
                6,
                -53.22354
              ],
              "size": [
                17,
                7,
                3
              ],
              "uv": [
                0,
                454
              ],
              "mirror": true
            },
            {
              "origin": [
                -19.66379,
                4,
                -53.22354
              ],
              "size": [
                7,
                4,
                3
              ],
              "uv": [
                0,
                0
              ]
            },
            {
              "origin": [
                -27.66379,
                4,
                -52.22354
              ],
              "size": [
                10,
                2,
                2
              ],
              "uv": [
                562,
                0
              ]
            },
            {
              "origin": [
                -29.66379,
                4,
                -53.22354
              ],
              "size": [
                3,
                4,
                3
              ],
              "uv": [
                0,
                0
              ]
            }
          ]
        },
        {
          "name": "bone7",
          "parent": "bone18",
          "pivot": [
            0,
            4,
            0
          ],
          "rotation": [
            5,
            0,
            0
          ],
          "cubes": [
            {
              "origin": [
                -32,
                21.39052,
                -52.81334
              ],
              "size": [
                57,
                4,
                30
              ],
              "uv": [
                0,
                0
              ]
            },
            {
              "origin": [
                -32,
                11.39813,
                -53.09774
              ],
              "size": [
                57,
                12,
                7
              ],
              "uv": [
                0,
                0
              ]
            },
            {
              "origin": [
                -33,
                11.39813,
                -55.09774
              ],
              "size": [
                59,
                6,
                9
              ],
              "uv": [
                0,
                0
              ]
            }
          ]
        },
        {
          "name": "bone4",
          "parent": "bone18",
          "pivot": [
            0,
            0,
            0
          ],
          "cubes": [
            {
              "origin": [
                -19,
                11,
                -65
              ],
              "size": [
                31.5,
                2,
                4
              ],
              "uv": [
                0,
                0
              ]
            },
            {
              "origin": [
                -19,
                7,
                -65
              ],
              "size": [
                2,
                5,
                4
              ],
              "uv": [
                0,
                0
              ]
            },
            {
              "origin": [
                10.5,
                7,
                -65
              ],
              "size": [
                2,
                5,
                4
              ],
              "uv": [
                0,
                0
              ]
            },
            {
              "origin": [
                -19,
                3,
                -65
              ],
              "size": [
                31.5,
                4,
                5
              ],
              "uv": [
                0,
                0
              ]
            },
            {
              "origin": [
                -32,
                6,
                -52
              ],
              "size": [
                57,
                14,
                10
              ],
              "uv": [
                0,
                0
              ]
            },
            {
              "origin": [
                -33,
                3,
                -56
              ],
              "size": [
                59,
                9,
                14
              ],
              "uv": [
                0,
                0
              ]
            },
            {
              "origin": [
                -33,
                3,
                -23
              ],
              "size": [
                59,
                6,
                10
              ],
              "uv": [
                0,
                0
              ]
            },
            {
              "origin": [
                23,
                3,
                -13
              ],
              "size": [
                1,
                21,
                55
              ],
              "uv": [
                0,
                0
              ]
            },
            {
              "origin": [
                -23,
                34,
                3
              ],
              "size": [
                38,
                3.5,
                3
              ],
              "uv": [
                0,
                0
              ]
            },
            {
              "origin": [
                -31,
                3,
                -13
              ],
              "size": [
                1,
                21,
                55
              ],
              "uv": [
                0,
                0
              ]
            },
            {
              "origin": [
                24,
                3,
                -13
              ],
              "size": [
                2,
                3,
                60
              ],
              "uv": [
                0,
                0
              ]
            },
            {
              "origin": [
                -33,
                3,
                -13
              ],
              "size": [
                2,
                3,
                60
              ],
              "uv": [
                0,
                0
              ]
            },
            {
              "origin": [
                -34,
                5,
                36
              ],
              "size": [
                3,
                19,
                11
              ],
              "uv": [
                0,
                0
              ]
            },
            {
              "origin": [
                23,
                5,
                36
              ],
              "size": [
                3,
                19,
                11
              ],
              "uv": [
                0,
                0
              ]
            },
            {
              "origin": [
                23,
                17,
                47
              ],
              "size": [
                3,
                7,
                21
              ],
              "uv": [
                0,
                0
              ]
            },
            {
              "origin": [
                -30,
                20,
                34
              ],
              "size": [
                53,
                7,
                46
              ],
              "uv": [
                0,
                129
              ]
            },
            {
              "origin": [
                -34,
                17,
                47
              ],
              "size": [
                3,
                7,
                21
              ],
              "uv": [
                0,
                0
              ]
            },
            {
              "origin": [
                -34,
                10,
                68
              ],
              "size": [
                60,
                14,
                13
              ],
              "uv": [
                0,
                516
              ]
            },
            {
              "origin": [
                -34,
                31,
                74
              ],
              "size": [
                60,
                1,
                7
              ],
              "uv": [
                0,
                0
              ]
            },
            {
              "origin": [
                -34,
                32,
                74
              ],
              "size": [
                60,
                1,
                9
              ],
              "uv": [
                0,
                0
              ]
            },
            {
              "origin": [
                -34,
                32,
                80
              ],
              "size": [
                60,
                1,
                1
              ],
              "uv": [
                22,
                427
              ]
            },
            {
              "origin": [
                -30,
                17,
                21
              ],
              "size": [
                53,
                15,
                3
              ],
              "uv": [
                3,
                127
              ]
            },
            {
              "origin": [
                18,
                23.5,
                24
              ],
              "size": [
                5,
                4,
                12
              ],
              "uv": [
                9,
                129
              ]
            },
            {
              "origin": [
                -31,
                23.5,
                24
              ],
              "size": [
                5,
                4,
                12
              ],
              "uv": [
                6,
                129
              ],
              "mirror": true
            },
            {
              "origin": [
                -30,
                3,
                38
              ],
              "size": [
                53,
                15,
                5
              ],
              "uv": [
                477,
                541
              ]
            },
            {
              "origin": [
                24,
                12,
                -13
              ],
              "size": [
                1,
                3,
                55
              ],
              "uv": [
                0,
                0
              ]
            },
            {
              "origin": [
                -32,
                12,
                -13
              ],
              "size": [
                1,
                3,
                55
              ],
              "uv": [
                0,
                0
              ]
            },
            {
              "origin": [
                -33,
                12,
                -44.5
              ],
              "size": [
                59,
                1.35,
                2
              ],
              "uv": [
                0,
                0
              ]
            },
            {
              "origin": [
                -33,
                8,
                -22
              ],
              "size": [
                59,
                5.35,
                2
              ],
              "uv": [
                0,
                0
              ]
            },
            {
              "origin": [
                -33,
                8,
                -22
              ],
              "size": [
                59,
                5.35,
                2
              ],
              "uv": [
                0,
                0
              ]
            },
            {
              "origin": [
                -32,
                18.5,
                -25
              ],
              "size": [
                57,
                5,
                12
              ],
              "uv": [
                0,
                0
              ]
            },
            {
              "origin": [
                -35,
                23.5,
                -15
              ],
              "size": [
                7,
                2,
                2
              ],
              "uv": [
                0,
                0
              ]
            },
            {
              "origin": [
                21,
                23.5,
                -15
              ],
              "size": [
                7,
                2,
                2
              ],
              "uv": [
                0,
                0
              ]
            },
            {
              "origin": [
                -40,
                24.5,
                -16
              ],
              "size": [
                8,
                4,
                4
              ],
              "uv": [
                212,
                577
              ]
            },
            {
              "origin": [
                26,
                24.5,
                -16
              ],
              "size": [
                8,
                4,
                4
              ],
              "uv": [
                212,
                577
              ]
            },
            {
              "origin": [
                -32,
                7.5,
                -23
              ],
              "size": [
                57,
                12,
                10
              ],
              "uv": [
                0,
                0
              ]
            },
            {
              "origin": [
                -32,
                6,
                -56
              ],
              "size": [
                57,
                7,
                8
              ],
              "uv": [
                0,
                0
              ]
            },
            {
              "origin": [
                -19,
                7,
                -62
              ],
              "size": [
                30,
                12,
                2
              ],
              "uv": [
                0,
                387
              ]
            },
            {
              "origin": [
                -24,
                14,
                -54
              ],
              "size": [
                39,
                1,
                1
              ],
              "uv": [
                0,
                0
              ]
            }
          ]
        },
        {
          "name": "bone43",
          "parent": "bone4",
          "pivot": [
            0,
            0,
            0
          ],
          "rotation": [
            -5,
            0,
            0
          ],
          "cubes": [
            {
              "origin": [
                22,
                36.10924,
                68.0917
              ],
              "size": [
                2,
                9,
                6
              ],
              "pivot": [
                0,
                0,
                0
              ],
              "rotation": [
                -5,
                0,
                0
              ],
              "uv": [
                0,
                12
              ]
            }
          ]
        },
        {
          "name": "bone44",
          "parent": "bone4",
          "pivot": [
            -30,
            0,
            0
          ],
          "rotation": [
            -5,
            0,
            0
          ],
          "cubes": [
            {
              "origin": [
                -32,
                37.26769,
                67.90286
              ],
              "size": [
                2,
                8,
                6
              ],
              "pivot": [
                -30,
                0,
                0
              ],
              "rotation": [
                -5,
                0,
                0
              ],
              "uv": [
                0,
                12
              ]
            }
          ]
        },
        {
          "name": "bone41",
          "parent": "bone4",
          "pivot": [
            22,
            -16,
            4
          ],
          "rotation": [
            10,
            0,
            -35
          ]
        },
        {
          "name": "bone42",
          "parent": "bone4",
          "pivot": [
            -68,
            11,
            4
          ],
          "rotation": [
            10,
            0,
            35
          ]
        },
        {
          "name": "bone26",
          "parent": "bone4",
          "pivot": [
            0,
            0,
            16
          ],
          "rotation": [
            0,
            -30,
            0
          ]
        },
        {
          "name": "bone24",
          "parent": "bone4",
          "pivot": [
            -29,
            34,
            37
          ],
          "rotation": [
            -35,
            35,
            0
          ]
        },
        {
          "name": "bone25",
          "parent": "bone4",
          "pivot": [
            -2,
            32,
            24
          ],
          "rotation": [
            -35,
            -35,
            0
          ]
        },
        {
          "name": "bone22",
          "parent": "bone4",
          "pivot": [
            0,
            -21,
            58
          ],
          "rotation": [
            70,
            0,
            0
          ],
          "cubes": [
            {
              "origin": [
                24,
                6.76863,
                74.34525
              ],
              "size": [
                2,
                7,
                18
              ],
              "uv": [
                0,
                0
              ]
            },
            {
              "origin": [
                -34,
                6.76863,
                74.34525
              ],
              "size": [
                2,
                7,
                18
              ],
              "uv": [
                0,
                0
              ]
            }
          ]
        },
        {
          "name": "bone8",
          "parent": "bone4",
          "pivot": [
            0,
            -10,
            0
          ],
          "rotation": [
            5,
            0,
            0
          ],
          "cubes": [
            {
              "origin": [
                -35,
                -3.8662,
                69.22415
              ],
              "size": [
                61.5,
                8,
                17
              ],
              "uv": [
                45,
                562
              ]
            }
          ]
        },
        {
          "name": "bone15",
          "parent": "bone4",
          "pivot": [
            0,
            2,
            -5
          ],
          "rotation": [
            -40,
            0,
            0
          ],
          "cubes": [
            {
              "origin": [
                25,
                -11.87742,
                -43.72595
              ],
              "size": [
                1,
                4,
                2
              ],
              "uv": [
                0,
                0
              ]
            },
            {
              "origin": [
                -33,
                -11.87742,
                -43.72595
              ],
              "size": [
                1,
                4,
                2
              ],
              "uv": [
                0,
                0
              ]
            }
          ]
        },
        {
          "name": "bone20",
          "parent": "bone4",
          "pivot": [
            0,
            14,
            29
          ],
          "rotation": [
            40,
            0,
            0
          ],
          "cubes": [
            {
              "origin": [
                25,
                47.78314,
                -9.72595
              ],
              "size": [
                1,
                4,
                2
              ],
              "uv": [
                0,
                0
              ]
            },
            {
              "origin": [
                -33,
                47.68886,
                -9.72595
              ],
              "size": [
                1,
                4,
                2
              ],
              "uv": [
                0,
                0
              ]
            }
          ]
        },
        {
          "name": "bone17",
          "parent": "bone4",
          "pivot": [
            0,
            5,
            4
          ],
          "cubes": [
            {
              "origin": [
                25,
                17.4,
                -41
              ],
              "size": [
                1,
                2,
                17.5
              ],
              "uv": [
                0,
                0
              ]
            },
            {
              "origin": [
                -33,
                17.4,
                -41
              ],
              "size": [
                1,
                2,
                17.5
              ],
              "uv": [
                0,
                0
              ]
            }
          ]
        },
        {
          "name": "bone16",
          "parent": "bone4",
          "pivot": [
            0,
            0,
            -2
          ],
          "rotation": [
            -15,
            0,
            0
          ],
          "cubes": [
            {
              "origin": [
                25,
                1.12894,
                -46.47454
              ],
              "size": [
                1,
                4,
                2
              ],
              "uv": [
                0,
                0
              ]
            },
            {
              "origin": [
                -33,
                1.12894,
                -46.47454
              ],
              "size": [
                1,
                4,
                2
              ],
              "uv": [
                0,
                0
              ]
            }
          ]
        },
        {
          "name": "bone21",
          "parent": "bone4",
          "pivot": [
            0,
            4,
            26
          ],
          "rotation": [
            15,
            0,
            0
          ],
          "cubes": [
            {
              "origin": [
                25,
                24.28154,
                -18.13926
              ],
              "size": [
                1,
                4,
                2
              ],
              "uv": [
                0,
                0
              ]
            },
            {
              "origin": [
                -33,
                24.28154,
                -18.13926
              ],
              "size": [
                1,
                4,
                2
              ],
              "uv": [
                0,
                0
              ]
            }
          ]
        },
        {
          "name": "bone2",
          "parent": "bone18",
          "pivot": [
            0,
            -5,
            -4
          ],
          "rotation": [
            -15,
            0,
            0
          ],
          "cubes": [
            {
              "origin": [
                -19,
                -3.84196,
                -67.35375
              ],
              "size": [
                2,
                8,
                3
              ],
              "uv": [
                0,
                0
              ]
            },
            {
              "origin": [
                -18,
                1.15804,
                -67.35375
              ],
              "size": [
                28.5,
                4,
                6
              ],
              "uv": [
                0,
                0
              ]
            },
            {
              "origin": [
                10.5,
                -3.84196,
                -67.35375
              ],
              "size": [
                2,
                8,
                3
              ],
              "uv": [
                0,
                0
              ]
            }
          ]
        },
        {
          "name": "bone19",
          "parent": "bone18",
          "pivot": [
            0,
            1,
            0
          ],
          "rotation": [
            30,
            20,
            0
          ],
          "cubes": [
            {
              "origin": [
                -22.5724,
                31.25808,
                -11.04194
              ],
              "size": [
                2,
                3,
                25
              ],
              "uv": [
                0,
                0
              ]
            }
          ]
        },
        {
          "name": "bone23",
          "parent": "bone18",
          "pivot": [
            60,
            1,
            25
          ],
          "rotation": [
            30,
            -20,
            0
          ],
          "cubes": [
            {
              "origin": [
                9.29902,
                31.42909,
                13.66186
              ],
              "size": [
                2,
                3,
                27
              ],
              "uv": [
                0,
                0
              ]
            }
          ]
        },
        {
          "name": "llanta2",
          "pivot": [
            -48,
            12,
            0
          ],
          "cubes": [
            {
              "origin": [
                -31,
                3,
                -42.3
              ],
              "size": [
                8,
                11,
                3
              ],
              "uv": [
                570,
                0
              ]
            },
            {
              "origin": [
                -31,
                3.5,
                -25.5
              ],
              "size": [
                8,
                10,
                3
              ],
              "uv": [
                570,
                0
              ]
            },
            {
              "origin": [
                -31,
                14,
                -38
              ],
              "size": [
                8,
                3,
                11
              ],
              "uv": [
                570,
                0
              ]
            },
            {
              "origin": [
                -31,
                -2.47518,
                -24.80606
              ],
              "size": [
                8,
                3,
                5
              ],
              "pivot": [
                -48,
                12,
                0
              ],
              "rotation": [
                -35,
                0,
                0
              ],
              "uv": [
                570,
                0
              ]
            },
            {
              "origin": [
                -31,
                -19.7615,
                -29.30863
              ],
              "size": [
                8,
                3,
                5
              ],
              "pivot": [
                -48,
                12,
                0
              ],
              "rotation": [
                -35,
                0,
                0
              ],
              "uv": [
                570,
                0
              ]
            },
            {
              "origin": [
                -31,
                35.02233,
                -33.34327
              ],
              "size": [
                8,
                3,
                5
              ],
              "pivot": [
                -48,
                12,
                0
              ],
              "rotation": [
                35,
                0,
                0
              ],
              "uv": [
                570,
                0
              ]
            },
            {
              "origin": [
                -31,
                17.73601,
                -29.57722
              ],
              "size": [
                8,
                3,
                6
              ],
              "pivot": [
                -48,
                12,
                0
              ],
              "rotation": [
                35,
                0,
                0
              ],
              "uv": [
                570,
                0
              ]
            },
            {
              "origin": [
                -30.5,
                6,
                -35
              ],
              "size": [
                2,
                5,
                5
              ],
              "uv": [
                560,
                108
              ]
            },
            {
              "origin": [
                -30,
                11,
                -33
              ],
              "size": [
                2,
                3,
                1
              ],
              "uv": [
                255,
                6
              ]
            },
            {
              "origin": [
                -30,
                8,
                -30
              ],
              "size": [
                2,
                1,
                5
              ],
              "uv": [
                262,
                12
              ]
            },
            {
              "origin": [
                -30,
                8,
                -40
              ],
              "size": [
                2,
                1,
                5
              ],
              "uv": [
                256,
                7
              ]
            },
            {
              "origin": [
                -30,
                3,
                -33
              ],
              "size": [
                1,
                3,
                1
              ],
              "uv": [
                261,
                6
              ]
            },
            {
              "origin": [
                -28,
                4,
                -37
              ],
              "size": [
                2,
                9,
                9
              ],
              "uv": [
                400,
                106
              ]
            },
            {
              "origin": [
                -31,
                0,
                -38
              ],
              "size": [
                8,
                3,
                11
              ],
              "uv": [
                570,
                0
              ]
            }
          ]
        },
        {
          "name": "bone33",
          "parent": "llanta2",
          "pivot": [
            -48,
            -22,
            -18
          ],
          "rotation": [
            -50,
            0,
            0
          ],
          "cubes": [
            {
              "origin": [
                -30,
                -14,
                -58
              ],
              "size": [
                2,
                1,
                5
              ],
              "uv": [
                255,
                9
              ]
            },
            {
              "origin": [
                -30,
                -13.1372,
                -49.13818
              ],
              "size": [
                2,
                1,
                6
              ],
              "uv": [
                253,
                6
              ]
            }
          ]
        },
        {
          "name": "bone34",
          "parent": "llanta2",
          "pivot": [
            -48,
            36,
            1
          ],
          "rotation": [
            50,
            0,
            0
          ],
          "cubes": [
            {
              "origin": [
                -30,
                43.35721,
                -39.76604
              ],
              "size": [
                2,
                1,
                6
              ],
              "uv": [
                253,
                6
              ]
            },
            {
              "origin": [
                -30,
                44.22001,
                -49.62787
              ],
              "size": [
                2,
                1,
                6
              ],
              "uv": [
                256,
                7
              ]
            }
          ]
        },
        {
          "name": "interior",
          "pivot": [
            0,
            0,
            0
          ],
          "cubes": [
            {
              "origin": [
                -30,
                3,
                -13
              ],
              "size": [
                53,
                21,
                1
              ],
              "uv": [
                477,
                541
              ]
            },
            {
              "origin": [
                -13,
                3,
                -12
              ],
              "size": [
                18,
                10,
                7
              ],
              "uv": [
                0,
                329
              ]
            },
            {
              "origin": [
                -29,
                13,
                -12
              ],
              "size": [
                51,
                11,
                7
              ],
              "uv": [
                0,
                329
              ]
            },
            {
              "origin": [
                11,
                15,
                -10
              ],
              "size": [
                3,
                2,
                9
              ],
              "uv": [
                0,
                329
              ]
            },
            {
              "origin": [
                9,
                15,
                -1
              ],
              "size": [
                7,
                3,
                1
              ],
              "uv": [
                0,
                293
              ]
            },
            {
              "origin": [
                16,
                16,
                -1
              ],
              "size": [
                1,
                2,
                1
              ],
              "uv": [
                0,
                316
              ]
            },
            {
              "origin": [
                8,
                16,
                -1
              ],
              "size": [
                1,
                2,
                1
              ],
              "uv": [
                0,
                316
              ]
            },
            {
              "origin": [
                17,
                14.5,
                -1
              ],
              "size": [
                1,
                4.5,
                1
              ],
              "uv": [
                0,
                316
              ]
            },
            {
              "origin": [
                7,
                14.5,
                -1
              ],
              "size": [
                1,
                4.5,
                1
              ],
              "uv": [
                0,
                316
              ]
            },
            {
              "origin": [
                10,
                20,
                -1
              ],
              "size": [
                5,
                1,
                1
              ],
              "uv": [
                0,
                316
              ]
            },
            {
              "origin": [
                10,
                12,
                -1
              ],
              "size": [
                5,
                1,
                1
              ],
              "uv": [
                0,
                316
              ]
            },
            {
              "origin": [
                11,
                13,
                -1
              ],
              "size": [
                3,
                2,
                1
              ],
              "uv": [
                0,
                316
              ]
            },
            {
              "origin": [
                -30,
                3,
                -13
              ],
              "size": [
                1,
                21,
                57
              ],
              "uv": [
                477,
                541
              ]
            },
            {
              "origin": [
                22,
                3,
                -13
              ],
              "size": [
                1,
                21,
                60
              ],
              "uv": [
                477,
                541
              ]
            },
            {
              "origin": [
                -31,
                2,
                -15
              ],
              "size": [
                54,
                2,
                55
              ],
              "uv": [
                0,
                34
              ]
            }
          ]
        },
        {
          "name": "bone27",
          "parent": "interior",
          "pivot": [
            -12,
            15,
            0
          ],
          "rotation": [
            0,
            0,
            35
          ],
          "cubes": [
            {
              "origin": [
                6.5515,
                34.4,
                -1
              ],
              "size": [
                4,
                1,
                1
              ],
              "uv": [
                0,
                316
              ]
            },
            {
              "origin": [
                4.2589,
                25.47005,
                -1
              ],
              "size": [
                4,
                1,
                1
              ],
              "uv": [
                0,
                316
              ]
            }
          ]
        },
        {
          "name": "bone28",
          "parent": "interior",
          "pivot": [
            4,
            -8,
            0
          ],
          "rotation": [
            0,
            0,
            -35
          ],
          "cubes": [
            {
              "origin": [
                22.0515,
                11.4,
                -1
              ],
              "size": [
                3.5,
                1,
                1
              ],
              "uv": [
                0,
                316
              ]
            },
            {
              "origin": [
                24.2,
                2.3,
                -1
              ],
              "size": [
                4,
                1,
                1
              ],
              "uv": [
                0,
                316
              ]
            }
          ]
        },
        {
          "name": "bone29",
          "parent": "interior",
          "pivot": [
            0,
            0,
            -3
          ],
          "cubes": [
            {
              "origin": [
                3,
                4,
                -5
              ],
              "size": [
                14,
                4,
                17
              ],
              "uv": [
                77,
                375
              ]
            },
            {
              "origin": [
                -31,
                36,
                23
              ],
              "size": [
                54,
                4,
                22
              ],
              "pivot": [
                0,
                32,
                -4
              ],
              "rotation": [
                -17.5,
                0,
                0
              ],
              "uv": [
                0,
                124
              ]
            },
            {
              "origin": [
                3,
                14,
                18
              ],
              "size": [
                14,
                19,
                3
              ],
              "uv": [
                150,
                366
              ]
            }
          ]
        },
        {
          "name": "bone31",
          "parent": "interior",
          "pivot": [
            -28,
            0,
            -3
          ],
          "cubes": [
            {
              "origin": [
                -25,
                4,
                -5
              ],
              "size": [
                14,
                4,
                17
              ],
              "uv": [
                77,
                375
              ]
            },
            {
              "origin": [
                -25,
                14,
                18
              ],
              "size": [
                14,
                19,
                3
              ],
              "uv": [
                150,
                366
              ]
            }
          ]
        },
        {
          "name": "bone30",
          "parent": "interior",
          "pivot": [
            0,
            3,
            19
          ],
          "rotation": [
            45,
            0,
            0
          ],
          "cubes": [
            {
              "origin": [
                3,
                9.12132,
                12.87868
              ],
              "size": [
                14,
                4,
                15
              ],
              "uv": [
                214,
                352
              ]
            }
          ]
        },
        {
          "name": "bone32",
          "parent": "interior",
          "pivot": [
            -28,
            3,
            19
          ],
          "rotation": [
            45,
            0,
            0
          ],
          "cubes": [
            {
              "origin": [
                -25,
                9.12132,
                12.87868
              ],
              "size": [
                14,
                4,
                15
              ],
              "uv": [
                214,
                352
              ]
            }
          ]
        },
        {
          "name": "llanta",
          "pivot": [
            4,
            12,
            0
          ],
          "cubes": [
            {
              "origin": [
                17,
                3,
                -42.3
              ],
              "size": [
                8,
                11,
                3
              ],
              "uv": [
                570,
                0
              ]
            },
            {
              "origin": [
                17,
                3.5,
                -25.5
              ],
              "size": [
                8,
                10,
                3
              ],
              "uv": [
                570,
                0
              ]
            },
            {
              "origin": [
                17,
                14,
                -38
              ],
              "size": [
                8,
                3,
                11
              ],
              "uv": [
                570,
                0
              ]
            },
            {
              "origin": [
                17,
                -2.47518,
                -24.80606
              ],
              "size": [
                8,
                3,
                5
              ],
              "pivot": [
                4,
                12,
                0
              ],
              "rotation": [
                -35,
                0,
                0
              ],
              "uv": [
                570,
                0
              ]
            },
            {
              "origin": [
                17,
                -19.7615,
                -29.30863
              ],
              "size": [
                8,
                3,
                5
              ],
              "pivot": [
                4,
                12,
                0
              ],
              "rotation": [
                -35,
                0,
                0
              ],
              "uv": [
                570,
                0
              ]
            },
            {
              "origin": [
                17,
                35.02233,
                -33.34327
              ],
              "size": [
                8,
                3,
                5
              ],
              "pivot": [
                4,
                12,
                0
              ],
              "rotation": [
                35,
                0,
                0
              ],
              "uv": [
                570,
                0
              ]
            },
            {
              "origin": [
                17,
                17.73601,
                -29.57722
              ],
              "size": [
                8,
                3,
                6
              ],
              "pivot": [
                4,
                12,
                0
              ],
              "rotation": [
                35,
                0,
                0
              ],
              "uv": [
                570,
                0
              ]
            },
            {
              "origin": [
                22.5,
                6,
                -35
              ],
              "size": [
                2,
                5,
                5
              ],
              "uv": [
                560,
                108
              ],
              "mirror": true
            },
            {
              "origin": [
                22,
                11,
                -33
              ],
              "size": [
                2,
                3,
                1
              ],
              "uv": [
                259,
                9
              ]
            },
            {
              "origin": [
                22,
                8,
                -30
              ],
              "size": [
                2,
                1,
                5
              ],
              "uv": [
                261,
                12
              ]
            },
            {
              "origin": [
                22,
                8,
                -40
              ],
              "size": [
                2,
                1,
                5
              ],
              "uv": [
                256,
                4
              ]
            },
            {
              "origin": [
                22,
                3,
                -33
              ],
              "size": [
                1,
                3,
                1
              ],
              "uv": [
                256,
                7
              ]
            },
            {
              "origin": [
                20,
                4,
                -37
              ],
              "size": [
                2,
                9,
                9
              ],
              "uv": [
                400,
                106
              ],
              "mirror": true
            },
            {
              "origin": [
                17,
                0,
                -38
              ],
              "size": [
                8,
                3,
                11
              ],
              "uv": [
                570,
                0
              ]
            }
          ]
        },
        {
          "name": "bone35",
          "parent": "llanta",
          "pivot": [
            4,
            -22,
            -18
          ],
          "rotation": [
            -50,
            0,
            0
          ],
          "cubes": [
            {
              "origin": [
                22,
                -14,
                -58
              ],
              "size": [
                2,
                1,
                5
              ],
              "uv": [
                256,
                4
              ]
            },
            {
              "origin": [
                22,
                -13.1372,
                -49.13818
              ],
              "size": [
                2,
                1,
                6
              ],
              "uv": [
                258,
                9
              ]
            }
          ]
        },
        {
          "name": "bone36",
          "parent": "llanta",
          "pivot": [
            4,
            36,
            1
          ],
          "rotation": [
            50,
            0,
            0
          ],
          "cubes": [
            {
              "origin": [
                22,
                43.35721,
                -39.76604
              ],
              "size": [
                2,
                1,
                6
              ],
              "uv": [
                253,
                6
              ]
            },
            {
              "origin": [
                22,
                44.22001,
                -49.62787
              ],
              "size": [
                2,
                1,
                6
              ],
              "uv": [
                255,
                7
              ]
            }
          ]
        },
        {
          "name": "llanta3",
          "pivot": [
            4,
            12,
            90
          ],
          "cubes": [
            {
              "origin": [
                17,
                3,
                47.7
              ],
              "size": [
                8,
                11,
                3
              ],
              "uv": [
                570,
                0
              ]
            },
            {
              "origin": [
                17,
                3.5,
                64.5
              ],
              "size": [
                8,
                10,
                3
              ],
              "uv": [
                570,
                0
              ]
            },
            {
              "origin": [
                17,
                14,
                52
              ],
              "size": [
                8,
                3,
                11
              ],
              "uv": [
                570,
                0
              ]
            },
            {
              "origin": [
                17,
                -2.47518,
                65.19394
              ],
              "size": [
                8,
                3,
                5
              ],
              "pivot": [
                4,
                12,
                90
              ],
              "rotation": [
                -35,
                0,
                0
              ],
              "uv": [
                570,
                0
              ]
            },
            {
              "origin": [
                17,
                -19.7615,
                60.69137
              ],
              "size": [
                8,
                3,
                5
              ],
              "pivot": [
                4,
                12,
                90
              ],
              "rotation": [
                -35,
                0,
                0
              ],
              "uv": [
                570,
                0
              ]
            },
            {
              "origin": [
                17,
                35.02233,
                56.65673
              ],
              "size": [
                8,
                3,
                5
              ],
              "pivot": [
                4,
                12,
                90
              ],
              "rotation": [
                35,
                0,
                0
              ],
              "uv": [
                570,
                0
              ]
            },
            {
              "origin": [
                17,
                17.73601,
                60.42278
              ],
              "size": [
                8,
                3,
                6
              ],
              "pivot": [
                4,
                12,
                90
              ],
              "rotation": [
                35,
                0,
                0
              ],
              "uv": [
                570,
                0
              ]
            },
            {
              "origin": [
                22.5,
                6,
                55
              ],
              "size": [
                2,
                5,
                5
              ],
              "uv": [
                560,
                108
              ],
              "mirror": true
            },
            {
              "origin": [
                22,
                11,
                57
              ],
              "size": [
                2,
                3,
                1
              ],
              "uv": [
                258,
                9
              ]
            },
            {
              "origin": [
                22,
                8,
                60
              ],
              "size": [
                2,
                1,
                5
              ],
              "uv": [
                259,
                6
              ]
            },
            {
              "origin": [
                22,
                8,
                50
              ],
              "size": [
                2,
                1,
                5
              ],
              "uv": [
                262,
                12
              ]
            },
            {
              "origin": [
                22,
                3,
                57
              ],
              "size": [
                1,
                3,
                1
              ],
              "uv": [
                262,
                7
              ]
            },
            {
              "origin": [
                -28,
                7,
                56
              ],
              "size": [
                49,
                3,
                3
              ],
              "uv": [
                464,
                473
              ],
              "mirror": true
            },
            {
              "origin": [
                -28,
                7,
                -34
              ],
              "size": [
                49,
                3,
                3
              ],
              "uv": [
                464,
                473
              ],
              "mirror": true
            },
            {
              "origin": [
                20,
                4,
                53
              ],
              "size": [
                2,
                9,
                9
              ],
              "uv": [
                400,
                106
              ],
              "mirror": true
            },
            {
              "origin": [
                17,
                0,
                52
              ],
              "size": [
                8,
                3,
                11
              ],
              "uv": [
                570,
                0
              ]
            }
          ]
        },
        {
          "name": "bone37",
          "parent": "llanta3",
          "pivot": [
            4,
            -22,
            72
          ],
          "rotation": [
            -50,
            0,
            0
          ],
          "cubes": [
            {
              "origin": [
                22,
                -14,
                32
              ],
              "size": [
                2,
                1,
                5
              ],
              "uv": [
                261,
                10
              ]
            },
            {
              "origin": [
                22,
                -13.1372,
                40.86182
              ],
              "size": [
                2,
                1,
                6
              ],
              "uv": [
                258,
                4
              ]
            }
          ]
        },
        {
          "name": "bone38",
          "parent": "llanta3",
          "pivot": [
            4,
            36,
            91
          ],
          "rotation": [
            50,
            0,
            0
          ],
          "cubes": [
            {
              "origin": [
                22,
                43.35721,
                50.23396
              ],
              "size": [
                2,
                1,
                6
              ],
              "uv": [
                258,
                4
              ]
            },
            {
              "origin": [
                22,
                44.22001,
                40.37213
              ],
              "size": [
                2,
                1,
                6
              ],
              "uv": [
                264,
                1
              ]
            }
          ]
        },
        {
          "name": "llanta4",
          "pivot": [
            -48,
            12,
            90
          ],
          "cubes": [
            {
              "origin": [
                -31,
                3,
                47.7
              ],
              "size": [
                8,
                11,
                3
              ],
              "uv": [
                570,
                0
              ]
            },
            {
              "origin": [
                -31,
                3.5,
                64.5
              ],
              "size": [
                8,
                10,
                3
              ],
              "uv": [
                570,
                0
              ]
            },
            {
              "origin": [
                -31,
                14,
                52
              ],
              "size": [
                8,
                3,
                11
              ],
              "uv": [
                570,
                0
              ]
            },
            {
              "origin": [
                -31,
                -2.47518,
                65.19394
              ],
              "size": [
                8,
                3,
                5
              ],
              "pivot": [
                -48,
                12,
                90
              ],
              "rotation": [
                -35,
                0,
                0
              ],
              "uv": [
                570,
                0
              ]
            },
            {
              "origin": [
                -31,
                -19.7615,
                60.69137
              ],
              "size": [
                8,
                3,
                5
              ],
              "pivot": [
                -48,
                12,
                90
              ],
              "rotation": [
                -35,
                0,
                0
              ],
              "uv": [
                570,
                0
              ]
            },
            {
              "origin": [
                -31,
                35.02233,
                56.65673
              ],
              "size": [
                8,
                3,
                5
              ],
              "pivot": [
                -48,
                12,
                90
              ],
              "rotation": [
                35,
                0,
                0
              ],
              "uv": [
                570,
                0
              ]
            },
            {
              "origin": [
                -31,
                17.73601,
                60.42278
              ],
              "size": [
                8,
                3,
                6
              ],
              "pivot": [
                -48,
                12,
                90
              ],
              "rotation": [
                35,
                0,
                0
              ],
              "uv": [
                570,
                0
              ]
            },
            {
              "origin": [
                -30.5,
                6,
                55
              ],
              "size": [
                2,
                5,
                5
              ],
              "uv": [
                560,
                108
              ]
            },
            {
              "origin": [
                -30,
                11,
                57
              ],
              "size": [
                2,
                3,
                1
              ],
              "uv": [
                261,
                9
              ]
            },
            {
              "origin": [
                -30,
                8,
                60
              ],
              "size": [
                2,
                1,
                5
              ],
              "uv": [
                262,
                6
              ]
            },
            {
              "origin": [
                -30,
                8,
                50
              ],
              "size": [
                2,
                1,
                5
              ],
              "uv": [
                259,
                7
              ]
            },
            {
              "origin": [
                -30,
                3,
                57
              ],
              "size": [
                1,
                3,
                1
              ],
              "uv": [
                264,
                6
              ]
            },
            {
              "origin": [
                -28,
                4,
                53
              ],
              "size": [
                2,
                9,
                9
              ],
              "uv": [
                400,
                106
              ]
            },
            {
              "origin": [
                -31,
                0,
                52
              ],
              "size": [
                8,
                3,
                11
              ],
              "uv": [
                570,
                0
              ]
            }
          ]
        },
        {
          "name": "bone39",
          "parent": "llanta4",
          "pivot": [
            -48,
            -22,
            72
          ],
          "rotation": [
            -50,
            0,
            0
          ],
          "cubes": [
            {
              "origin": [
                -30,
                -14,
                32
              ],
              "size": [
                2,
                1,
                5
              ],
              "uv": [
                261,
                12
              ]
            },
            {
              "origin": [
                -30,
                -13.1372,
                40.86182
              ],
              "size": [
                2,
                1,
                6
              ],
              "uv": [
                258,
                6
              ]
            }
          ]
        },
        {
          "name": "bone40",
          "parent": "llanta4",
          "pivot": [
            -48,
            36,
            91
          ],
          "rotation": [
            50,
            0,
            0
          ],
          "cubes": [
            {
              "origin": [
                -30,
                43.35721,
                50.23396
              ],
              "size": [
                2,
                1,
                6
              ],
              "uv": [
                255,
                7
              ]
            },
            {
              "origin": [
                -30,
                44.22001,
                40.37213
              ],
              "size": [
                2,
                1,
                6
              ],
              "uv": [
                255,
                6
              ]
            }
          ]
        }
      ]
    }
  ]
}