{
	"format_version": "1.12.0",
	"minecraft:geometry": [
		{
			"description": {
				"identifier": "geometry.letda",
				"texture_width": 128,
				"texture_height": 128,
				"visible_bounds_width": 3,
				"visible_bounds_height": 3,
				"visible_bounds_offset": [0, 0, 0]
			},
			"bones": [
				{
					"name": "root",
					"pivot": [0, 0, 0]
				},
				{
					"name": "waist",
					"parent": "root",
					"pivot": [0, 12, 0]
				},
				{
					"name": "body",
					"parent": "waist",
					"pivot": [0, 24, 0],
					"cubes": [
						{"origin": [-4, 12, -2], "size": [8, 12, 4], "uv": [16, 16]},
						{"origin": [-8.5, 23, -2.5], "size": [0.5, 4.8, 0.5], "pivot": [-11, 3, -4], "rotation": [0, 0, 32.5], "uv": [4, 46]},
						{"origin": [8, 23, -2.5], "size": [0.5, 4.8, 0.5], "pivot": [11, 3, -4], "rotation": [0, 0, -32.5], "uv": [4, 46], "mirror": true},
						{"origin": [3.3, 22, -2.5], "size": [0.5, 2.2, 0.5], "pivot": [0, 1, -4], "rotation": [0, 0, 2.5], "uv": [4, 46]},
						{"origin": [-3.8, 22, -2.5], "size": [0.5, 2.2, 0.5], "pivot": [0, 1, -4], "rotation": [0, 0, -2.5], "uv": [4, 46], "mirror": true},
						{"origin": [-2.3, 17, -3], "size": [4.5, 1.8, 0.9], "uv": [6, 42]}
					]
				},
				{
					"name": "head",
					"parent": "body",
					"pivot": [0, 24, 0],
					"cubes": [
						{"origin": [-4, 29, -8], "size": [8, 1, 4], "uv": [28, 0]},
						{"origin": [-4.5, 24, -0.5], "size": [9, 3, 5], "uv": [66, 0]},
						{"origin": [-4.5, 23, -5.5], "size": [9, 4, 5], "uv": [47, 0]},
						{"origin": [-4.3, 22.3, 0], "size": [8.3, 2, 3], "pivot": [0, 0, 3], "rotation": [12.5, 0, 0], "uv": [49, 37]},
						{"origin": [-3.5, 20.2, 1], "size": [7, 2, 2], "pivot": [0, -2, 3], "rotation": [12.5, 0, 0], "uv": [73, 41]},
						{"origin": [-0.5, 30.3, -4.1], "size": [0.5, 1.8, 0.2], "uv": [10, 17], "mirror": true},
						{"origin": [-0.5, 31.6, -4.1], "size": [1.5, 0.5, 0.2], "uv": [9, 17], "mirror": true},
						{"origin": [-0.5, 30.8, -4.1], "size": [1.5, 0.5, 0.2], "uv": [9, 18], "mirror": true},
						{"origin": [-4.5, 29, -4], "size": [9, 3.5, 8.5], "uv": [65, 0]},
						{"origin": [-4, 24, -4], "size": [8, 8, 8], "uv": [0, 0]}
					]
				},
				{
					"name": "hat",
					"parent": "head",
					"pivot": [0, 24, 0]
				},
				{
					"name": "cape",
					"parent": "body",
					"pivot": [0, 24, 3]
				},
				{
					"name": "leftArm",
					"parent": "body",
					"pivot": [5, 22, 0],
					"cubes": [
						{"origin": [4, 13, -2], "size": [4, 11, 4], "uv": [32, 48]},
						{"origin": [7, 12, -2], "size": [1, 1, 1], "uv": [44, 62]},
						{"origin": [4, 12, -2], "size": [1, 1, 1], "uv": [44, 62]},
						{"origin": [3.9, 11.2, -2], "size": [1, 1, 1], "pivot": [4.5, 12.5, -1.5], "rotation": [0, 0, -15], "uv": [44, 62]},
						{"origin": [7, 12, -1], "size": [1, 1, 1], "uv": [44, 62]},
						{"origin": [7, 12, 0], "size": [1, 1, 1], "uv": [44, 62]},
						{"origin": [7, 12, 1], "size": [1, 1, 1], "uv": [44, 62]},
						{"origin": [7, 10.2, 1], "size": [1, 2, 1], "pivot": [7.5, 12, 1.5], "rotation": [0, 0, 10], "uv": [32, 61]},
						{"origin": [7, 10.2, -1], "size": [1, 2, 1], "pivot": [7.5, 12, -0.5], "rotation": [0, 0, 20], "uv": [32, 61]},
						{"origin": [7, 10.2, -2], "size": [1, 2, 1], "pivot": [7.5, 12, -1.5], "rotation": [0, 0, 25], "uv": [32, 61]},
						{"origin": [7, 10.2, 0], "size": [1, 2, 1], "pivot": [7.5, 12, 0.5], "rotation": [0, 0, 15], "uv": [32, 61]}
					]
				},
				{
					"name": "leftSleeve",
					"parent": "leftArm",
					"pivot": [5, 22, 0]
				},
				{
					"name": "leftItem",
					"parent": "leftArm",
					"pivot": [6, 15, 1]
				},
				{
					"name": "rightArm",
					"parent": "body",
					"pivot": [-5, 22, 0],
					"cubes": [
						{"origin": [-7.9, 10.2, -1], "size": [1, 2, 1], "pivot": [-7.5, 12, -0.5], "rotation": [0, 0, -20], "uv": [52, 29]},
						{"origin": [-7.9, 10.2, 0], "size": [1, 2, 1], "pivot": [-7.5, 12, 0.5], "rotation": [0, 0, -15], "uv": [52, 29]},
						{"origin": [-7.9, 10.2, 1], "size": [1, 2, 1], "pivot": [-7.5, 12, 1.5], "rotation": [0, 0, -10], "uv": [52, 29]},
						{"origin": [-7.9, 10.2, -2], "size": [1, 2, 1], "pivot": [-7.5, 12, -1.5], "rotation": [0, 0, -25], "uv": [52, 29]},
						{"origin": [-5, 12, -2], "size": [1, 1, 1], "uv": [52, 29]},
						{"origin": [-4.8, 11, -2], "size": [1, 1, 1], "pivot": [-3.5, 12.5, -1.5], "rotation": [0, 0, 15], "uv": [52, 29]},
						{"origin": [-8, 12, -2], "size": [1, 1, 1], "uv": [52, 29]},
						{"origin": [-8, 12, 0], "size": [1, 1, 1], "uv": [52, 29]},
						{"origin": [-8, 12, 1], "size": [1, 1, 1], "uv": [52, 29]},
						{"origin": [-8, 12, -1], "size": [1, 1, 1], "uv": [52, 29]},
						{"origin": [-8, 13, -2], "size": [4, 11, 4], "uv": [40, 16]}
					]
				},
				{
					"name": "rightSleeve",
					"parent": "rightArm",
					"pivot": [-5, 22, 0]
				},
				{
					"name": "rightItem",
					"parent": "rightArm",
					"pivot": [-6, 15, 1],
					"locators": {
						"lead_hold": [-6, 15, 1]
					}
				},
				{
					"name": "jacket",
					"parent": "body",
					"pivot": [0, 24, 0]
				},
				{
					"name": "leftLeg",
					"parent": "root",
					"pivot": [1.9, 12, 0],
					"cubes": [
						{"origin": [-0.1, 0, -2], "size": [4, 12, 4], "uv": [16, 48]}
					]
				},
				{
					"name": "leftPants",
					"parent": "leftLeg",
					"pivot": [1.9, 12, 0]
				},
				{
					"name": "rightLeg",
					"parent": "root",
					"pivot": [-1.9, 12, 0],
					"cubes": [
						{"origin": [-3.9, 0, -2], "size": [4, 12, 4], "uv": [0, 16]}
					]
				},
				{
					"name": "rightPants",
					"parent": "rightLeg",
					"pivot": [-1.9, 12, 0]
				}
			]
		}
	]
}