{
  "format_version": "1.13.0",
  "minecraft:entity": {
    "description": {
      "identifier": "mobs:kla",
      "is_spawnable": true,
      "is_summonable": true,
      "is_experimental": false
    },
    "component_groups": {
      "normal": {
        "minecraft:behavior.hurt_by_target": {
          "priority": 1,
          "entity_types": {
            "filters": {
              "test": "is_family",
              "subject": "other",
              "operator": "!\u003d",
              "value": "fake"
            }
          }
        }
      },
      "equipament": {
        "minecraft:equipment": {
          "table": "loot_tables/entities/player_ff.json",
          "slot_drop_chance": [
            {
              "slot": "slot.weapon.mainhand",
              "drop_chance": 1.0
            }
          ]
        }
      }
    },
    "components": {
      "minecraft:type_family": {
        "family": [
          "monster"
        ]
      },
      "minecraft:breathable": {
        "totalSupply": 15,
        "suffocateTime": 0
      },
      "minecraft:navigation.walk": {
        "can_path_over_water": true,
        "avoid_damage_blocks": true
      },
      "minecraft:movement.basic": {},
      "minecraft:jump.static": {},
      "minecraft:can_climb": {},
      "minecraft:health": {
        "value": 25,
        "max": 25
      },
      "minecraft:movement": {
        "value": 0.35
      },
      "minecraft:attack": {
        "damage": 1
      },
      "minecraft:healable": {
        "items": [
          {
            "item": "apple",
            "heal_amount": 3
          }
        ]
      },
      "minecraft:target_nearby_sensor": {
        "inside_range": 20.0,
        "on_inside_range": {
          "event": "equipar",
          "target": "self"
        }
      },
      "minecraft:damage_sensor": [
        {
          "on_damage": {
            "filters": {
              "any_of": [
                {
                  "test": "is_family",
                  "subject": "other",
                  "value": "player"
                },
                {
                  "test": "is_family",
                  "subject": "other",
                  "value": "monster"
                }
              ],
              "all_of": [
                {
                  "test": "has_damage",
                  "value": "fatal"
                }
              ]
            },
            "event": "become_skeleton"
          }
        }
      ],
      "minecraft:behavior.random_stroll": {
        "priority": 30,
        "speed_multiplier": 0.8
      },
      "minecraft:behavior.look_at_player": {
        "priority": 30,
        "look_distance": 30.0,
        "probability": 0.02
      },
      "minecraft:behavior.random_look_around": {
        "priority": 30
      },
      "minecraft:behavior.nearest_prioritized_attackable_target": {
        "priority": 10,
        "reselect_targets": true,
        "entity_types": [
          {
            "filters": {
              "test": "is_family",
              "subject": "other",
              "value": "player"
            },
            "max_dist": 16
          },
          {
            "filters": {
              "test": "is_family",
              "subject": "other",
              "value": "monster"
            },
            "max_dist": 16
          }
        ],
        "must_see": true
      },
      "minecraft:balloonable": {},
      "minecraft:physics": {},
      "minecraft:pushable": {
        "is_pushable": true,
        "is_pushable_by_piston": true
      },
      "minecraft:shooter": {
        "type": "snowball",
        "def": "minecraft:snowball"
      },
      "minecraft:behavior.ranged_attack": {
        "attack_interval_min": 1,
        "attack_interval_max": 2,
        "attack_radius": 30,
        "burst_shots": 1,
        "burst_interval": 0.5
      }
    },
    "events": {
      "minecraft:entity_spawned": {
        "add": {
          "component_groups": [
            "player_normal",
            "equipament"
          ]
        }
      },
      "equipar": {
        "remove": {
          "component_groups": [
            "equipament"
          ]
        },
        "add": {
          "component_groups": [
            "equipament"
          ]
        }
      }
    }
  }
}