{
  "format_version": "1.10.0",
  "minecraft:client_entity": {
    "description": {
      "identifier": "minecraft:player",
      "materials": {
        "default": "entity_alphatest",
        "cape": "entity_alphatest",
        "animated": "player_animated"
      },
      "textures": {
        "default": "textures/entity/steve",
        "cape": "textures/entity/cape_invisible",
        "ak_draco": "textures/freefire/gun/ak_draco",
        "scar_megalodon": "textures/freefire/gun/scar_megalodon",
        "mp40_cobra": "textures/freefire/gun/mp40_cobra"
      },
      "geometry": {
        "default": "geometry.humanoid.custom",
        "cape": "geometry.cape",
        "ak_draco": "geometry.ak_draco",
        "scar_megalodon": "geometry.scar_megalodon",
        "mp40_cobra": "geometry.mp40_cobra"
      },
      "scripts": {
        "scale": "0.9375",
        "initialize": [
          "variable.is_holding_right \u003d 0.0;",
          "variable.is_blinking \u003d 0.0;",
          "variable.last_blink_time \u003d 0.0;",
          "variable.hand_bob \u003d 0.0;"
        ],
        "pre_animation": [
          "variable.helmet_layer_visible \u003d 1.0;",
          "variable.leg_layer_visible \u003d 1.0;",
          "variable.boot_layer_visible \u003d 1.0;",
          "variable.chest_layer_visible \u003d 1.0;",
          "variable.attack_body_rot_y \u003d Math.sin(360*Math.sqrt(variable.attack_time)) * 5.0;",
          "variable.tcos0 \u003d (math.cos(query.modified_distance_moved * 38.17) * query.modified_move_speed / variable.gliding_speed_value) * 57.3;",
          "variable.first_person_rotation_factor \u003d math.sin((1 - variable.attack_time) * 180.0);",
          "variable.hand_bob \u003d query.life_time \u003c 0.01 ? 0.0 : variable.hand_bob + ((query.is_on_ground \u0026\u0026 query.is_alive ? math.clamp(math.sqrt(math.pow(query.position_delta(0), 2.0) + math.pow(query.position_delta(2), 2.0)), 0.0, 0.1) : 0.0) - variable.hand_bob) * 0.02;",
          "variable.map_angle \u003d math.clamp(1 - variable.player_x_rotation / 45.1, 0.0, 1.0);",
          "variable.item_use_normalized \u003d query.main_hand_item_use_duration / query.main_hand_item_max_duration;",
          "variable.guns \u003d query.get_equipped_item_name(\u0027main_hand\u0027) \u003d\u003d \u0027ak_draco\u0027 || query.get_equipped_item_name(\u0027main_hand\u0027) \u003d\u003d \u0027ak_draco_empty\u0027 || \nquery.get_equipped_item_name(\u0027main_hand\u0027) \u003d\u003d \u0027scar_megalodon\u0027 || query.get_equipped_item_name(\u0027main_hand\u0027) \u003d\u003d \u0027scar_megalodon_empty\u0027 || query.get_equipped_item_name(\u0027main_hand\u0027) \u003d\u003d \u0027mp40_cobra\u0027 || query.get_equipped_item_name(\u0027main_hand\u0027) \u003d\u003d \u0027mp40_cobra_empty\u0027;",
          "variable.guns_sprint \u003d query.get_equipped_item_name(\u0027main_hand\u0027) \u003d\u003d \u0027ak_draco\u0027 || query.get_equipped_item_name(\u0027main_hand\u0027) \u003d\u003d \u0027ak_draco_empty\u0027 || \nquery.get_equipped_item_name(\u0027main_hand\u0027) \u003d\u003d \u0027scar_megalodon\u0027 || query.get_equipped_item_name(\u0027main_hand\u0027) \u003d\u003d \u0027scar_megalodon_empty\u0027 || query.get_equipped_item_name(\u0027main_hand\u0027) \u003d\u003d \u0027mp40_cobra\u0027 || query.get_equipped_item_name(\u0027main_hand\u0027) \u003d\u003d \u0027mp40_cobra_empty\u0027;"
        ],
        "animate": [
          "root",
          {
            "aim": "variable.guns \u0026\u0026 query.is_sneaking \u0026\u0026 !query.is_swimming \u0026\u0026 !variable.is_first_person"
          },
          {
            "tangan": "variable.guns \u0026\u0026 !query.is_sprinting \u0026\u0026 !query.is_swimming \u0026\u0026 !variable.is_first_person"
          },
          {
            "tangan_lari": "variable.guns_sprint \u0026\u0026 query.is_sprinting \u0026\u0026 !query.is_swimming \u0026\u0026 !variable.is_first_person"
          },
          {
            "nembak": "variable.guns \u0026\u0026 !variable.is_first_person \u0026\u0026 query.is_using_item"
          },
          {
            "ak_draco": "query.get_equipped_item_name\u003d\u003d\u0027ak_draco\u0027 \u0026\u0026 variable.is_first_person"
          },
          {
            "ak_draco": "query.get_equipped_item_name\u003d\u003d\u0027ak_draco_empty\u0027 \u0026\u0026 variable.is_first_person"
          },
          {
            "ak_draco_lari": "query.get_equipped_item_name\u003d\u003d\u0027ak_draco\u0027 \u0026\u0026 variable.is_first_person \u0026\u0026 query.is_sprinting"
          },
          {
            "ak_draco_lari": "query.get_equipped_item_name\u003d\u003d\u0027ak_draco_empty\u0027 \u0026\u0026 variable.is_first_person \u0026\u0026 query.is_sprinting"
          },
          {
            "ak_draco_nembak": "query.get_equipped_item_name\u003d\u003d\u0027ak_draco\u0027 \u0026\u0026 variable.is_first_person \u0026\u0026 query.is_using_item"
          },
          {
            "ak_draco_nembak": "query.get_equipped_item_name\u003d\u003d\u0027ak_draco_empty\u0027 \u0026\u0026 variable.is_first_person \u0026\u0026 query.is_using_item"
          },
          {
            "ak_draco_aim": "query.get_equipped_item_name\u003d\u003d\u0027ak_draco\u0027 \u0026\u0026 variable.is_first_person \u0026\u0026 query.is_sneaking"
          },
          {
            "ak_draco_aim": "query.get_equipped_item_name\u003d\u003d\u0027ak_draco_empty\u0027 \u0026\u0026 variable.is_first_person \u0026\u0026 query.is_sneaking"
          },
          {
            "scar_megalodon": "query.get_equipped_item_name\u003d\u003d\u0027scar_megalodon\u0027 \u0026\u0026 variable.is_first_person"
          },
          {
            "scar_megalodon": "query.get_equipped_item_name\u003d\u003d\u0027scar_megalodon_empty\u0027 \u0026\u0026 variable.is_first_person"
          },
          {
            "scar_megalodon_lari": "query.get_equipped_item_name\u003d\u003d\u0027scar_megalodon\u0027 \u0026\u0026 variable.is_first_person \u0026\u0026 query.is_sprinting"
          },
          {
            "scar_megalodon_lari": "query.get_equipped_item_name\u003d\u003d\u0027scar_megalodon_empty\u0027 \u0026\u0026 variable.is_first_person \u0026\u0026 query.is_sprinting"
          },
          {
            "scar_megalodon_nembak": "query.get_equipped_item_name\u003d\u003d\u0027scar_megalodon\u0027 \u0026\u0026 variable.is_first_person \u0026\u0026 query.is_using_item"
          },
          {
            "scar_megalodon_nembak": "query.get_equipped_item_name\u003d\u003d\u0027scar_megalodon_empty\u0027 \u0026\u0026 variable.is_first_person \u0026\u0026 query.is_using_item"
          },
          {
            "scar_megalodon_aim": "query.get_equipped_item_name\u003d\u003d\u0027scar_megalodon\u0027 \u0026\u0026 variable.is_first_person \u0026\u0026 query.is_sneaking"
          },
          {
            "scar_megalodon_aim": "query.get_equipped_item_name\u003d\u003d\u0027scar_megalodon_empty\u0027 \u0026\u0026 variable.is_first_person \u0026\u0026 query.is_sneaking"
          },
          {
            "mp40_cobra": "query.get_equipped_item_name\u003d\u003d\u0027mp40_cobra\u0027 \u0026\u0026 variable.is_first_person"
          },
          {
            "mp40_cobra": "query.get_equipped_item_name\u003d\u003d\u0027mp40_cobra_empty\u0027 \u0026\u0026 variable.is_first_person"
          },
          {
            "mp40_cobra_lari": "query.get_equipped_item_name\u003d\u003d\u0027mp40_cobra\u0027 \u0026\u0026 variable.is_first_person \u0026\u0026 query.is_sprinting"
          },
          {
            "mp40_cobra_lari": "query.get_equipped_item_name\u003d\u003d\u0027mp40_cobra_empty\u0027 \u0026\u0026 variable.is_first_person \u0026\u0026 query.is_sprinting"
          },
          {
            "mp40_cobra_nembak": "query.get_equipped_item_name\u003d\u003d\u0027mp40_cobra\u0027 \u0026\u0026 variable.is_first_person \u0026\u0026 query.is_using_item"
          },
          {
            "mp40_cobra_nembak": "query.get_equipped_item_name\u003d\u003d\u0027mp40_cobra_empty\u0027 \u0026\u0026 variable.is_first_person \u0026\u0026 query.is_using_item"
          }
        ]
      },
      "animations": {
        "root": "controller.animation.player.root",
        "base_controller": "controller.animation.player.base",
        "hudplayer": "controller.animation.player.hudplayer",
        "humanoid_base_pose": "animation.humanoid.base_pose",
        "look_at_target": "controller.animation.humanoid.look_at_target",
        "look_at_target_ui": "animation.player.look_at_target.ui",
        "look_at_target_default": "animation.humanoid.look_at_target.default",
        "look_at_target_gliding": "animation.humanoid.look_at_target.gliding",
        "look_at_target_swimming": "animation.humanoid.look_at_target.swimming",
        "look_at_target_inverted": "animation.player.look_at_target.inverted",
        "cape": "animation.player.cape",
        "move.arms": "animation.player.move.arms",
        "move.legs": "animation.player.move.legs",
        "swimming": "animation.player.swim",
        "swimming.legs": "animation.player.swim.legs",
        "riding.arms": "animation.player.riding.arms",
        "riding.legs": "animation.player.riding.legs",
        "holding": "animation.player.holding",
        "brandish_spear": "animation.humanoid.brandish_spear",
        "charging": "animation.humanoid.charging",
        "attack.positions": "animation.player.attack.positions",
        "attack.rotations": "animation.player.attack.rotations",
        "sneaking": "animation.player.sneaking",
        "bob": "animation.player.bob",
        "damage_nearby_mobs": "animation.humanoid.damage_nearby_mobs",
        "bow_and_arrow": "animation.humanoid.bow_and_arrow",
        "use_item_progress": "animation.humanoid.use_item_progress",
        "skeleton_attack": "animation.skeleton.attack",
        "sleeping": "animation.player.sleeping",
        "first_person_base_pose": "animation.player.first_person.base_pose",
        "first_person_empty_hand": "animation.player.first_person.empty_hand",
        "first_person_swap_item": "animation.player.first_person.swap_item",
        "first_person_attack_controller": "controller.animation.player.first_person_attack",
        "first_person_attack_rotation": "animation.player.first_person.attack_rotation",
        "first_person_vr_attack_rotation": "animation.player.first_person.vr_attack_rotation",
        "first_person_walk": "animation.player.first_person.walk",
        "first_person_map_controller": "controller.animation.player.first_person_map",
        "first_person_map_hold": "animation.player.first_person.map_hold",
        "first_person_map_hold_attack": "animation.player.first_person.map_hold_attack",
        "first_person_map_hold_off_hand": "animation.player.first_person.map_hold_off_hand",
        "first_person_map_hold_main_hand": "animation.player.first_person.map_hold_main_hand",
        "first_person_crossbow_equipped": "animation.player.first_person.crossbow_equipped",
        "third_person_crossbow_equipped": "animation.player.crossbow_equipped",
        "third_person_bow_equipped": "animation.player.bow_equipped",
        "crossbow_hold": "animation.player.crossbow_hold",
        "crossbow_controller": "controller.animation.player.crossbow",
        "shield_block_main_hand": "animation.player.shield_block_main_hand",
        "shield_block_off_hand": "animation.player.shield_block_off_hand",
        "blink": "controller.animation.persona.blink",
        "aim": "animation.aim",
        "tangan": "animation.tangan",
        "tangan_lari": "animation.tangan_lari",
        "nembak": "animation.nembak",
        "ak_draco": "animation.senjata",
        "ak_draco_lari": "animation.senjata_lari",
        "ak_draco_aim": "animation.aim_senjata",
        "ak_draco_nembak": "animation.senjata_nembak",
        "scar_megalodon": "animation.senjata",
        "scar_megalodon_lari": "animation.senjata_lari",
        "scar_megalodon_aim": "animation.aim_senjata",
        "scar_megalodon_nembak": "animation.senjata_nembak",
        "mp40_cobra": "animation.senjata",
        "mp40_cobra_lari": "animation.senjata_lari",
        "mp40_cobra_nembak": "animation.senjata_nembak"
      },
      "render_controllers": [
        {
          "controller.render.player.first_person": "variable.is_first_person"
        },
        {
          "controller.render.player.third_person": "!variable.is_first_person \u0026\u0026 !variable.map_face_icon"
        },
        {
          "controller.render.player.map": "variable.map_face_icon"
        },
        {
          "controller.render.ak_draco": "query.get_equipped_item_name\u003d\u003d\u0027ak_draco\u0027"
        },
        {
          "controller.render.ak_draco": "query.get_equipped_item_name\u003d\u003d\u0027ak_draco_empty\u0027"
        },
        {
          "controller.render.scar_megalodon": "query.get_equipped_item_name\u003d\u003d\u0027scar_megalodon\u0027"
        },
        {
          "controller.render.scar_megalodon": "query.get_equipped_item_name\u003d\u003d\u0027scar_megalodon_empty\u0027"
        },
        {
          "controller.render.mp40_cobra": "query.get_equipped_item_name\u003d\u003d\u0027mp40_cobra\u0027"
        },
        {
          "controller.render.mp40_cobra": "query.get_equipped_item_name\u003d\u003d\u0027mp40_cobra_empty\u0027"
        }
      ],
      "enable_attachables": true
    }
  }
}controller.render.scar_megalodon": "query.get_equipped_item_name\u003d\u003d\u0027scar_megalodon_empty\u0027"
        },
        {
          "controller.render.mp40_cobra": "query.get_equipped_item_name\u003d\u003d\u0027mp40_cobra\u0027"
        },
        {
          "controller.render.mp40_cobra": "query.get_equipped_item_name\u003d\u003d\u0027mp40_cobra_empty\u0027"
        }
      ],
      "enable_attachables": true
    }
  }
}