{
  "format_version": "1.10.0",
  "animation_controllers": {
    "controller.animation.drop_ak_draco": {
      "states": {
        "default": {
          "transitions": [
            {
              "walking": "(0.0)"
            }
          ],
          "on_entry": [
            "/gamerule sendcommandfeedback false",
            "/give @p[r\u003d5] ta:ak_draco"
          ]
        },
        "walking": {
          "transitions": [
            {
              "default": "(0.0)"
            }
          ],
          "on_entry": [
            "/gamerule sendcommandfeedback false",
            "/give @p[r\u003d5] ta:ak_draco"
          ]
        }
      }
    },
    "controller.animation.drop_ak_draco_empty": {
      "states": {
        "default": {
          "transitions": [
            {
              "walking": "(0.0)"
            }
          ],
          "on_entry": [
            "/gamerule sendcommandfeedback false",
            "/give @p[r\u003d5] ta:ak_draco_empty"
          ]
        },
        "walking": {
          "transitions": [
            {
              "default": "(0.0)"
            }
          ],
          "on_entry": [
            "/gamerule sendcommandfeedback false",
            "/give @p[r\u003d5] ta:ak_draco_empty"
          ]
        }
      }
    },
    "controller.animation.drop_scar_megalodon": {
      "states": {
        "default": {
          "transitions": [
            {
              "walking": "(0.0)"
            }
          ],
          "on_entry": [
            "/gamerule sendcommandfeedback false",
            "/give @p[r\u003d5] ta:scar_megalodon"
          ]
        },
        "walking": {
          "transitions": [
            {
              "default": "(0.0)"
            }
          ],
          "on_entry": [
            "/gamerule sendcommandfeedback false",
            "/give @p[r\u003d5] ta:scar_megalodon"
          ]
        }
      }
    },
    "controller.animation.drop_scar_megalodon_empty": {
      "states": {
        "default": {
          "transitions": [
            {
              "walking": "(0.0)"
            }
          ],
          "on_entry": [
            "/gamerule sendcommandfeedback false",
            "/give @p[r\u003d5] ta:scar_megalodon_empty"
          ]
        },
        "walking": {
          "transitions": [
            {
              "default": "(0.0)"
            }
          ],
          "on_entry": [
            "/gamerule sendcommandfeedback false",
            "/give @p[r\u003d5] ta:scar_megalodon_empty"
          ]
        }
      }
    },
    "controller.animation.drop_mp40_cobra": {
      "states": {
        "default": {
          "transitions": [
            {
              "walking": "(0.0)"
            }
          ],
          "on_entry": [
            "/gamerule sendcommandfeedback false",
            "/give @p[r\u003d5] ta:mp40_cobra"
          ]
        },
        "walking": {
          "transitions": [
            {
              "default": "(0.0)"
            }
          ],
          "on_entry": [
            "/gamerule sendcommandfeedback false",
            "/give @p[r\u003d5] ta:mp40_cobra"
          ]
        }
      }
    },
    "controller.animation.drop_mp40_cobra_empty": {
      "states": {
        "default": {
          "transitions": [
            {
              "walking": "(0.0)"
            }
          ],
          "on_entry": [
            "/gamerule sendcommandfeedback false",
            "/give @p[r\u003d5] ta:mp40_cobra_empty"
          ]
        },
        "walking": {
          "transitions": [
            {
              "default": "(0.0)"
            }
          ],
          "on_entry": [
            "/gamerule sendcommandfeedback false",
            "/give @p[r\u003d5] ta:mp40_cobra_empty"
          ]
        }
      }
    }
  }
}