{
  "resource_pack_name": "Tirtaajalh",
  "texture_name": "atlas.items",
  "texture_data": {
    "ak_draco": {
      "textures": "textures/freefire/items/ak_draco"
    },
    "ak_draco_ammo": {
      "textures": "textures/freefire/ammo/ak_draco_ammo"
    },
    "scar_megalodon": {
      "textures": "textures/freefire/items/scar_megalodon"
    },
    "scar_megalodon_ammo": {
      "textures": "textures/freefire/ammo/scar_megalodon_ammo"
    },
    "mp40_cobra": {
      "textures": "textures/freefire/items/mp40_cobra"
    },
    "mp40_cobra_ammo": {
      "textures": "textures/freefire/ammo/mp40_cobra_ammo"
    }
  }
}