{
  "format_version": "1.8.0",
  "render_controllers": {
    "controller.render.freefire": {
      "geometry": "geometry.default",
      "materials": [
        {
          "*": "Material.default"
        }
      ],
      "textures": [
        "texture.default"
      ]
    },
    "controller.render.ak_draco": {
      "geometry": "geometry.ak_draco",
      "materials": [
        {
          "*": "Material.default"
        }
      ],
      "textures": [
        "texture.ak_draco"
      ]
    },
    "controller.render.scar_megalodon": {
      "geometry": "geometry.scar_megalodon",
      "materials": [
        {
          "*": "Material.default"
        }
      ],
      "textures": [
        "texture.scar_megalodon"
      ]
    },
    "controller.render.mp40_cobra": {
      "geometry": "geometry.mp40_cobra",
      "materials": [
        {
          "*": "Material.default"
        }
      ],
      "textures": [
        "texture.mp40_cobra"
      ]
    }
  }
}