{
  "format_version": "1.10.0",
  "minecraft:client_entity": {
    "description": {
      "identifier": "mobs:letda",
      "materials": {
        "default": "skeleton"
      },
      "textures": {
        "default": "textures/ff_player/letda"
      },
      "geometry": {
        "default": "geometry.letda"
      },
      "animations": {
        "walk": "animation.ffplayer.gerak",
        "setup": "animation.ffplayer",
        "move": "controller.animation.bergerak",
        "look_at_target": "controller.animation.bergerak"
      },
      "scripts": {
        "animate": [
          "setup",
          "move",
          "look_at_target"
        ]
      },
      "render_controllers": [
        "controller.render.freefire"
      ],
      "spawn_egg": {
        "texture": "letda",
        "texture_index": 0
      }
    }
  }
}