{
	"format_version": "1.8.0",
	"animations": {
		"animation.jongkok": {
			"loop": true,
			"animation_length": 2,
			"bones": {
				"root": {
					"rotation": [20, 0, 0],
					"position": [0, -5, 6]
				},
				"head": {
					"rotation": {
						"0.0": [-20, 0, 0],
						"1.0": [-10, 0, 0],
						"1.96": [-20, 0, 0]
					}
				},
				"leftArm": {
					"rotation": {
						"0.0": [-85, 40, 0],
						"1.0": [-75, 40, 0],
						"2.0": [-85, 40, 0]
					}
				},
				"rightArm": {
					"rotation": {
						"0.0": [-90, -25, 0],
						"1.0": [-72.5, -25, 0],
						"2.0": [-90, -25, 0]
					}
				},
				"leftLeg": {
					"rotation": [10, 0, -5],
					"position": [1, 4, -2],
					"scale": [1, 0.8, 1]
				},
				"rightLeg": {
					"rotation": [-30, 0, 0],
					"position": [-1, 4, -2],
					"scale": [1, 0.8, 1]
				},
				"body": {
					"rotation": [0, 0, 0],
					"position": {
						"0.0": [0, 0, 0],
						"1.0": [0, 1, 0],
						"2.0": [0, 0, 0]
					}
				}
			}
		},
		"animation.medkitan": {
			"loop": true,
			"animation_length": 1,
			"bones": {
				"body": {
					"rotation": [10, 0, 0],
					"position": [0, -1, -2]
				},
				"head": {
					"rotation": {
						"0.0": [12.5, 0, 0],
						"0.48": [0, 0, 0],
						"0.96": [12.5, 0, 0]
					}
				},
				"leftArm": {
					"rotation": {
						"0.0": [-75, 40, 0],
						"0.24": [-60, 55, 0],
						"0.48": [-60, 22.5, 0],
						"0.76": [-115, 42.5, -72.5],
						"1.0": [-75, 40, 0]
					}
				},
				"rightArm": {
					"rotation": {
						"0.0": [-15, -37.5, 0],
						"0.24": [-35, -50, -7.5],
						"0.48": [-35, -65, 25],
						"0.76": [-35, -65, 65],
						"0.96": [-15, -37.5, 0]
					}
				},
				"leftLeg": {
					"rotation": [7.5, 0, -5]
				},
				"rightLeg": {
					"rotation": [-10, 0, 2.5]
				}
			}
		},
		"animation.tiarap": {
			"loop": true,
			"bones": {
				"body": {
					"rotation": [90, 0, 0],
					"position": [0, -6, -8]
				},
				"leftLeg": {
					"rotation": [160, 30, 0],
					"position": [0, 6, 4]
				},
				"rightLeg": {
					"rotation": [160, -30, 0],
					"position": [0, 6, 4]
				},
				"leftArm": {
					"rotation": [-150, 0, 0],
					"position": [0, 0, 0]
				},
				"rightArm": {
					"rotation": [-150, 0, 0],
					"position": [0, 0, 0]
				},
				"head": {
					"rotation": [20, 0, 0],
					"position": [0, 0, 0]
				}
			}
		},
		"animation.tiarap.move": {
			"loop": true,
			"animation_length": 2,
			"bones": {
				"leftArm": {
					"rotation": {
						"0.0": [2.5, 0, 10],
						"1.0": [10, 0, 0],
						"2.0": [2.5, 0, 10]
					},
					"scale": {
						"0.0": [1, 0.7, 1],
						"1.0": [1, 1, 1],
						"2.0": [1, 0.7, 1]
					}
				},
				"rightArm": {
					"rotation": {
						"0.0": [7.5, 0, 0],
						"1.0": [2.5, 0, -10],
						"2.0": [7.5, 0, 0]
					},
					"position": {
						"0.0": [0, 0, 0],
						"1.0": [0, 0, 0],
						"2.0": [0, 0, 0]
					},
					"scale": {
						"0.0": [1, 1, 1],
						"1.0": [1, 0.7, 1],
						"2.0": [1, 1, 1]
					}
				},
				"leftLeg": {
					"scale": {
						"0.0": [1, 1, 1],
						"1.0": [1, 0.6, 1],
						"2.0": [1, 1, 1]
					}
				},
				"rightLeg": {
					"scale": {
						"0.0": [1, 0.6, 1],
						"1.0": [1, 1, 1],
						"2.0": [1, 0.6, 1]
					}
				}
			}
		},
		"animation.ffplayer": {
			"loop": true,
			"animation_length": 4,
			"bones": {
				"head": {
					"scale": {
						"0.0": [1, 1, 1],
						"0.32": [1, 0.9, 1],
						"0.64": [1, 1, 1]
					}
				},
				"leftArm": {
					"rotation": {
						"0.0": [0, 0, -5],
						"1.0": [0, 0, 0],
						"2.0": [0, 0, -5],
						"3.0": [0, 0, 2.5],
						"4.0": [0, 0, -5]
					}
				},
				"rightArm": {
					"rotation": {
						"0.0": [0, 0, 5],
						"1.0": [0, 0, 0],
						"2.0": [0, 0, 5],
						"3.0": [0, 0, 0],
						"4.0": [0, 0, 5]
					}
				},
				"leftLeg": {
					"rotation": [0, 0, -5]
				},
				"rightLeg": {
					"rotation": [0, 0, 5]
				}
			}
		},
		"animation.ffplayer.gerak": {
			"loop": true,
			"animation_length": 1.96,
			"bones": {
				"leftArm": {
					"rotation": {
						"0.0": [-50, 30, 0],
						"0.44": [30, -20, -10],
						"0.92": [-50, 30, 0],
						"1.4": [30, -20, -10],
						"1.92": [-50, 30, 0]
					}
				},
				"rightArm": {
					"rotation": {
						"0.0": [35, 20, 10],
						"0.44": [-50, -30, 0],
						"0.92": [40, 10, 7.5],
						"1.4": [-50, -30, 0],
						"1.92": [35, 20, 10]
					}
				},
				"body": {
					"rotation": {
						"0.0": [0, 17.5, 0],
						"0.48": [0, -17.5, 0],
						"0.96": [0, 17.5, 0],
						"1.44": [0, -17.5, 0],
						"1.96": [0, 17.5, 0]
					}
				},
				"leftLeg": {
					"rotation": {
						"0.0": [30, 0, 0],
						"0.48": [-40, 0, 0],
						"0.96": [30, 0, 0],
						"1.44": [-40, 0, 0],
						"1.96": [30, 0, 0]
					}
				},
				"rightLeg": {
					"rotation": {
						"0.0": [-40, 0, 0],
						"0.48": [30, 0, 0],
						"0.96": [-40, 0, 0],
						"1.44": [30, 0, 0],
						"1.96": [-40, 0, 0]
					}
				}
			}
		},
		"animation.the_samurai.walk": {
			"loop": true,
			"animation_length": 0.64,
			"bones": {
				"root": {
					"position": [0, -1, 0]
				},
				"leftArm": {
					"rotation": {
						"0.0": [-25, 0, 0],
						"0.32": [25, 0, 0],
						"0.64": [-25, 0, 0]
					}
				},
				"rightArm": {
					"rotation": {
						"0.0": [25, 0, 0],
						"0.32": [-32.5, 0, 0],
						"0.64": [25, 0, 0]
					}
				},
				"leftLeg": {
					"rotation": {
						"0.0": [35, 0, 0],
						"0.32": [-35, 0, 0],
						"0.64": [35, 0, 0]
					}
				},
				"rightLeg": {
					"rotation": {
						"0.0": [-28.75, 0, 0],
						"0.32": [35, 0, 0],
						"0.64": [-35, 0, 0]
					}
				}
			}
		},
		"animation.glider": {
			"loop": true,
			"bones": {
				"root": {
					"rotation": [15, 0, 0],
					"position": [0, 2, 5]
				},
				"leftArm": {
					"rotation": [-195, 0, 22.5],
					"position": [0, 2, 0]
				},
				"rightArm": {
					"rotation": [-170, 0, -17.5],
					"position": [0, 2, 0]
				},
				"leftLeg": {
					"rotation": [20, 0, -7.5]
				},
				"rightLeg": {
					"rotation": [20, 0, 7.5]
				},
				"rightItem": {
					"position": [0, -6508, 0]
				}
			}
		}
	}
}