{
  "format_version": "1.8.0",
  "animations": {
    "animation.jongkok": {
      "loop": true,
      "animation_length": 2,
      "bones": {
        "root": {
          "rotation": [
            20,
            0,
            0
          ],
          "position": [
            0,
            -5,
            6
          ]
        },
        "head": {
          "rotation": {
            "0.0": [
              -20,
              0,
              0
            ],
            "1.0": [
              -10,
              0,
              0
            ],
            "1.96": [
              -20,
              0,
              0
            ]
          }
        },
        "leftArm": {
          "rotation": {
            "0.0": [
              -85,
              40,
              0
            ],
            "1.0": [
              -75,
              40,
              0
            ],
            "2.0": [
              -85,
              40,
              0
            ]
          }
        },
        "rightArm": {
          "rotation": {
            "0.0": [
              -90,
              -25,
              0
            ],
            "1.0": [
              -72.5,
              -25,
              0
            ],
            "2.0": [
              -90,
              -25,
              0
            ]
          }
        },
        "leftLeg": {
          "rotation": [
            10,
            0,
            -5
          ],
          "position": [
            1,
            4,
            -2
          ],
          "scale": [
            1,
            0.8,
            1
          ]
        },
        "rightLeg": {
          "rotation": [
            -30,
            0,
            0
          ],
          "position": [
            -1,
            4,
            -2
          ],
          "scale": [
            1,
            0.8,
            1
          ]
        },
        "body": {
          "rotation": [
            0,
            0,
            0
          ],
          "position": {
            "0.0": [
              0,
              0,
              0
            ],
            "1.0": [
              0,
              1,
              0
            ],
            "2.0": [
              0,
              0,
              0
            ]
          }
        }
      }
    },
    "animation.tiarap": {
      "loop": true,
      "bones": {
        "body": {
          "rotation": [
            90,
            0,
            0
          ],
          "position": [
            0,
            -6,
            -8
          ]
        },
        "leftLeg": {
          "rotation": [
            160,
            30,
            0
          ],
          "position": [
            0,
            6,
            4
          ]
        },
        "rightLeg": {
          "rotation": [
            160,
            -30,
            0
          ],
          "position": [
            0,
            6,
            4
          ]
        },
        "leftArm": {
          "rotation": [
            -150,
            0,
            0
          ],
          "position": [
            0,
            0,
            0
          ]
        },
        "rightArm": {
          "rotation": [
            -150,
            0,
            0
          ],
          "position": [
            0,
            0,
            0
          ]
        },
        "head": {
          "rotation": [
            20,
            0,
            0
          ],
          "position": [
            0,
            0,
            0
          ]
        }
      }
    },
    "animation.medkitan": {
      "loop": true,
      "animation_length": 1,
      "bones": {
        "body": {
          "rotation": [
            10,
            0,
            0
          ],
          "position": [
            0,
            -1,
            -2
          ]
        },
        "head": {
          "rotation": {
            "0.0": [
              12.5,
              0,
              0
            ],
            "0.48": [
              0,
              0,
              0
            ],
            "0.96": [
              12.5,
              0,
              0
            ]
          }
        },
        "leftArm": {
          "rotation": {
            "0.0": [
              -75,
              40,
              0
            ],
            "0.24": [
              -60,
              55,
              0
            ],
            "0.48": [
              -60,
              22.5,
              0
            ],
            "0.76": [
              -115,
              42.5,
              -72.5
            ],
            "1.0": [
              -75,
              40,
              0
            ]
          }
        },
        "rightArm": {
          "rotation": {
            "0.0": [
              -70,
              -37.5,
              0
            ],
            "0.24": [
              -90,
              -50,
              -7.5
            ],
            "0.48": [
              -90,
              -65,
              25
            ],
            "0.76": [
              -90,
              -65,
              65
            ],
            "0.96": [
              -70,
              -37.5,
              0
            ]
          }
        },
        "leftLeg": {
          "rotation": [
            7.5,
            0,
            -5
          ]
        },
        "rightLeg": {
          "rotation": [
            -10,
            0,
            2.5
          ]
        }
      }
    }
  }
}